ticket_id,category,priority,assignee,created_at,resolved_at,resolution_hours,sla_hours,sla_breached,automatable_candidate
TS-10000,Exchange-Umfeld,Hoch,S. Wagner,2026-05-11T14:25:00,2026-05-12T05:58:23.176957,15.56,12,True,False
TS-10001,Benutzerverwaltung,Niedrig,A. Bauer,2026-02-25T15:08:00,2026-02-25T16:44:45.353499,1.61,6,False,False
TS-10002,Drucker/Scanner,Niedrig,K. Krueger,2026-06-30T16:57:00,2026-06-30T21:30:00.358179,4.55,8,False,True
TS-10003,Benutzerverwaltung,Mittel,M. Fischer,2026-04-01T13:20:00,2026-04-01T16:52:44.312118,3.55,6,False,False
TS-10004,Benutzerverwaltung,Niedrig,K. Krueger,2026-05-14T11:03:00,2026-05-14T14:41:28.536071,3.64,6,False,False
TS-10005,Interne Fernbetreuung,Niedrig,S. Wagner,2026-06-10T07:39:00,2026-06-10T10:05:22.620707,2.44,12,False,False
TS-10006,Drucker/Scanner,Niedrig,M. Fischer,2026-03-25T18:55:00,2026-03-26T03:02:03.066565,8.12,8,True,False
TS-10007,Benutzerverwaltung,Mittel,J. Schulz,2026-01-21T12:56:00,2026-01-21T17:13:24.617984,4.29,6,False,True
TS-10008,Benutzerverwaltung,Niedrig,L. Hoffmann,2026-06-30T08:35:00,2026-06-30T09:53:56.206037,1.32,6,False,False
TS-10009,Drucker/Scanner,Mittel,S. Wagner,2026-06-02T13:20:00,2026-06-02T21:15:22.917756,7.92,8,False,True
TS-10010,Exchange-Umfeld,Mittel,M. Fischer,2026-01-09T16:42:00,2026-01-10T01:36:15.950099,8.9,12,False,False
TS-10011,Exchange-Umfeld,Mittel,K. Krueger,2026-01-21T18:59:00,2026-01-22T05:29:37.869778,10.51,12,False,False
TS-10012,Benutzerverwaltung,Niedrig,K. Krueger,2026-06-30T15:17:00,2026-06-30T17:11:39.635096,1.91,6,False,False
TS-10013,Exchange-Umfeld,Niedrig,K. Krueger,2026-05-29T11:28:00,2026-05-29T20:03:59.677205,8.6,12,False,False
TS-10014,Exchange-Umfeld,Mittel,M. Fischer,2026-04-02T08:20:00,2026-04-02T13:49:37.993415,5.49,12,False,False
TS-10015,Drucker/Scanner,Niedrig,M. Fischer,2026-03-11T08:45:00,2026-03-11T11:14:50.449535,2.5,8,False,True
TS-10016,Exchange-Umfeld,Mittel,L. Hoffmann,2026-01-26T09:54:00,2026-01-26T18:30:25.220990,8.61,12,False,False
TS-10017,Interne Fernbetreuung,Mittel,L. Hoffmann,2026-01-19T07:07:00,2026-01-19T12:15:09.949604,5.14,12,False,False
TS-10018,Exchange-Umfeld,Niedrig,A. Bauer,2026-01-30T07:38:00,2026-01-31T02:43:46.196689,19.1,12,True,False
TS-10019,Benutzerverwaltung,Mittel,L. Hoffmann,2026-01-16T17:01:00,2026-01-16T20:32:04.422629,3.52,6,False,True
TS-10020,Drucker/Scanner,Niedrig,J. Schulz,2026-02-26T08:41:00,2026-02-26T12:00:29.726119,3.32,8,False,True
TS-10021,Drucker/Scanner,Mittel,L. Hoffmann,2026-04-02T18:30:00,2026-04-03T00:31:53.277767,6.03,8,False,True
TS-10022,Interne Fernbetreuung,Niedrig,L. Hoffmann,2026-01-15T17:10:00,2026-01-16T00:42:59.042379,7.55,12,False,False
TS-10023,Exchange-Umfeld,Hoch,L. Hoffmann,2026-05-01T17:26:00,2026-05-01T23:24:36.818897,5.98,12,False,False
TS-10024,Exchange-Umfeld,Mittel,A. Bauer,2026-06-16T12:24:00,2026-06-16T22:59:28.924333,10.59,12,False,False
TS-10025,Benutzerverwaltung,Niedrig,S. Wagner,2026-01-21T12:47:00,2026-01-21T14:48:42.172904,2.03,6,False,True
TS-10026,Interne Fernbetreuung,Hoch,K. Krueger,2026-05-04T12:39:00,2026-05-04T17:58:57.870053,5.33,12,False,False
TS-10027,Exchange-Umfeld,Niedrig,J. Schulz,2026-02-03T18:19:00,2026-02-04T06:59:02.602098,12.67,12,True,False
TS-10028,Exchange-Umfeld,Niedrig,K. Krueger,2026-01-21T07:38:00,2026-01-21T17:54:47.261689,10.28,12,False,False
TS-10029,Benutzerverwaltung,Niedrig,J. Schulz,2026-06-22T16:55:00,2026-06-22T21:10:55.791122,4.27,6,False,False
TS-10030,Benutzerverwaltung,Mittel,J. Schulz,2026-06-19T18:02:00,2026-06-19T21:18:31.664296,3.28,6,False,False
TS-10031,Benutzerverwaltung,Niedrig,S. Wagner,2026-06-04T07:56:00,2026-06-04T11:24:13.160306,3.47,6,False,True
TS-10032,Benutzerverwaltung,Niedrig,K. Krueger,2026-04-17T10:35:00,2026-04-17T15:42:26.758519,5.12,6,False,True
TS-10033,Drucker/Scanner,Niedrig,A. Bauer,2026-06-23T13:20:00,2026-06-23T17:19:22.867289,3.99,8,False,False
TS-10034,Drucker/Scanner,Mittel,S. Wagner,2026-06-22T15:39:00,2026-06-22T20:28:20.269041,4.82,8,False,True
TS-10035,Exchange-Umfeld,Hoch,K. Krueger,2026-01-26T14:54:00,2026-01-27T01:03:36.845890,10.16,12,False,False
TS-10036,Drucker/Scanner,Niedrig,L. Hoffmann,2026-03-12T14:51:00,2026-03-12T19:53:43.036050,5.05,8,False,False
TS-10037,Interne Fernbetreuung,Hoch,A. Bauer,2026-01-30T09:17:00,2026-01-30T09:32:00,0.25,12,False,False
TS-10038,Drucker/Scanner,Mittel,A. Bauer,2026-06-24T11:35:00,2026-06-24T14:49:37.294253,3.24,8,False,False
TS-10039,Exchange-Umfeld,Mittel,J. Schulz,2026-06-05T17:31:00,2026-06-06T06:01:46.070345,12.51,12,True,False
TS-10040,Interne Fernbetreuung,Niedrig,M. Fischer,2026-04-06T15:11:00,2026-04-06T22:13:40.651972,7.04,12,False,False
TS-10041,Drucker/Scanner,Niedrig,M. Fischer,2026-06-08T07:02:00,2026-06-08T13:36:02.887834,6.57,8,False,False
TS-10042,Drucker/Scanner,Hoch,S. Wagner,2026-05-21T09:18:00,2026-05-21T15:43:51.203062,6.43,8,False,True
TS-10043,Benutzerverwaltung,Mittel,S. Wagner,2026-01-19T11:25:00,2026-01-19T16:01:18.829711,4.61,6,False,False
TS-10044,Drucker/Scanner,Niedrig,J. Schulz,2026-05-04T14:21:00,2026-05-04T21:18:18.829917,6.96,8,False,True
TS-10045,Benutzerverwaltung,Mittel,M. Fischer,2026-03-19T12:47:00,2026-03-19T13:02:00,0.25,6,False,False
TS-10046,Interne Fernbetreuung,Mittel,A. Bauer,2026-04-07T17:05:00,2026-04-08T00:14:19.786140,7.16,12,False,False
TS-10047,Benutzerverwaltung,Mittel,J. Schulz,2026-01-26T13:35:00,2026-01-26T16:50:13.030173,3.25,6,False,False
TS-10048,Exchange-Umfeld,Hoch,L. Hoffmann,2026-06-23T10:27:00,2026-06-23T21:53:23.568288,11.44,12,False,False
TS-10049,Interne Fernbetreuung,Niedrig,K. Krueger,2026-04-21T10:22:00,2026-04-21T17:25:41.625784,7.06,12,False,False
TS-10050,Drucker/Scanner,Niedrig,M. Fischer,2026-05-15T14:48:00,2026-05-15T18:21:14.315177,3.55,8,False,False
TS-10051,Exchange-Umfeld,Niedrig,J. Schulz,2026-02-25T16:09:00,2026-02-25T23:20:44.699675,7.2,12,False,False
TS-10052,Benutzerverwaltung,Niedrig,J. Schulz,2026-05-20T09:06:00,2026-05-20T16:22:15.059833,7.27,6,True,False
TS-10053,Benutzerverwaltung,Hoch,S. Wagner,2026-05-14T14:43:00,2026-05-14T17:24:45.551125,2.7,6,False,False
TS-10054,Exchange-Umfeld,Niedrig,S. Wagner,2026-06-12T17:55:00,2026-06-13T04:32:49.086616,10.63,12,False,False
TS-10055,Interne Fernbetreuung,Mittel,S. Wagner,2026-03-23T12:02:00,2026-03-23T21:57:47.271655,9.93,12,False,False
TS-10056,Interne Fernbetreuung,Niedrig,A. Bauer,2026-02-09T13:37:00,2026-02-09T18:19:25.934491,4.71,12,False,False
TS-10057,Benutzerverwaltung,Niedrig,J. Schulz,2026-02-27T09:02:00,2026-02-27T14:17:27.294339,5.26,6,False,True
TS-10058,Drucker/Scanner,Mittel,L. Hoffmann,2026-06-17T14:23:00,2026-06-17T14:38:00,0.25,8,False,True
TS-10059,Exchange-Umfeld,Mittel,M. Fischer,2026-05-13T16:04:00,2026-05-14T00:47:47.098996,8.73,12,False,False
TS-10060,Drucker/Scanner,Hoch,L. Hoffmann,2026-06-03T13:52:00,2026-06-03T21:40:28.388115,7.81,8,False,False
TS-10061,Exchange-Umfeld,Niedrig,M. Fischer,2026-01-06T17:56:00,2026-01-07T01:36:23.617329,7.67,12,False,False
TS-10062,Drucker/Scanner,Hoch,S. Wagner,2026-05-26T11:21:00,2026-05-26T18:58:58.240132,7.63,8,False,False
TS-10063,Benutzerverwaltung,Mittel,M. Fischer,2026-04-09T07:10:00,2026-04-09T11:21:30.099497,4.19,6,False,True
TS-10064,Interne Fernbetreuung,Hoch,L. Hoffmann,2026-03-27T07:02:00,2026-03-27T11:23:28.633355,4.36,12,False,False
TS-10065,Interne Fernbetreuung,Mittel,S. Wagner,2026-06-22T18:09:00,2026-06-23T00:20:36.627983,6.19,12,False,False
TS-10066,Benutzerverwaltung,Niedrig,A. Bauer,2026-04-30T13:29:00,2026-04-30T18:06:08.831034,4.62,6,False,False
TS-10067,Drucker/Scanner,Mittel,S. Wagner,2026-03-24T08:44:00,2026-03-24T13:23:25.965473,4.66,8,False,True
TS-10068,Exchange-Umfeld,Mittel,S. Wagner,2026-05-06T08:56:00,2026-05-06T23:42:31.313199,14.78,12,True,False
TS-10069,Interne Fernbetreuung,Niedrig,M. Fischer,2026-06-24T18:39:00,2026-06-25T02:22:12.132216,7.72,12,False,False
TS-10070,Exchange-Umfeld,Hoch,A. Bauer,2026-04-10T11:58:00,2026-04-10T20:42:01.271255,8.73,12,False,False
TS-10071,Benutzerverwaltung,Niedrig,S. Wagner,2026-02-18T07:50:00,2026-02-18T08:05:00,0.25,6,False,False
TS-10072,Benutzerverwaltung,Niedrig,A. Bauer,2026-06-11T08:02:00,2026-06-11T11:22:58.865847,3.35,6,False,False
TS-10073,Interne Fernbetreuung,Niedrig,K. Krueger,2026-05-27T10:14:00,2026-05-27T15:44:16.944675,5.5,12,False,False
TS-10074,Interne Fernbetreuung,Niedrig,L. Hoffmann,2026-05-15T13:32:00,2026-05-15T19:01:54.938986,5.5,12,False,False
TS-10075,Benutzerverwaltung,Niedrig,J. Schulz,2026-01-22T08:26:00,2026-01-22T12:07:31.559007,3.69,6,False,False
TS-10076,Interne Fernbetreuung,Hoch,S. Wagner,2026-01-08T14:27:00,2026-01-08T20:09:40.841861,5.71,12,False,False
TS-10077,Interne Fernbetreuung,Niedrig,K. Krueger,2026-01-21T12:04:00,2026-01-21T17:22:58.707812,5.32,12,False,False
TS-10078,Drucker/Scanner,Niedrig,L. Hoffmann,2026-03-31T09:00:00,2026-03-31T13:41:58.638416,4.7,8,False,False
TS-10079,Drucker/Scanner,Hoch,A. Bauer,2026-06-18T17:46:00,2026-06-18T20:29:56.970855,2.73,8,False,False
TS-10080,Drucker/Scanner,Niedrig,A. Bauer,2026-06-26T07:59:00,2026-06-26T08:51:07.103850,0.87,8,False,False
TS-10081,Interne Fernbetreuung,Niedrig,J. Schulz,2026-02-03T07:13:00,2026-02-03T09:34:49.574413,2.36,12,False,False
TS-10082,Exchange-Umfeld,Niedrig,L. Hoffmann,2026-03-17T15:40:00,2026-03-17T22:10:20.203134,6.51,12,False,False
TS-10083,Benutzerverwaltung,Niedrig,M. Fischer,2026-02-10T13:57:00,2026-02-10T18:43:50.112249,4.78,6,False,False
TS-10084,Drucker/Scanner,Mittel,M. Fischer,2026-03-04T10:48:00,2026-03-04T15:34:42.632418,4.78,8,False,False
TS-10085,Benutzerverwaltung,Niedrig,L. Hoffmann,2026-06-29T08:08:00,2026-06-29T12:27:30.320998,4.33,6,False,False
TS-10086,Exchange-Umfeld,Niedrig,S. Wagner,2026-06-01T13:19:00,2026-06-01T21:13:13.474158,7.9,12,False,False
TS-10087,Interne Fernbetreuung,Niedrig,K. Krueger,2026-01-15T13:26:00,2026-01-15T18:28:37.860795,5.04,12,False,False
TS-10088,Exchange-Umfeld,Hoch,A. Bauer,2026-04-23T10:23:00,2026-04-23T18:10:12.769616,7.79,12,False,False
TS-10089,Drucker/Scanner,Mittel,J. Schulz,2026-06-05T18:09:00,2026-06-06T00:19:24.945554,6.17,8,False,False
TS-10090,Drucker/Scanner,Mittel,S. Wagner,2026-04-21T09:15:00,2026-04-21T15:00:57.045616,5.77,8,False,False
TS-10091,Interne Fernbetreuung,Niedrig,K. Krueger,2026-05-04T10:18:00,2026-05-04T15:36:41.790186,5.31,12,False,False
TS-10092,Benutzerverwaltung,Mittel,L. Hoffmann,2026-04-29T07:13:00,2026-04-29T09:26:44.486809,2.23,6,False,False
TS-10093,Benutzerverwaltung,Niedrig,M. Fischer,2026-05-01T08:43:00,2026-05-01T14:09:52.647102,5.45,6,False,False
TS-10094,Benutzerverwaltung,Niedrig,J. Schulz,2026-06-11T07:07:00,2026-06-11T09:50:10.356372,2.72,6,False,False
TS-10095,Benutzerverwaltung,Niedrig,S. Wagner,2026-04-24T08:47:00,2026-04-24T13:59:40.611783,5.21,6,False,False
TS-10096,Interne Fernbetreuung,Niedrig,S. Wagner,2026-02-20T16:05:00,2026-02-21T03:16:12.899162,11.19,12,False,False
TS-10097,Drucker/Scanner,Niedrig,S. Wagner,2026-03-05T09:04:00,2026-03-05T13:50:59.650729,4.78,8,False,True
TS-10098,Drucker/Scanner,Mittel,J. Schulz,2026-05-14T17:13:00,2026-05-14T19:11:57.607619,1.98,8,False,False
TS-10099,Exchange-Umfeld,Niedrig,K. Krueger,2026-03-13T11:28:00,2026-03-13T19:39:38.903436,8.19,12,False,False
TS-10100,Drucker/Scanner,Niedrig,K. Krueger,2026-04-08T13:37:00,2026-04-08T15:06:25.349059,1.49,8,False,False
TS-10101,Benutzerverwaltung,Niedrig,K. Krueger,2026-05-06T18:32:00,2026-05-06T21:55:03.588475,3.38,6,False,False
TS-10102,Benutzerverwaltung,Niedrig,J. Schulz,2026-02-06T18:31:00,2026-02-06T23:29:39.439500,4.98,6,False,True
TS-10103,Exchange-Umfeld,Hoch,K. Krueger,2026-05-15T08:43:00,2026-05-15T19:31:07.536097,10.8,12,False,False
TS-10104,Exchange-Umfeld,Niedrig,K. Krueger,2026-01-02T12:02:00,2026-01-02T21:17:29.127153,9.26,12,False,False
TS-10105,Interne Fernbetreuung,Niedrig,J. Schulz,2026-02-06T16:18:00,2026-02-06T22:28:23.374712,6.17,12,False,False
TS-10106,Benutzerverwaltung,Mittel,M. Fischer,2026-03-26T13:10:00,2026-03-26T15:06:50.802159,1.95,6,False,False
TS-10107,Interne Fernbetreuung,Niedrig,M. Fischer,2026-05-15T12:08:00,2026-05-15T21:55:23.477345,9.79,12,False,False
TS-10108,Benutzerverwaltung,Mittel,J. Schulz,2026-04-10T13:51:00,2026-04-10T14:25:35.388674,0.58,6,False,False
TS-10109,Benutzerverwaltung,Niedrig,A. Bauer,2026-01-13T13:02:00,2026-01-13T16:09:21.195937,3.12,6,False,False
TS-10110,Benutzerverwaltung,Mittel,L. Hoffmann,2026-06-23T09:14:00,2026-06-23T10:38:53.934677,1.41,6,False,False
TS-10111,Interne Fernbetreuung,Niedrig,K. Krueger,2026-04-01T13:29:00,2026-04-01T16:50:04.488753,3.35,12,False,False
TS-10112,Benutzerverwaltung,Niedrig,S. Wagner,2026-06-16T15:59:00,2026-06-16T18:49:39.753203,2.84,6,False,False
TS-10113,Drucker/Scanner,Niedrig,S. Wagner,2026-03-10T07:02:00,2026-03-10T08:55:15.231642,1.89,8,False,True
TS-10114,Interne Fernbetreuung,Mittel,L. Hoffmann,2026-02-05T08:50:00,2026-02-05T12:55:19.792335,4.09,12,False,False
TS-10115,Exchange-Umfeld,Mittel,L. Hoffmann,2026-04-27T10:21:00,2026-04-27T20:35:36.638131,10.24,12,False,False
TS-10116,Exchange-Umfeld,Niedrig,A. Bauer,2026-03-23T12:34:00,2026-03-23T18:09:19.847560,5.59,12,False,False
TS-10117,Drucker/Scanner,Mittel,M. Fischer,2026-01-21T10:55:00,2026-01-21T15:24:12.757324,4.49,8,False,False
TS-10118,Drucker/Scanner,Niedrig,K. Krueger,2026-03-19T11:33:00,2026-03-19T16:31:38.418539,4.98,8,False,True
TS-10119,Drucker/Scanner,Niedrig,K. Krueger,2026-05-22T08:00:00,2026-05-22T10:49:06.657851,2.82,8,False,False
TS-10120,Exchange-Umfeld,Niedrig,M. Fischer,2026-04-16T14:29:00,2026-04-16T21:54:33.754174,7.43,12,False,False
TS-10121,Benutzerverwaltung,Niedrig,J. Schulz,2026-02-24T14:39:00,2026-02-24T17:52:59.607723,3.23,6,False,False
TS-10122,Exchange-Umfeld,Niedrig,S. Wagner,2026-02-16T10:31:00,2026-02-16T20:57:01.222329,10.43,12,False,False
TS-10123,Drucker/Scanner,Hoch,L. Hoffmann,2026-04-22T08:35:00,2026-04-22T16:20:51.396920,7.76,8,False,False
TS-10124,Drucker/Scanner,Niedrig,M. Fischer,2026-03-17T14:32:00,2026-03-17T16:34:16.798039,2.04,8,False,True
TS-10125,Interne Fernbetreuung,Niedrig,M. Fischer,2026-01-26T09:46:00,2026-01-26T13:29:36.967749,3.73,12,False,False
TS-10126,Drucker/Scanner,Niedrig,J. Schulz,2026-06-18T07:47:00,2026-06-18T09:43:15.313639,1.94,8,False,False
TS-10127,Drucker/Scanner,Mittel,K. Krueger,2026-05-25T12:14:00,2026-05-25T15:45:54.695187,3.53,8,False,False
TS-10128,Drucker/Scanner,Niedrig,J. Schulz,2026-03-03T08:33:00,2026-03-03T11:55:13.037983,3.37,8,False,True
TS-10129,Drucker/Scanner,Niedrig,K. Krueger,2026-05-22T15:20:00,2026-05-22T20:59:57.238235,5.67,8,False,True
TS-10130,Drucker/Scanner,Niedrig,J. Schulz,2026-02-09T09:32:00,2026-02-09T14:36:40.730954,5.08,8,False,False
TS-10131,Interne Fernbetreuung,Niedrig,M. Fischer,2026-02-24T10:46:00,2026-02-24T16:40:38.862362,5.91,12,False,False
TS-10132,Interne Fernbetreuung,Hoch,L. Hoffmann,2026-04-01T16:37:00,2026-04-02T00:59:16.712877,8.37,12,False,False
TS-10133,Exchange-Umfeld,Niedrig,S. Wagner,2026-05-15T16:22:00,2026-05-16T04:50:35.397023,12.48,12,True,False
TS-10134,Drucker/Scanner,Mittel,K. Krueger,2026-02-26T15:41:00,2026-02-26T21:49:10.265069,6.14,8,False,False
TS-10135,Drucker/Scanner,Mittel,K. Krueger,2026-01-21T11:08:00,2026-01-21T18:38:44.985310,7.51,8,False,True
TS-10136,Drucker/Scanner,Mittel,M. Fischer,2026-03-16T13:03:00,2026-03-16T17:29:48.937287,4.45,8,False,True
TS-10137,Benutzerverwaltung,Niedrig,K. Krueger,2026-06-18T17:14:00,2026-06-18T21:29:41.128084,4.26,6,False,True
TS-10138,Drucker/Scanner,Niedrig,K. Krueger,2026-05-27T15:03:00,2026-05-27T18:55:22.781436,3.87,8,False,True
TS-10139,Drucker/Scanner,Niedrig,A. Bauer,2026-02-27T17:20:00,2026-02-27T20:11:42.516721,2.86,8,False,True
TS-10140,Interne Fernbetreuung,Niedrig,S. Wagner,2026-02-04T10:28:00,2026-02-04T13:52:22.575300,3.41,12,False,False
TS-10141,Interne Fernbetreuung,Niedrig,S. Wagner,2026-04-15T13:00:00,2026-04-15T20:07:05.824013,7.12,12,False,False
TS-10142,Benutzerverwaltung,Niedrig,J. Schulz,2026-06-25T18:29:00,2026-06-25T21:35:37.403798,3.11,6,False,True
TS-10143,Benutzerverwaltung,Mittel,K. Krueger,2026-06-09T17:32:00,2026-06-09T18:36:06.455227,1.07,6,False,True
TS-10144,Benutzerverwaltung,Mittel,L. Hoffmann,2026-03-05T07:51:00,2026-03-05T12:48:56.964367,4.97,6,False,True
TS-10145,Drucker/Scanner,Mittel,K. Krueger,2026-06-03T08:39:00,2026-06-03T10:39:05.923633,2.0,8,False,True
TS-10146,Interne Fernbetreuung,Mittel,A. Bauer,2026-03-06T12:51:00,2026-03-06T18:37:50.263441,5.78,12,False,False
TS-10147,Benutzerverwaltung,Niedrig,M. Fischer,2026-04-02T11:42:00,2026-04-02T13:14:45.835680,1.55,6,False,False
TS-10148,Drucker/Scanner,Niedrig,L. Hoffmann,2026-04-14T12:17:00,2026-04-14T17:51:51.654428,5.58,8,False,False
TS-10149,Benutzerverwaltung,Mittel,K. Krueger,2026-01-09T15:36:00,2026-01-09T15:51:00,0.25,6,False,True
TS-10150,Benutzerverwaltung,Hoch,S. Wagner,2026-04-14T12:31:00,2026-04-14T16:39:11.721267,4.14,6,False,False
TS-10151,Benutzerverwaltung,Niedrig,L. Hoffmann,2026-03-16T17:48:00,2026-03-16T21:10:42.314016,3.38,6,False,False
TS-10152,Benutzerverwaltung,Hoch,M. Fischer,2026-03-06T10:07:00,2026-03-06T11:53:21.893805,1.77,6,False,False
TS-10153,Interne Fernbetreuung,Hoch,M. Fischer,2026-06-24T12:10:00,2026-06-24T17:05:07.598059,4.92,12,False,False
TS-10154,Benutzerverwaltung,Mittel,S. Wagner,2026-01-14T16:09:00,2026-01-14T20:30:41.593173,4.36,6,False,False
TS-10155,Benutzerverwaltung,Mittel,L. Hoffmann,2026-04-21T09:00:00,2026-04-21T11:34:45.554432,2.58,6,False,True
TS-10156,Drucker/Scanner,Hoch,S. Wagner,2026-06-19T11:47:00,2026-06-19T15:12:07.178269,3.42,8,False,False
TS-10157,Drucker/Scanner,Mittel,L. Hoffmann,2026-02-13T08:42:00,2026-02-13T12:12:19.083720,3.51,8,False,True
TS-10158,Benutzerverwaltung,Niedrig,J. Schulz,2026-05-20T16:24:00,2026-05-20T19:26:06.765734,3.04,6,False,False
TS-10159,Exchange-Umfeld,Mittel,S. Wagner,2026-03-13T11:34:00,2026-03-13T17:25:26.294944,5.86,12,False,False
TS-10160,Exchange-Umfeld,Niedrig,L. Hoffmann,2026-02-18T18:50:00,2026-02-19T01:49:21.189212,6.99,12,False,False
TS-10161,Drucker/Scanner,Mittel,J. Schulz,2026-06-19T18:59:00,2026-06-19T23:26:36.275367,4.46,8,False,True
TS-10162,Exchange-Umfeld,Hoch,S. Wagner,2026-04-16T17:39:00,2026-04-17T04:40:38.543999,11.03,12,False,False
TS-10163,Benutzerverwaltung,Mittel,K. Krueger,2026-02-10T17:12:00,2026-02-10T17:46:53.918812,0.58,6,False,False
TS-10164,Drucker/Scanner,Mittel,J. Schulz,2026-03-05T16:57:00,2026-03-05T21:00:49.188977,4.06,8,False,True
TS-10165,Benutzerverwaltung,Hoch,M. Fischer,2026-05-11T18:06:00,2026-05-11T22:03:31.223690,3.96,6,False,False
TS-10166,Drucker/Scanner,Hoch,S. Wagner,2026-04-20T17:25:00,2026-04-20T22:50:14.393360,5.42,8,False,False
TS-10167,Drucker/Scanner,Mittel,M. Fischer,2026-01-08T14:00:00,2026-01-08T17:26:29.582203,3.44,8,False,False
TS-10168,Benutzerverwaltung,Niedrig,J. Schulz,2026-06-12T17:43:00,2026-06-12T18:20:42.418183,0.63,6,False,True
TS-10169,Benutzerverwaltung,Niedrig,A. Bauer,2026-05-25T18:17:00,2026-05-25T23:15:49.850722,4.98,6,False,True
TS-10170,Exchange-Umfeld,Niedrig,M. Fischer,2026-02-04T07:05:00,2026-02-04T12:42:00.097779,5.62,12,False,False
TS-10171,Interne Fernbetreuung,Niedrig,A. Bauer,2026-05-19T14:02:00,2026-05-19T18:55:04.157514,4.88,12,False,False
TS-10172,Drucker/Scanner,Niedrig,S. Wagner,2026-02-02T17:17:00,2026-02-02T20:21:42.768626,3.08,8,False,False
TS-10173,Drucker/Scanner,Mittel,K. Krueger,2026-02-04T14:45:00,2026-02-04T19:21:51.478335,4.61,8,False,True
TS-10174,Exchange-Umfeld,Hoch,S. Wagner,2026-01-12T15:44:00,2026-01-13T00:31:32.271056,8.79,12,False,False
TS-10175,Exchange-Umfeld,Niedrig,S. Wagner,2026-01-22T08:35:00,2026-01-22T11:56:13.946240,3.35,12,False,False
TS-10176,Drucker/Scanner,Hoch,M. Fischer,2026-03-25T18:45:00,2026-03-25T22:42:43.962392,3.96,8,False,False
TS-10177,Benutzerverwaltung,Mittel,K. Krueger,2026-02-09T07:40:00,2026-02-09T11:49:42.177034,4.16,6,False,False
TS-10178,Exchange-Umfeld,Mittel,L. Hoffmann,2026-01-19T10:41:00,2026-01-19T21:05:02.938957,10.4,12,False,False
TS-10179,Drucker/Scanner,Niedrig,L. Hoffmann,2026-03-27T17:08:00,2026-03-27T18:28:34.136212,1.34,8,False,True
TS-10180,Drucker/Scanner,Niedrig,S. Wagner,2026-05-13T12:00:00,2026-05-13T16:18:52.967499,4.31,8,False,False
TS-10181,Benutzerverwaltung,Hoch,K. Krueger,2026-04-07T15:23:00,2026-04-07T17:49:05.310038,2.43,6,False,True
TS-10182,Drucker/Scanner,Mittel,A. Bauer,2026-01-06T09:46:00,2026-01-06T15:03:00.387267,5.28,8,False,False
TS-10183,Drucker/Scanner,Mittel,K. Krueger,2026-04-10T07:38:00,2026-04-10T12:55:06.191111,5.29,8,False,True
TS-10184,Exchange-Umfeld,Mittel,S. Wagner,2026-01-20T13:03:00,2026-01-20T16:58:40.705241,3.93,12,False,False
TS-10185,Interne Fernbetreuung,Niedrig,J. Schulz,2026-05-25T14:26:00,2026-05-25T21:55:11.810211,7.49,12,False,False
TS-10186,Exchange-Umfeld,Niedrig,M. Fischer,2026-02-18T13:04:00,2026-02-18T20:46:55.828848,7.72,12,False,False
TS-10187,Benutzerverwaltung,Niedrig,J. Schulz,2026-06-26T17:57:00,2026-06-26T21:33:01.420939,3.6,6,False,False
TS-10188,Interne Fernbetreuung,Niedrig,S. Wagner,2026-05-07T14:05:00,2026-05-07T22:24:54.877972,8.33,12,False,False
TS-10189,Drucker/Scanner,Mittel,S. Wagner,2026-05-13T08:53:00,2026-05-13T10:57:17.033471,2.07,8,False,True
TS-10190,Drucker/Scanner,Hoch,A. Bauer,2026-01-09T09:58:00,2026-01-09T10:22:17.053512,0.4,8,False,True
TS-10191,Drucker/Scanner,Niedrig,M. Fischer,2026-05-21T18:09:00,2026-05-21T21:46:25.356468,3.62,8,False,False
TS-10192,Drucker/Scanner,Mittel,A. Bauer,2026-06-09T12:01:00,2026-06-09T12:16:00,0.25,8,False,True
TS-10193,Interne Fernbetreuung,Niedrig,M. Fischer,2026-03-26T09:15:00,2026-03-26T15:55:20.551064,6.67,12,False,False
TS-10194,Exchange-Umfeld,Mittel,M. Fischer,2026-04-29T12:56:00,2026-04-29T18:18:29.538547,5.37,12,False,False
TS-10195,Exchange-Umfeld,Mittel,M. Fischer,2026-01-02T17:24:00,2026-01-03T00:49:15.452630,7.42,12,False,False
TS-10196,Exchange-Umfeld,Niedrig,A. Bauer,2026-01-05T07:52:00,2026-01-05T16:42:49.012137,8.85,12,False,False
TS-10197,Benutzerverwaltung,Niedrig,A. Bauer,2026-02-09T17:50:00,2026-02-09T20:56:56.298974,3.12,6,False,False
TS-10198,Benutzerverwaltung,Mittel,L. Hoffmann,2026-06-25T12:45:00,2026-06-25T15:45:37.718602,3.01,6,False,False
TS-10199,Drucker/Scanner,Hoch,J. Schulz,2026-05-25T17:22:00,2026-05-25T22:27:20.919100,5.09,8,False,False
TS-10200,Drucker/Scanner,Niedrig,L. Hoffmann,2026-04-08T10:58:00,2026-04-08T12:41:35.804062,1.73,8,False,True
TS-10201,Drucker/Scanner,Mittel,L. Hoffmann,2026-03-12T15:23:00,2026-03-12T21:09:01.695962,5.77,8,False,False
TS-10202,Benutzerverwaltung,Niedrig,K. Krueger,2026-03-02T11:02:00,2026-03-02T11:43:19.301806,0.69,6,False,True
TS-10203,Exchange-Umfeld,Niedrig,J. Schulz,2026-01-13T09:45:00,2026-01-13T13:35:15.929902,3.84,12,False,False
TS-10204,Interne Fernbetreuung,Niedrig,J. Schulz,2026-04-21T08:45:00,2026-04-21T11:30:39.858030,2.76,12,False,False
TS-10205,Benutzerverwaltung,Mittel,S. Wagner,2026-06-01T11:48:00,2026-06-01T15:12:30.137161,3.41,6,False,True
TS-10206,Interne Fernbetreuung,Niedrig,K. Krueger,2026-06-11T15:48:00,2026-06-12T03:35:39.567686,11.79,12,False,False
TS-10207,Benutzerverwaltung,Niedrig,L. Hoffmann,2026-03-17T13:40:00,2026-03-17T17:41:14.111334,4.02,6,False,False
TS-10208,Interne Fernbetreuung,Niedrig,S. Wagner,2026-03-10T13:46:00,2026-03-10T20:11:05.966403,6.42,12,False,False
TS-10209,Drucker/Scanner,Niedrig,K. Krueger,2026-04-21T16:25:00,2026-04-21T21:27:12.022125,5.04,8,False,False
TS-10210,Interne Fernbetreuung,Niedrig,A. Bauer,2026-05-20T18:35:00,2026-05-21T01:41:57.797669,7.12,12,False,False
TS-10211,Benutzerverwaltung,Hoch,K. Krueger,2026-05-07T12:57:00,2026-05-07T16:36:36.223740,3.66,6,False,True
TS-10212,Exchange-Umfeld,Niedrig,S. Wagner,2026-06-25T08:51:00,2026-06-26T01:29:29.983459,16.64,12,True,False
TS-10213,Exchange-Umfeld,Mittel,M. Fischer,2026-06-10T15:21:00,2026-06-10T22:31:48.517843,7.18,12,False,False
TS-10214,Exchange-Umfeld,Niedrig,J. Schulz,2026-03-20T10:56:00,2026-03-20T23:17:22.162240,12.36,12,True,False
TS-10215,Benutzerverwaltung,Niedrig,M. Fischer,2026-04-15T13:52:00,2026-04-15T16:07:13.715676,2.25,6,False,True
TS-10216,Benutzerverwaltung,Mittel,K. Krueger,2026-06-12T18:59:00,2026-06-12T22:30:27.375588,3.52,6,False,True
TS-10217,Interne Fernbetreuung,Mittel,L. Hoffmann,2026-05-12T08:17:00,2026-05-12T13:19:01.114191,5.03,12,False,False
TS-10218,Drucker/Scanner,Mittel,S. Wagner,2026-01-22T07:00:00,2026-01-22T12:25:10.492785,5.42,8,False,True
TS-10219,Benutzerverwaltung,Mittel,M. Fischer,2026-03-06T17:31:00,2026-03-06T21:27:36.223465,3.94,6,False,False
TS-10220,Benutzerverwaltung,Mittel,M. Fischer,2026-01-20T15:58:00,2026-01-20T19:13:30.616258,3.26,6,False,False
TS-10221,Benutzerverwaltung,Niedrig,K. Krueger,2026-06-05T17:13:00,2026-06-05T19:59:29.288268,2.77,6,False,False
TS-10222,Drucker/Scanner,Hoch,A. Bauer,2026-02-04T13:10:00,2026-02-04T19:06:14.915988,5.94,8,False,False
TS-10223,Benutzerverwaltung,Mittel,S. Wagner,2026-04-27T07:30:00,2026-04-27T09:13:18.581324,1.72,6,False,False
TS-10224,Benutzerverwaltung,Niedrig,S. Wagner,2026-06-15T13:30:00,2026-06-15T16:23:45.300149,2.9,6,False,False
TS-10225,Exchange-Umfeld,Hoch,J. Schulz,2026-02-06T14:04:00,2026-02-07T01:56:37.185040,11.88,12,False,False
TS-10226,Benutzerverwaltung,Niedrig,M. Fischer,2026-04-15T15:05:00,2026-04-15T17:58:40.056056,2.89,6,False,True
TS-10227,Drucker/Scanner,Mittel,L. Hoffmann,2026-06-18T07:52:00,2026-06-18T13:18:16.329679,5.44,8,False,False
TS-10228,Drucker/Scanner,Mittel,J. Schulz,2026-04-14T15:44:00,2026-04-14T19:48:40.450485,4.08,8,False,False
TS-10229,Exchange-Umfeld,Niedrig,S. Wagner,2026-06-25T07:15:00,2026-06-25T11:36:30.249850,4.36,12,False,False
TS-10230,Drucker/Scanner,Niedrig,J. Schulz,2026-05-07T12:32:00,2026-05-07T17:19:06.646498,4.79,8,False,True
TS-10231,Benutzerverwaltung,Niedrig,M. Fischer,2026-04-08T09:14:00,2026-04-08T11:56:25.139480,2.71,6,False,False
TS-10232,Benutzerverwaltung,Niedrig,S. Wagner,2026-04-02T11:24:00,2026-04-02T12:14:51.683549,0.85,6,False,False
TS-10233,Benutzerverwaltung,Mittel,S. Wagner,2026-06-17T18:23:00,2026-06-17T19:32:49.341179,1.16,6,False,False
TS-10234,Benutzerverwaltung,Niedrig,J. Schulz,2026-04-13T18:18:00,2026-04-13T22:26:46.187091,4.15,6,False,True
TS-10235,Exchange-Umfeld,Niedrig,K. Krueger,2026-02-17T12:31:00,2026-02-17T18:06:56.248192,5.6,12,False,False
TS-10236,Benutzerverwaltung,Hoch,L. Hoffmann,2026-04-10T14:32:00,2026-04-10T14:47:00,0.25,6,False,True
TS-10237,Benutzerverwaltung,Mittel,A. Bauer,2026-05-05T10:20:00,2026-05-05T14:10:09.720311,3.84,6,False,True
TS-10238,Drucker/Scanner,Niedrig,K. Krueger,2026-04-21T07:36:00,2026-04-21T11:52:24.398226,4.27,8,False,True
TS-10239,Drucker/Scanner,Niedrig,L. Hoffmann,2026-01-08T10:02:00,2026-01-08T12:00:31.434671,1.98,8,False,True
TS-10240,Drucker/Scanner,Niedrig,A. Bauer,2026-06-04T16:59:00,2026-06-04T21:41:12.269317,4.7,8,False,False
TS-10241,Interne Fernbetreuung,Niedrig,M. Fischer,2026-04-17T08:34:00,2026-04-17T13:55:11.825390,5.35,12,False,False
TS-10242,Drucker/Scanner,Niedrig,A. Bauer,2026-04-17T13:30:00,2026-04-17T18:15:17.626485,4.75,8,False,False
TS-10243,Drucker/Scanner,Mittel,K. Krueger,2026-03-30T18:23:00,2026-03-30T20:22:51.818796,2.0,8,False,False
TS-10244,Drucker/Scanner,Niedrig,K. Krueger,2026-05-13T08:16:00,2026-05-13T15:14:55.923858,6.98,8,False,True
TS-10245,Interne Fernbetreuung,Mittel,K. Krueger,2026-02-04T13:13:00,2026-02-04T17:36:43.844403,4.4,12,False,False
TS-10246,Drucker/Scanner,Niedrig,L. Hoffmann,2026-05-11T15:07:00,2026-05-11T16:15:19.889668,1.14,8,False,False
TS-10247,Benutzerverwaltung,Niedrig,S. Wagner,2026-04-27T15:21:00,2026-04-27T17:30:23.960675,2.16,6,False,True
TS-10248,Benutzerverwaltung,Hoch,A. Bauer,2026-03-27T10:29:00,2026-03-27T13:29:59.409390,3.02,6,False,False
TS-10249,Exchange-Umfeld,Mittel,M. Fischer,2026-05-22T13:48:00,2026-05-23T03:22:40.637098,13.58,12,True,False
TS-10250,Benutzerverwaltung,Niedrig,J. Schulz,2026-03-06T14:30:00,2026-03-06T18:31:23.802762,4.02,6,False,False
TS-10251,Exchange-Umfeld,Niedrig,L. Hoffmann,2026-05-14T17:05:00,2026-05-15T05:25:26.442867,12.34,12,True,False
TS-10252,Interne Fernbetreuung,Mittel,J. Schulz,2026-01-16T09:21:00,2026-01-16T21:15:00.569967,11.9,12,False,False
TS-10253,Benutzerverwaltung,Niedrig,J. Schulz,2026-02-18T13:31:00,2026-02-18T17:12:32.235068,3.69,6,False,True
TS-10254,Exchange-Umfeld,Hoch,K. Krueger,2026-06-24T15:12:00,2026-06-24T23:47:05.927026,8.58,12,False,False
TS-10255,Exchange-Umfeld,Mittel,J. Schulz,2026-04-22T09:40:00,2026-04-22T16:09:21.597081,6.49,12,False,False
TS-10256,Exchange-Umfeld,Hoch,S. Wagner,2026-05-27T10:38:00,2026-05-27T16:50:56.407122,6.22,12,False,False
TS-10257,Benutzerverwaltung,Niedrig,M. Fischer,2026-02-20T07:02:00,2026-02-20T10:26:10.677006,3.4,6,False,False
TS-10258,Interne Fernbetreuung,Mittel,K. Krueger,2026-02-27T17:43:00,2026-02-28T05:44:53.789515,12.03,12,True,False
TS-10259,Interne Fernbetreuung,Mittel,M. Fischer,2026-06-24T12:31:00,2026-06-24T23:26:46.922041,10.93,12,False,False
TS-10260,Benutzerverwaltung,Niedrig,J. Schulz,2026-04-02T18:28:00,2026-04-02T18:43:00,0.25,6,False,True
TS-10261,Drucker/Scanner,Niedrig,J. Schulz,2026-01-30T09:59:00,2026-01-30T17:49:45.254259,7.85,8,False,False
TS-10262,Drucker/Scanner,Niedrig,L. Hoffmann,2026-06-30T07:01:00,2026-06-30T10:18:18.247989,3.29,8,False,False
TS-10263,Benutzerverwaltung,Hoch,K. Krueger,2026-02-23T17:00:00,2026-02-23T20:21:25.735182,3.36,6,False,True
TS-10264,Interne Fernbetreuung,Mittel,K. Krueger,2026-05-06T11:24:00,2026-05-06T16:19:58.601489,4.93,12,False,False
TS-10265,Benutzerverwaltung,Mittel,M. Fischer,2026-04-03T11:05:00,2026-04-03T13:55:56.158476,2.85,6,False,False
TS-10266,Exchange-Umfeld,Niedrig,M. Fischer,2026-05-12T12:09:00,2026-05-12T19:15:42.365451,7.11,12,False,False
TS-10267,Benutzerverwaltung,Niedrig,M. Fischer,2026-06-01T11:59:00,2026-06-01T15:08:17.163892,3.15,6,False,True
TS-10268,Benutzerverwaltung,Mittel,A. Bauer,2026-05-05T08:33:00,2026-05-05T10:14:42.005836,1.7,6,False,True
TS-10269,Interne Fernbetreuung,Niedrig,K. Krueger,2026-02-04T09:56:00,2026-02-04T16:16:20.554646,6.34,12,False,False
TS-10270,Benutzerverwaltung,Niedrig,L. Hoffmann,2026-01-09T17:17:00,2026-01-09T20:13:02.260641,2.93,6,False,False
TS-10271,Drucker/Scanner,Niedrig,L. Hoffmann,2026-05-19T15:03:00,2026-05-19T20:02:11.928083,4.99,8,False,True
TS-10272,Exchange-Umfeld,Hoch,A. Bauer,2026-01-06T17:55:00,2026-01-07T02:48:33.195860,8.89,12,False,False
TS-10273,Interne Fernbetreuung,Mittel,L. Hoffmann,2026-04-17T08:16:00,2026-04-17T15:53:50.956487,7.63,12,False,False
TS-10274,Drucker/Scanner,Niedrig,L. Hoffmann,2026-02-02T14:02:00,2026-02-02T14:34:16.185417,0.54,8,False,False
TS-10275,Drucker/Scanner,Niedrig,K. Krueger,2026-06-19T10:25:00,2026-06-19T13:58:27.480966,3.56,8,False,False
TS-10276,Benutzerverwaltung,Hoch,M. Fischer,2026-03-10T18:57:00,2026-03-10T19:12:00,0.25,6,False,False
TS-10277,Drucker/Scanner,Mittel,A. Bauer,2026-02-02T11:35:00,2026-02-02T22:35:03.466034,11.0,8,True,True
TS-10278,Exchange-Umfeld,Mittel,S. Wagner,2026-03-20T18:50:00,2026-03-21T04:51:02.557304,10.02,12,False,False
TS-10279,Exchange-Umfeld,Hoch,L. Hoffmann,2026-02-12T18:17:00,2026-02-13T02:57:13.478627,8.67,12,False,False
TS-10280,Benutzerverwaltung,Niedrig,J. Schulz,2026-01-23T13:32:00,2026-01-23T15:01:31.051998,1.49,6,False,False
TS-10281,Drucker/Scanner,Mittel,S. Wagner,2026-03-03T17:27:00,2026-03-03T21:02:29.305238,3.59,8,False,True
TS-10282,Exchange-Umfeld,Hoch,K. Krueger,2026-03-10T08:55:00,2026-03-10T21:20:36.984460,12.43,12,True,False
TS-10283,Exchange-Umfeld,Mittel,K. Krueger,2026-01-13T18:15:00,2026-01-14T02:43:32.681303,8.48,12,False,False
TS-10284,Benutzerverwaltung,Niedrig,S. Wagner,2026-06-02T07:50:00,2026-06-02T09:54:05.667982,2.07,6,False,False
TS-10285,Benutzerverwaltung,Niedrig,K. Krueger,2026-04-06T09:33:00,2026-04-06T13:20:04.503025,3.78,6,False,False
TS-10286,Benutzerverwaltung,Niedrig,J. Schulz,2026-03-03T08:19:00,2026-03-03T12:05:34.226535,3.78,6,False,True
TS-10287,Interne Fernbetreuung,Mittel,J. Schulz,2026-05-15T13:07:00,2026-05-15T20:13:16.166362,7.1,12,False,False
TS-10288,Drucker/Scanner,Niedrig,L. Hoffmann,2026-04-14T13:30:00,2026-04-14T16:00:54.327959,2.52,8,False,True
TS-10289,Drucker/Scanner,Niedrig,L. Hoffmann,2026-02-26T11:50:00,2026-02-26T12:05:00,0.25,8,False,False
TS-10290,Benutzerverwaltung,Hoch,M. Fischer,2026-02-16T10:55:00,2026-02-16T14:35:10.008883,3.67,6,False,True
TS-10291,Benutzerverwaltung,Mittel,L. Hoffmann,2026-05-29T17:10:00,2026-05-29T18:45:30.826990,1.59,6,False,False
TS-10292,Drucker/Scanner,Niedrig,M. Fischer,2026-01-06T18:29:00,2026-01-06T23:26:50.484248,4.96,8,False,True
TS-10293,Benutzerverwaltung,Niedrig,M. Fischer,2026-04-09T15:33:00,2026-04-09T15:48:00,0.25,6,False,False
TS-10294,Benutzerverwaltung,Niedrig,S. Wagner,2026-01-21T07:47:00,2026-01-21T13:15:09.996658,5.47,6,False,False
TS-10295,Exchange-Umfeld,Mittel,M. Fischer,2026-06-19T13:16:00,2026-06-19T21:35:43.382088,8.33,12,False,False
TS-10296,Benutzerverwaltung,Niedrig,J. Schulz,2026-02-23T07:48:00,2026-02-23T11:53:34.773673,4.09,6,False,True
TS-10297,Interne Fernbetreuung,Mittel,L. Hoffmann,2026-06-19T09:38:00,2026-06-19T12:47:08.729788,3.15,12,False,False
TS-10298,Drucker/Scanner,Hoch,L. Hoffmann,2026-06-03T09:22:00,2026-06-03T12:24:43.866035,3.05,8,False,False
TS-10299,Drucker/Scanner,Mittel,M. Fischer,2026-01-06T14:51:00,2026-01-06T17:11:32.713828,2.34,8,False,False
TS-10300,Benutzerverwaltung,Mittel,S. Wagner,2026-03-19T14:08:00,2026-03-19T15:53:30.391933,1.76,6,False,True
TS-10301,Interne Fernbetreuung,Niedrig,L. Hoffmann,2026-04-08T13:37:00,2026-04-08T20:00:10.414347,6.39,12,False,False
TS-10302,Drucker/Scanner,Niedrig,M. Fischer,2026-05-25T10:12:00,2026-05-25T12:46:26.190321,2.57,8,False,False
TS-10303,Benutzerverwaltung,Niedrig,J. Schulz,2026-06-15T14:58:00,2026-06-15T18:27:32.870959,3.49,6,False,True
TS-10304,Exchange-Umfeld,Niedrig,A. Bauer,2026-05-15T07:50:00,2026-05-15T15:29:03.833365,7.65,12,False,False
TS-10305,Drucker/Scanner,Niedrig,A. Bauer,2026-06-02T08:54:00,2026-06-02T09:09:00,0.25,8,False,False
TS-10306,Drucker/Scanner,Mittel,S. Wagner,2026-02-17T16:11:00,2026-02-17T22:38:24.546541,6.46,8,False,True
TS-10307,Exchange-Umfeld,Hoch,M. Fischer,2026-01-05T07:38:00,2026-01-05T13:23:34.930939,5.76,12,False,False
TS-10308,Exchange-Umfeld,Niedrig,L. Hoffmann,2026-03-02T13:52:00,2026-03-02T19:03:57.401088,5.2,12,False,False
TS-10309,Benutzerverwaltung,Mittel,A. Bauer,2026-01-30T18:01:00,2026-01-30T21:01:06.240897,3.0,6,False,False
TS-10310,Drucker/Scanner,Niedrig,M. Fischer,2026-02-23T13:12:00,2026-02-23T15:41:50.449580,2.5,8,False,False
TS-10311,Benutzerverwaltung,Niedrig,J. Schulz,2026-06-10T10:57:00,2026-06-10T16:22:25.809471,5.42,6,False,False
TS-10312,Drucker/Scanner,Niedrig,K. Krueger,2026-06-15T17:59:00,2026-06-15T22:32:21.786327,4.56,8,False,False
TS-10313,Exchange-Umfeld,Niedrig,M. Fischer,2026-06-08T10:45:00,2026-06-08T21:01:12.786256,10.27,12,False,False
TS-10314,Drucker/Scanner,Hoch,S. Wagner,2026-06-18T18:17:00,2026-06-18T20:00:02.534835,1.72,8,False,False
TS-10315,Drucker/Scanner,Niedrig,K. Krueger,2026-02-10T08:32:00,2026-02-10T12:44:02.297061,4.2,8,False,False
TS-10316,Benutzerverwaltung,Mittel,A. Bauer,2026-02-10T16:59:00,2026-02-10T19:18:07.100400,2.32,6,False,False
TS-10317,Drucker/Scanner,Niedrig,K. Krueger,2026-02-17T18:30:00,2026-02-17T23:00:20.598840,4.51,8,False,True
TS-10318,Interne Fernbetreuung,Mittel,A. Bauer,2026-03-09T11:50:00,2026-03-09T19:59:36.644255,8.16,12,False,False
TS-10319,Drucker/Scanner,Hoch,A. Bauer,2026-06-05T07:49:00,2026-06-05T13:01:04.106536,5.2,8,False,False
TS-10320,Exchange-Umfeld,Mittel,K. Krueger,2026-05-04T07:20:00,2026-05-04T14:50:46.857046,7.51,12,False,False
TS-10321,Benutzerverwaltung,Niedrig,A. Bauer,2026-02-27T07:13:00,2026-02-27T09:36:30.002509,2.39,6,False,True
TS-10322,Exchange-Umfeld,Hoch,L. Hoffmann,2026-02-03T15:46:00,2026-02-03T23:35:08.592745,7.82,12,False,False
TS-10323,Drucker/Scanner,Hoch,M. Fischer,2026-05-19T09:35:00,2026-05-19T11:37:36.758134,2.04,8,False,False
TS-10324,Benutzerverwaltung,Niedrig,K. Krueger,2026-02-13T08:36:00,2026-02-13T10:26:13.252065,1.84,6,False,True
TS-10325,Interne Fernbetreuung,Mittel,A. Bauer,2026-01-14T15:49:00,2026-01-14T22:15:58.993514,6.45,12,False,False
TS-10326,Interne Fernbetreuung,Hoch,S. Wagner,2026-02-09T09:53:00,2026-02-09T16:00:06.734094,6.12,12,False,False
TS-10327,Drucker/Scanner,Mittel,A. Bauer,2026-03-24T09:21:00,2026-03-24T12:16:39.259611,2.93,8,False,True
TS-10328,Drucker/Scanner,Niedrig,J. Schulz,2026-03-26T17:31:00,2026-03-26T19:06:47.182654,1.6,8,False,True
TS-10329,Benutzerverwaltung,Niedrig,M. Fischer,2026-05-22T13:33:00,2026-05-22T16:53:15.941414,3.34,6,False,True
TS-10330,Benutzerverwaltung,Niedrig,K. Krueger,2026-05-11T12:09:00,2026-05-11T15:45:19.310058,3.61,6,False,False
TS-10331,Interne Fernbetreuung,Niedrig,K. Krueger,2026-05-15T11:36:00,2026-05-15T16:27:10.980348,4.85,12,False,False
TS-10332,Exchange-Umfeld,Mittel,L. Hoffmann,2026-04-13T16:52:00,2026-04-13T23:21:34.495165,6.49,12,False,False
TS-10333,Benutzerverwaltung,Mittel,A. Bauer,2026-04-09T12:21:00,2026-04-09T17:22:30.022973,5.03,6,False,True
TS-10334,Drucker/Scanner,Niedrig,L. Hoffmann,2026-01-29T12:27:00,2026-01-29T16:36:20.025582,4.16,8,False,True
TS-10335,Drucker/Scanner,Niedrig,S. Wagner,2026-04-02T07:23:00,2026-04-02T09:53:45.315965,2.51,8,False,False
TS-10336,Interne Fernbetreuung,Mittel,S. Wagner,2026-01-01T17:49:00,2026-01-02T00:11:47.644744,6.38,12,False,False
TS-10337,Interne Fernbetreuung,Mittel,L. Hoffmann,2026-02-11T07:48:00,2026-02-11T18:09:25.613096,10.36,12,False,False
TS-10338,Interne Fernbetreuung,Niedrig,A. Bauer,2026-02-12T13:44:00,2026-02-12T18:17:02.999693,4.55,12,False,False
TS-10339,Interne Fernbetreuung,Hoch,M. Fischer,2026-06-09T16:52:00,2026-06-10T04:51:21.057905,11.99,12,False,False
TS-10340,Interne Fernbetreuung,Mittel,L. Hoffmann,2026-05-29T12:27:00,2026-05-29T12:58:53.116335,0.53,12,False,False
TS-10341,Benutzerverwaltung,Niedrig,M. Fischer,2026-03-02T12:24:00,2026-03-02T14:09:27.204459,1.76,6,False,True
TS-10342,Drucker/Scanner,Niedrig,M. Fischer,2026-04-06T14:15:00,2026-04-06T15:58:47.929597,1.73,8,False,True
TS-10343,Interne Fernbetreuung,Mittel,L. Hoffmann,2026-05-21T09:34:00,2026-05-21T13:06:53.087817,3.55,12,False,False
TS-10344,Drucker/Scanner,Niedrig,J. Schulz,2026-02-16T16:22:00,2026-02-16T17:52:59.724778,1.52,8,False,False
TS-10345,Drucker/Scanner,Niedrig,J. Schulz,2026-03-11T15:12:00,2026-03-11T17:16:04.231088,2.07,8,False,True
TS-10346,Drucker/Scanner,Niedrig,S. Wagner,2026-02-19T10:38:00,2026-02-19T16:31:37.256248,5.89,8,False,False
TS-10347,Interne Fernbetreuung,Mittel,K. Krueger,2026-06-22T18:59:00,2026-06-22T19:54:45.627214,0.93,12,False,False
TS-10348,Benutzerverwaltung,Mittel,L. Hoffmann,2026-01-30T07:21:00,2026-01-30T12:52:50.833817,5.53,6,False,False
TS-10349,Benutzerverwaltung,Niedrig,K. Krueger,2026-04-17T14:23:00,2026-04-17T17:06:53.940757,2.73,6,False,True
TS-10350,Drucker/Scanner,Mittel,S. Wagner,2026-06-10T08:32:00,2026-06-10T16:27:08.976766,7.92,8,False,False
TS-10351,Exchange-Umfeld,Niedrig,A. Bauer,2026-05-25T10:01:00,2026-05-25T18:31:14.146911,8.5,12,False,False
TS-10352,Exchange-Umfeld,Hoch,M. Fischer,2026-02-02T16:59:00,2026-02-03T06:19:54.039910,13.35,12,True,False
TS-10353,Drucker/Scanner,Hoch,M. Fischer,2026-02-10T09:37:00,2026-02-10T12:27:42.176470,2.85,8,False,True
TS-10354,Drucker/Scanner,Niedrig,K. Krueger,2026-05-07T11:09:00,2026-05-07T14:59:40.184290,3.84,8,False,False
TS-10355,Exchange-Umfeld,Niedrig,K. Krueger,2026-02-20T16:01:00,2026-02-20T21:50:57.862835,5.83,12,False,False
TS-10356,Benutzerverwaltung,Mittel,K. Krueger,2026-02-02T18:17:00,2026-02-02T23:22:11.782553,5.09,6,False,False
TS-10357,Exchange-Umfeld,Niedrig,M. Fischer,2026-02-26T07:57:00,2026-02-26T20:04:49.978732,12.13,12,True,False
TS-10358,Interne Fernbetreuung,Niedrig,S. Wagner,2026-06-22T07:26:00,2026-06-22T15:50:37.345534,8.41,12,False,False
TS-10359,Exchange-Umfeld,Hoch,M. Fischer,2026-04-27T12:42:00,2026-04-28T01:00:07.658661,12.3,12,True,False
TS-10360,Exchange-Umfeld,Niedrig,L. Hoffmann,2026-03-12T17:45:00,2026-03-13T04:08:36.432908,10.39,12,False,False
TS-10361,Benutzerverwaltung,Niedrig,M. Fischer,2026-02-25T11:35:00,2026-02-25T15:52:23.986546,4.29,6,False,True
TS-10362,Exchange-Umfeld,Hoch,J. Schulz,2026-06-16T08:33:00,2026-06-16T21:21:35.877681,12.81,12,True,False
TS-10363,Drucker/Scanner,Mittel,K. Krueger,2026-05-18T10:48:00,2026-05-18T12:15:49.175229,1.46,8,False,True
TS-10364,Benutzerverwaltung,Niedrig,K. Krueger,2026-03-25T13:32:00,2026-03-25T19:13:33.153771,5.69,6,False,True
TS-10365,Drucker/Scanner,Mittel,S. Wagner,2026-05-19T16:09:00,2026-05-19T21:20:53.004755,5.2,8,False,False
TS-10366,Benutzerverwaltung,Niedrig,L. Hoffmann,2026-05-28T13:13:00,2026-05-28T14:45:01.852085,1.53,6,False,False
TS-10367,Benutzerverwaltung,Niedrig,M. Fischer,2026-04-30T18:41:00,2026-04-30T21:58:31.204566,3.29,6,False,True
TS-10368,Drucker/Scanner,Mittel,M. Fischer,2026-04-07T13:04:00,2026-04-07T18:59:00.395730,5.92,8,False,False
TS-10369,Drucker/Scanner,Mittel,L. Hoffmann,2026-01-26T15:08:00,2026-01-26T17:29:48.777141,2.36,8,False,False
TS-10370,Interne Fernbetreuung,Mittel,J. Schulz,2026-04-21T16:25:00,2026-04-22T02:47:30.974623,10.38,12,False,False
TS-10371,Interne Fernbetreuung,Niedrig,M. Fischer,2026-06-04T07:22:00,2026-06-04T08:23:11.953539,1.02,12,False,False
TS-10372,Interne Fernbetreuung,Mittel,M. Fischer,2026-01-09T10:28:00,2026-01-09T17:27:02.485935,6.98,12,False,False
TS-10373,Drucker/Scanner,Niedrig,K. Krueger,2026-05-01T08:38:00,2026-05-01T15:35:21.615464,6.96,8,False,True
TS-10374,Benutzerverwaltung,Niedrig,L. Hoffmann,2026-03-18T17:05:00,2026-03-18T17:58:06.964644,0.89,6,False,False
TS-10375,Drucker/Scanner,Hoch,A. Bauer,2026-02-04T13:58:00,2026-02-04T15:30:11.930940,1.54,8,False,False
TS-10376,Drucker/Scanner,Niedrig,K. Krueger,2026-06-12T12:47:00,2026-06-12T16:20:42.078020,3.56,8,False,False
TS-10377,Benutzerverwaltung,Mittel,J. Schulz,2026-02-19T10:18:00,2026-02-19T12:37:57.070723,2.33,6,False,False
TS-10378,Interne Fernbetreuung,Mittel,L. Hoffmann,2026-02-06T14:04:00,2026-02-06T19:01:41.964550,4.96,12,False,False
TS-10379,Benutzerverwaltung,Hoch,J. Schulz,2026-02-09T16:09:00,2026-02-09T21:17:42.121174,5.15,6,False,True
TS-10380,Drucker/Scanner,Hoch,A. Bauer,2026-02-10T09:28:00,2026-02-10T15:36:32.897023,6.14,8,False,True
TS-10381,Benutzerverwaltung,Mittel,A. Bauer,2026-01-22T17:23:00,2026-01-22T19:26:51.263211,2.06,6,False,True
TS-10382,Drucker/Scanner,Mittel,K. Krueger,2026-01-08T18:43:00,2026-01-08T22:59:58.615098,4.28,8,False,False
TS-10383,Interne Fernbetreuung,Mittel,K. Krueger,2026-04-07T09:15:00,2026-04-07T14:02:54.351780,4.8,12,False,False
TS-10384,Exchange-Umfeld,Niedrig,M. Fischer,2026-05-13T09:31:00,2026-05-13T15:12:55.115234,5.7,12,False,False
TS-10385,Interne Fernbetreuung,Mittel,M. Fischer,2026-06-22T09:55:00,2026-06-22T12:30:01.297033,2.58,12,False,False
TS-10386,Exchange-Umfeld,Niedrig,J. Schulz,2026-06-01T16:11:00,2026-06-02T04:07:52.818916,11.95,12,False,False
TS-10387,Benutzerverwaltung,Mittel,M. Fischer,2026-05-29T13:02:00,2026-05-29T16:32:09.426370,3.5,6,False,False
TS-10388,Benutzerverwaltung,Niedrig,S. Wagner,2026-03-30T12:16:00,2026-03-30T14:17:43.846195,2.03,6,False,False
TS-10389,Drucker/Scanner,Niedrig,L. Hoffmann,2026-01-23T16:46:00,2026-01-23T19:15:19.280074,2.49,8,False,True
TS-10390,Drucker/Scanner,Mittel,K. Krueger,2026-03-06T13:37:00,2026-03-06T13:52:00,0.25,8,False,False
TS-10391,Benutzerverwaltung,Niedrig,K. Krueger,2026-04-10T10:19:00,2026-04-10T12:48:44.998430,2.5,6,False,False
TS-10392,Drucker/Scanner,Niedrig,A. Bauer,2026-06-15T11:57:00,2026-06-15T16:04:53.235085,4.13,8,False,True
TS-10393,Interne Fernbetreuung,Mittel,L. Hoffmann,2026-01-14T17:49:00,2026-01-14T22:34:12.426752,4.75,12,False,False
TS-10394,Interne Fernbetreuung,Niedrig,A. Bauer,2026-04-30T16:53:00,2026-04-30T19:35:44.817184,2.71,12,False,False
TS-10395,Drucker/Scanner,Niedrig,J. Schulz,2026-04-09T18:16:00,2026-04-09T21:15:10.653079,2.99,8,False,True
TS-10396,Benutzerverwaltung,Niedrig,S. Wagner,2026-06-05T14:17:00,2026-06-05T18:09:38.357702,3.88,6,False,True
TS-10397,Interne Fernbetreuung,Niedrig,S. Wagner,2026-01-28T17:01:00,2026-01-28T22:27:08.914022,5.44,12,False,False
TS-10398,Interne Fernbetreuung,Mittel,M. Fischer,2026-02-19T12:26:00,2026-02-19T18:43:14.827954,6.29,12,False,False
TS-10399,Benutzerverwaltung,Mittel,S. Wagner,2026-05-01T14:11:00,2026-05-01T16:24:47.308790,2.23,6,False,False
TS-10400,Benutzerverwaltung,Niedrig,L. Hoffmann,2026-01-28T08:35:00,2026-01-28T11:49:57.952134,3.25,6,False,False
TS-10401,Benutzerverwaltung,Mittel,J. Schulz,2026-03-02T13:40:00,2026-03-02T15:54:42.694405,2.25,6,False,True
TS-10402,Exchange-Umfeld,Mittel,S. Wagner,2026-06-03T09:19:00,2026-06-03T17:56:55.016495,8.63,12,False,False
TS-10403,Drucker/Scanner,Niedrig,S. Wagner,2026-02-06T07:05:00,2026-02-06T12:05:52.024615,5.01,8,False,False
TS-10404,Drucker/Scanner,Hoch,J. Schulz,2026-04-06T17:36:00,2026-04-06T19:09:40.646941,1.56,8,False,True
TS-10405,Drucker/Scanner,Niedrig,A. Bauer,2026-03-26T18:13:00,2026-03-26T22:49:22.321098,4.61,8,False,False
TS-10406,Drucker/Scanner,Hoch,A. Bauer,2026-01-27T15:39:00,2026-01-27T19:28:45.495469,3.83,8,False,False
TS-10407,Benutzerverwaltung,Hoch,K. Krueger,2026-02-12T14:16:00,2026-02-12T17:46:58.398328,3.52,6,False,True
TS-10408,Interne Fernbetreuung,Niedrig,A. Bauer,2026-05-27T07:35:00,2026-05-27T08:04:00.029759,0.48,12,False,False
TS-10409,Interne Fernbetreuung,Mittel,M. Fischer,2026-04-08T10:16:00,2026-04-08T21:32:41.998796,11.28,12,False,False
TS-10410,Benutzerverwaltung,Mittel,A. Bauer,2026-06-02T15:35:00,2026-06-02T19:05:02.813790,3.5,6,False,False
TS-10411,Exchange-Umfeld,Niedrig,S. Wagner,2026-06-04T10:18:00,2026-06-04T17:06:12.596092,6.8,12,False,False
TS-10412,Benutzerverwaltung,Mittel,M. Fischer,2026-04-30T18:45:00,2026-04-30T22:53:03.596819,4.13,6,False,False
TS-10413,Exchange-Umfeld,Niedrig,L. Hoffmann,2026-03-24T17:01:00,2026-03-24T23:55:34.602306,6.91,12,False,False
TS-10414,Exchange-Umfeld,Niedrig,L. Hoffmann,2026-06-29T11:43:00,2026-06-29T20:55:00.434797,9.2,12,False,False
TS-10415,Exchange-Umfeld,Niedrig,K. Krueger,2026-02-16T10:52:00,2026-02-17T07:13:13.016153,20.35,12,True,False
TS-10416,Interne Fernbetreuung,Mittel,J. Schulz,2026-05-22T09:02:00,2026-05-22T09:17:00,0.25,12,False,False
TS-10417,Benutzerverwaltung,Niedrig,M. Fischer,2026-02-20T16:13:00,2026-02-20T19:23:05.089760,3.17,6,False,False
TS-10418,Interne Fernbetreuung,Niedrig,J. Schulz,2026-05-22T13:39:00,2026-05-22T19:25:49.143011,5.78,12,False,False
TS-10419,Interne Fernbetreuung,Niedrig,J. Schulz,2026-01-01T10:39:00,2026-01-01T17:50:41.177890,7.19,12,False,False
TS-10420,Benutzerverwaltung,Niedrig,K. Krueger,2026-05-12T18:18:00,2026-05-12T21:41:18.852303,3.39,6,False,False
TS-10421,Exchange-Umfeld,Niedrig,J. Schulz,2026-05-05T13:35:00,2026-05-05T23:01:32.115016,9.44,12,False,False
TS-10422,Interne Fernbetreuung,Hoch,J. Schulz,2026-06-22T14:09:00,2026-06-22T15:38:27.584534,1.49,12,False,False
TS-10423,Interne Fernbetreuung,Mittel,S. Wagner,2026-06-03T11:30:00,2026-06-03T20:48:56.655620,9.32,12,False,False
TS-10424,Benutzerverwaltung,Niedrig,A. Bauer,2026-06-15T09:22:00,2026-06-15T13:56:09.039511,4.57,6,False,False
TS-10425,Exchange-Umfeld,Niedrig,M. Fischer,2026-04-07T07:39:00,2026-04-07T17:38:52.619707,10.0,12,False,False
TS-10426,Exchange-Umfeld,Niedrig,K. Krueger,2026-05-08T08:49:00,2026-05-09T01:34:52.650440,16.76,12,True,False
TS-10427,Exchange-Umfeld,Hoch,J. Schulz,2026-06-17T15:58:00,2026-06-18T06:34:38.125439,14.61,12,True,False
TS-10428,Interne Fernbetreuung,Niedrig,M. Fischer,2026-03-16T13:28:00,2026-03-16T18:04:27.970881,4.61,12,False,False
TS-10429,Exchange-Umfeld,Niedrig,K. Krueger,2026-01-28T17:07:00,2026-01-29T06:40:40.711191,13.56,12,True,False
TS-10430,Drucker/Scanner,Niedrig,J. Schulz,2026-03-20T11:25:00,2026-03-20T19:02:36.532161,7.63,8,False,True
TS-10431,Interne Fernbetreuung,Hoch,K. Krueger,2026-03-17T10:59:00,2026-03-17T18:06:10.991211,7.12,12,False,False
TS-10432,Drucker/Scanner,Niedrig,A. Bauer,2026-04-07T08:27:00,2026-04-07T15:53:36.427687,7.44,8,False,True
TS-10433,Drucker/Scanner,Niedrig,L. Hoffmann,2026-01-09T16:02:00,2026-01-09T20:55:39.552047,4.89,8,False,False
TS-10434,Benutzerverwaltung,Niedrig,A. Bauer,2026-01-21T16:08:00,2026-01-21T21:35:03.940044,5.45,6,False,True
TS-10435,Drucker/Scanner,Mittel,J. Schulz,2026-06-19T08:12:00,2026-06-19T12:37:02.755251,4.42,8,False,False
TS-10436,Drucker/Scanner,Mittel,L. Hoffmann,2026-02-13T15:06:00,2026-02-13T20:20:51.205593,5.25,8,False,True
TS-10437,Interne Fernbetreuung,Mittel,A. Bauer,2026-01-09T18:56:00,2026-01-10T03:08:38.066476,8.21,12,False,False
TS-10438,Interne Fernbetreuung,Mittel,J. Schulz,2026-04-07T12:33:00,2026-04-07T21:51:55.668979,9.32,12,False,False
TS-10439,Exchange-Umfeld,Niedrig,L. Hoffmann,2026-03-03T16:44:00,2026-03-03T23:06:55.899445,6.38,12,False,False
TS-10440,Benutzerverwaltung,Niedrig,K. Krueger,2026-04-01T15:23:00,2026-04-01T18:27:26.546503,3.07,6,False,False
TS-10441,Interne Fernbetreuung,Mittel,K. Krueger,2026-02-05T09:07:00,2026-02-05T15:08:10.633449,6.02,12,False,False
TS-10442,Benutzerverwaltung,Niedrig,K. Krueger,2026-02-02T11:16:00,2026-02-02T15:30:57.930281,4.25,6,False,True
TS-10443,Interne Fernbetreuung,Mittel,M. Fischer,2026-06-11T08:32:00,2026-06-11T08:59:04.271396,0.45,12,False,False
TS-10444,Interne Fernbetreuung,Niedrig,J. Schulz,2026-03-24T10:40:00,2026-03-24T20:00:28.351224,9.34,12,False,False
TS-10445,Interne Fernbetreuung,Niedrig,K. Krueger,2026-03-12T13:35:00,2026-03-12T22:33:24.178748,8.97,12,False,False
TS-10446,Benutzerverwaltung,Hoch,A. Bauer,2026-01-09T13:34:00,2026-01-09T16:13:35.880697,2.66,6,False,False
TS-10447,Drucker/Scanner,Niedrig,K. Krueger,2026-01-21T12:41:00,2026-01-21T20:14:29.026182,7.56,8,False,True
TS-10448,Interne Fernbetreuung,Niedrig,J. Schulz,2026-03-06T12:59:00,2026-03-06T22:27:48.898762,9.48,12,False,False
TS-10449,Drucker/Scanner,Niedrig,S. Wagner,2026-05-26T16:37:00,2026-05-26T19:52:25.553838,3.26,8,False,False
TS-10450,Interne Fernbetreuung,Hoch,M. Fischer,2026-01-02T07:51:00,2026-01-02T11:44:58.206043,3.9,12,False,False
TS-10451,Benutzerverwaltung,Mittel,M. Fischer,2026-02-20T07:41:00,2026-02-20T09:50:58.618917,2.17,6,False,False
TS-10452,Benutzerverwaltung,Niedrig,A. Bauer,2026-06-01T16:21:00,2026-06-01T20:41:52.853890,4.35,6,False,False
TS-10453,Drucker/Scanner,Mittel,K. Krueger,2026-06-24T18:55:00,2026-06-24T22:29:55.657788,3.58,8,False,False
TS-10454,Interne Fernbetreuung,Mittel,J. Schulz,2026-04-09T16:00:00,2026-04-09T18:32:26.549648,2.54,12,False,False
TS-10455,Benutzerverwaltung,Niedrig,J. Schulz,2026-02-11T09:43:00,2026-02-11T09:58:00,0.25,6,False,False
TS-10456,Interne Fernbetreuung,Mittel,S. Wagner,2026-02-24T11:04:00,2026-02-24T16:32:01.165506,5.47,12,False,False
TS-10457,Exchange-Umfeld,Niedrig,J. Schulz,2026-02-17T08:09:00,2026-02-17T14:54:43.134319,6.76,12,False,False
TS-10458,Drucker/Scanner,Niedrig,S. Wagner,2026-06-15T13:20:00,2026-06-15T15:17:33.241217,1.96,8,False,False
TS-10459,Drucker/Scanner,Niedrig,K. Krueger,2026-04-07T16:32:00,2026-04-07T20:01:48.420300,3.5,8,False,False
TS-10460,Benutzerverwaltung,Hoch,J. Schulz,2026-03-11T18:41:00,2026-03-11T21:51:13.526146,3.17,6,False,False
TS-10461,Exchange-Umfeld,Niedrig,J. Schulz,2026-03-13T18:51:00,2026-03-13T21:27:44.944173,2.61,12,False,False
TS-10462,Interne Fernbetreuung,Mittel,K. Krueger,2026-04-10T15:22:00,2026-04-10T17:53:08.059881,2.52,12,False,False
TS-10463,Interne Fernbetreuung,Mittel,A. Bauer,2026-05-29T09:51:00,2026-05-29T14:44:09.225943,4.89,12,False,False
TS-10464,Interne Fernbetreuung,Mittel,J. Schulz,2026-02-23T11:27:00,2026-02-23T18:41:26.241495,7.24,12,False,False
TS-10465,Interne Fernbetreuung,Niedrig,K. Krueger,2026-05-08T12:54:00,2026-05-08T19:27:09.114072,6.55,12,False,False
TS-10466,Exchange-Umfeld,Mittel,M. Fischer,2026-05-06T11:31:00,2026-05-06T17:52:19.586643,6.36,12,False,False
TS-10467,Interne Fernbetreuung,Niedrig,L. Hoffmann,2026-04-03T15:16:00,2026-04-04T00:20:35.010709,9.08,12,False,False
TS-10468,Interne Fernbetreuung,Niedrig,S. Wagner,2026-06-02T08:19:00,2026-06-02T17:06:45.463275,8.8,12,False,False
TS-10469,Drucker/Scanner,Niedrig,L. Hoffmann,2026-01-07T14:30:00,2026-01-07T17:02:21.599566,2.54,8,False,True
TS-10470,Interne Fernbetreuung,Hoch,J. Schulz,2026-05-25T09:36:00,2026-05-25T15:28:02.753951,5.87,12,False,False
TS-10471,Exchange-Umfeld,Niedrig,K. Krueger,2026-03-26T08:56:00,2026-03-26T21:19:25.708829,12.39,12,True,False
TS-10472,Drucker/Scanner,Mittel,J. Schulz,2026-06-18T11:37:00,2026-06-18T13:20:33.414060,1.73,8,False,False
TS-10473,Interne Fernbetreuung,Niedrig,J. Schulz,2026-04-17T11:31:00,2026-04-17T21:22:17.384572,9.85,12,False,False
TS-10474,Exchange-Umfeld,Niedrig,M. Fischer,2026-04-20T10:48:00,2026-04-20T13:41:55.878072,2.9,12,False,False
TS-10475,Benutzerverwaltung,Mittel,S. Wagner,2026-04-03T11:51:00,2026-04-03T16:01:56.842446,4.18,6,False,True
TS-10476,Benutzerverwaltung,Niedrig,L. Hoffmann,2026-02-02T18:21:00,2026-02-02T21:55:41.629096,3.58,6,False,False
TS-10477,Interne Fernbetreuung,Niedrig,S. Wagner,2026-01-23T17:20:00,2026-01-23T20:00:38.748204,2.68,12,False,False
TS-10478,Interne Fernbetreuung,Niedrig,A. Bauer,2026-01-30T08:24:00,2026-01-30T13:13:49.538914,4.83,12,False,False
TS-10479,Drucker/Scanner,Niedrig,L. Hoffmann,2026-06-16T11:40:00,2026-06-16T17:16:10.050431,5.6,8,False,True
TS-10480,Exchange-Umfeld,Niedrig,J. Schulz,2026-01-21T18:33:00,2026-01-22T10:17:38.169520,15.74,12,True,False
TS-10481,Interne Fernbetreuung,Niedrig,M. Fischer,2026-04-29T14:42:00,2026-04-29T16:47:45.367981,2.1,12,False,False
TS-10482,Drucker/Scanner,Hoch,S. Wagner,2026-01-29T09:40:00,2026-01-29T15:09:08.527888,5.49,8,False,True
TS-10483,Benutzerverwaltung,Niedrig,J. Schulz,2026-02-25T18:57:00,2026-02-25T22:59:34.456693,4.04,6,False,False
TS-10484,Benutzerverwaltung,Mittel,S. Wagner,2026-06-29T11:48:00,2026-06-29T14:18:48.324563,2.51,6,False,False
TS-10485,Drucker/Scanner,Niedrig,L. Hoffmann,2026-02-11T18:05:00,2026-02-11T23:08:19.693485,5.06,8,False,False
TS-10486,Interne Fernbetreuung,Niedrig,L. Hoffmann,2026-06-22T18:29:00,2026-06-23T03:28:31.848622,8.99,12,False,False
TS-10487,Benutzerverwaltung,Niedrig,S. Wagner,2026-03-19T14:51:00,2026-03-19T16:14:16.769775,1.39,6,False,True
TS-10488,Drucker/Scanner,Niedrig,M. Fischer,2026-02-02T14:27:00,2026-02-02T21:09:22.525255,6.71,8,False,True
TS-10489,Interne Fernbetreuung,Niedrig,K. Krueger,2026-06-19T14:55:00,2026-06-19T23:50:52.036359,8.93,12,False,False
TS-10490,Exchange-Umfeld,Mittel,M. Fischer,2026-06-19T11:49:00,2026-06-19T19:13:28.336963,7.41,12,False,False
TS-10491,Drucker/Scanner,Niedrig,J. Schulz,2026-05-21T18:53:00,2026-05-22T01:33:39.609490,6.68,8,False,True
TS-10492,Drucker/Scanner,Niedrig,S. Wagner,2026-05-25T15:47:00,2026-05-25T17:35:44.365142,1.81,8,False,True
TS-10493,Benutzerverwaltung,Mittel,A. Bauer,2026-05-07T09:33:00,2026-05-07T10:00:06.381531,0.45,6,False,False
TS-10494,Benutzerverwaltung,Niedrig,A. Bauer,2026-02-05T07:05:00,2026-02-05T09:48:48.636609,2.73,6,False,True
TS-10495,Exchange-Umfeld,Niedrig,M. Fischer,2026-02-19T08:43:00,2026-02-19T17:25:16.746561,8.7,12,False,False
TS-10496,Interne Fernbetreuung,Hoch,J. Schulz,2026-04-03T13:41:00,2026-04-03T23:39:44.655809,9.98,12,False,False
TS-10497,Drucker/Scanner,Mittel,J. Schulz,2026-06-02T18:14:00,2026-06-02T21:23:57.901713,3.17,8,False,False
TS-10498,Benutzerverwaltung,Niedrig,S. Wagner,2026-05-29T17:08:00,2026-05-29T23:00:16.288223,5.87,6,False,False
TS-10499,Interne Fernbetreuung,Niedrig,S. Wagner,2026-05-15T13:31:00,2026-05-15T16:52:00.556166,3.35,12,False,False
TS-10500,Benutzerverwaltung,Niedrig,J. Schulz,2026-03-19T14:50:00,2026-03-19T16:20:55.856978,1.52,6,False,False
TS-10501,Interne Fernbetreuung,Mittel,J. Schulz,2026-02-24T18:29:00,2026-02-24T23:50:06.183799,5.35,12,False,False
TS-10502,Benutzerverwaltung,Hoch,M. Fischer,2026-06-24T09:58:00,2026-06-24T14:38:21.894143,4.67,6,False,False
TS-10503,Exchange-Umfeld,Mittel,M. Fischer,2026-01-20T11:32:00,2026-01-20T19:36:14.058744,8.07,12,False,False
TS-10504,Benutzerverwaltung,Niedrig,M. Fischer,2026-02-17T17:31:00,2026-02-17T23:03:55.847640,5.55,6,False,True
TS-10505,Exchange-Umfeld,Mittel,A. Bauer,2026-05-13T07:44:00,2026-05-13T23:13:45.943975,15.5,12,True,False
TS-10506,Exchange-Umfeld,Niedrig,A. Bauer,2026-06-01T09:09:00,2026-06-01T12:49:47.033082,3.68,12,False,False
TS-10507,Benutzerverwaltung,Hoch,M. Fischer,2026-02-02T12:36:00,2026-02-02T14:46:01.474195,2.17,6,False,False
TS-10508,Interne Fernbetreuung,Mittel,A. Bauer,2026-05-26T14:38:00,2026-05-26T20:15:12.361390,5.62,12,False,False
TS-10509,Interne Fernbetreuung,Niedrig,K. Krueger,2026-02-18T18:08:00,2026-02-19T01:44:19.810482,7.61,12,False,False
TS-10510,Drucker/Scanner,Mittel,A. Bauer,2026-06-23T12:10:00,2026-06-23T13:11:59.319605,1.03,8,False,True
TS-10511,Drucker/Scanner,Niedrig,J. Schulz,2026-04-22T10:51:00,2026-04-22T15:54:20.287765,5.06,8,False,False
TS-10512,Benutzerverwaltung,Mittel,S. Wagner,2026-05-04T16:31:00,2026-05-04T19:05:15.925903,2.57,6,False,True
TS-10513,Exchange-Umfeld,Mittel,L. Hoffmann,2026-03-12T14:00:00,2026-03-13T02:45:54.430478,12.77,12,True,False
TS-10514,Interne Fernbetreuung,Mittel,K. Krueger,2026-02-06T18:35:00,2026-02-07T03:18:24.897681,8.72,12,False,False
TS-10515,Drucker/Scanner,Niedrig,J. Schulz,2026-04-10T11:29:00,2026-04-10T15:28:54.375887,4.0,8,False,False
TS-10516,Exchange-Umfeld,Niedrig,M. Fischer,2026-04-27T08:08:00,2026-04-27T18:18:54.465510,10.18,12,False,False
TS-10517,Benutzerverwaltung,Niedrig,M. Fischer,2026-04-24T07:38:00,2026-04-24T09:26:41.649479,1.81,6,False,False
TS-10518,Drucker/Scanner,Hoch,L. Hoffmann,2026-05-28T09:05:00,2026-05-28T10:07:25.975690,1.04,8,False,False
TS-10519,Drucker/Scanner,Mittel,L. Hoffmann,2026-02-03T18:59:00,2026-02-04T00:34:54.741871,5.6,8,False,True
TS-10520,Drucker/Scanner,Hoch,K. Krueger,2026-03-04T08:12:00,2026-03-04T08:27:00,0.25,8,False,False
TS-10521,Drucker/Scanner,Niedrig,S. Wagner,2026-04-07T12:16:00,2026-04-07T16:51:13.624713,4.59,8,False,False
TS-10522,Benutzerverwaltung,Niedrig,L. Hoffmann,2026-04-21T10:56:00,2026-04-21T14:02:30.089525,3.11,6,False,False
TS-10523,Exchange-Umfeld,Niedrig,M. Fischer,2026-02-24T16:22:00,2026-02-24T18:45:38.077277,2.39,12,False,False
TS-10524,Drucker/Scanner,Mittel,M. Fischer,2026-03-13T10:51:00,2026-03-13T15:50:17.327149,4.99,8,False,True
TS-10525,Drucker/Scanner,Niedrig,K. Krueger,2026-06-09T09:55:00,2026-06-09T13:43:45.314490,3.81,8,False,False
TS-10526,Exchange-Umfeld,Niedrig,A. Bauer,2026-02-17T13:26:00,2026-02-18T03:43:49.426337,14.3,12,True,False
TS-10527,Drucker/Scanner,Niedrig,M. Fischer,2026-06-05T08:49:00,2026-06-05T14:14:11.705797,5.42,8,False,False
TS-10528,Benutzerverwaltung,Niedrig,A. Bauer,2026-01-13T14:49:00,2026-01-13T17:41:52.264201,2.88,6,False,False
TS-10529,Benutzerverwaltung,Mittel,L. Hoffmann,2026-02-13T14:48:00,2026-02-13T19:39:24.119635,4.86,6,False,True
TS-10530,Interne Fernbetreuung,Mittel,L. Hoffmann,2026-05-26T08:09:00,2026-05-26T11:31:30.780470,3.38,12,False,False
TS-10531,Benutzerverwaltung,Niedrig,L. Hoffmann,2026-05-20T10:37:00,2026-05-20T14:58:03.091985,4.35,6,False,False
TS-10532,Drucker/Scanner,Niedrig,K. Krueger,2026-03-13T12:52:00,2026-03-13T18:56:50.929395,6.08,8,False,True
TS-10533,Interne Fernbetreuung,Niedrig,J. Schulz,2026-04-13T07:27:00,2026-04-13T15:43:52.091201,8.28,12,False,False
TS-10534,Benutzerverwaltung,Niedrig,A. Bauer,2026-03-17T07:11:00,2026-03-17T09:34:31.830986,2.39,6,False,False
TS-10535,Exchange-Umfeld,Mittel,K. Krueger,2026-02-02T13:24:00,2026-02-02T18:18:24.104164,4.91,12,False,False
TS-10536,Drucker/Scanner,Mittel,M. Fischer,2026-05-21T08:01:00,2026-05-21T13:20:57.637803,5.33,8,False,False
TS-10537,Drucker/Scanner,Mittel,L. Hoffmann,2026-03-23T17:26:00,2026-03-23T19:56:14.800814,2.5,8,False,False
TS-10538,Benutzerverwaltung,Niedrig,M. Fischer,2026-06-23T07:26:00,2026-06-23T07:41:00,0.25,6,False,True
TS-10539,Interne Fernbetreuung,Niedrig,A. Bauer,2026-05-26T10:13:00,2026-05-26T16:36:05.758484,6.38,12,False,False
TS-10540,Drucker/Scanner,Mittel,J. Schulz,2026-03-24T12:46:00,2026-03-24T16:23:26.460380,3.62,8,False,True
TS-10541,Exchange-Umfeld,Hoch,J. Schulz,2026-01-29T16:50:00,2026-01-30T03:55:56.332785,11.1,12,False,False
TS-10542,Drucker/Scanner,Mittel,L. Hoffmann,2026-04-08T10:26:00,2026-04-08T14:30:38.249104,4.08,8,False,False
TS-10543,Benutzerverwaltung,Mittel,M. Fischer,2026-01-12T17:39:00,2026-01-12T19:51:52.701050,2.21,6,False,False
TS-10544,Benutzerverwaltung,Niedrig,A. Bauer,2026-05-27T18:05:00,2026-05-27T20:14:44.176893,2.16,6,False,True
TS-10545,Drucker/Scanner,Niedrig,A. Bauer,2026-06-08T09:34:00,2026-06-08T13:16:39.716943,3.71,8,False,False
TS-10546,Benutzerverwaltung,Niedrig,J. Schulz,2026-01-12T15:13:00,2026-01-12T17:44:07.714168,2.52,6,False,False
TS-10547,Interne Fernbetreuung,Niedrig,K. Krueger,2026-03-05T16:17:00,2026-03-05T17:56:21.669863,1.66,12,False,False
TS-10548,Drucker/Scanner,Niedrig,A. Bauer,2026-03-10T14:23:00,2026-03-10T18:43:16.264592,4.34,8,False,True
TS-10549,Drucker/Scanner,Mittel,A. Bauer,2026-03-03T10:12:00,2026-03-03T13:35:45.092482,3.4,8,False,False
TS-10550,Drucker/Scanner,Mittel,L. Hoffmann,2026-02-13T12:57:00,2026-02-13T13:46:56.361411,0.83,8,False,False
TS-10551,Drucker/Scanner,Niedrig,A. Bauer,2026-05-11T11:47:00,2026-05-11T18:22:52.901731,6.6,8,False,False
TS-10552,Benutzerverwaltung,Mittel,K. Krueger,2026-05-22T12:11:00,2026-05-22T15:38:34.613698,3.46,6,False,False
TS-10553,Drucker/Scanner,Mittel,L. Hoffmann,2026-03-17T10:58:00,2026-03-17T15:46:54.597659,4.82,8,False,False
TS-10554,Drucker/Scanner,Hoch,A. Bauer,2026-02-19T12:27:00,2026-02-19T16:14:33.280395,3.79,8,False,False
TS-10555,Drucker/Scanner,Niedrig,J. Schulz,2026-06-10T12:32:00,2026-06-10T18:18:12.598835,5.77,8,False,False
TS-10556,Benutzerverwaltung,Niedrig,L. Hoffmann,2026-05-04T09:18:00,2026-05-04T14:30:06.974126,5.2,6,False,True
TS-10557,Interne Fernbetreuung,Niedrig,K. Krueger,2026-03-16T17:06:00,2026-03-17T00:23:53.505862,7.3,12,False,False
TS-10558,Exchange-Umfeld,Hoch,J. Schulz,2026-03-17T15:58:00,2026-03-18T02:12:39.413690,10.24,12,False,False
TS-10559,Benutzerverwaltung,Mittel,A. Bauer,2026-03-04T09:41:00,2026-03-04T12:46:32.806777,3.09,6,False,False
TS-10560,Drucker/Scanner,Hoch,L. Hoffmann,2026-04-02T14:32:00,2026-04-02T18:36:57.364471,4.08,8,False,False
TS-10561,Exchange-Umfeld,Niedrig,M. Fischer,2026-02-16T17:55:00,2026-02-17T09:50:54.338122,15.93,12,True,False
TS-10562,Drucker/Scanner,Hoch,A. Bauer,2026-06-05T10:06:00,2026-06-05T13:41:43.944156,3.6,8,False,False
TS-10563,Benutzerverwaltung,Hoch,A. Bauer,2026-05-07T11:21:00,2026-05-07T11:36:00,0.25,6,False,True
TS-10564,Interne Fernbetreuung,Mittel,S. Wagner,2026-04-14T11:32:00,2026-04-14T17:00:57.844476,5.48,12,False,False
TS-10565,Drucker/Scanner,Mittel,M. Fischer,2026-06-29T08:51:00,2026-06-29T11:29:01.856444,2.63,8,False,True
TS-10566,Drucker/Scanner,Niedrig,M. Fischer,2026-03-13T12:16:00,2026-03-13T14:32:46.516788,2.28,8,False,False
TS-10567,Interne Fernbetreuung,Niedrig,J. Schulz,2026-04-02T18:24:00,2026-04-03T01:21:12.340981,6.95,12,False,False
TS-10568,Exchange-Umfeld,Mittel,A. Bauer,2026-05-29T15:19:00,2026-05-29T19:54:31.943600,4.59,12,False,False
TS-10569,Drucker/Scanner,Mittel,A. Bauer,2026-04-22T09:05:00,2026-04-22T14:40:26.463749,5.59,8,False,False
TS-10570,Benutzerverwaltung,Mittel,K. Krueger,2026-02-20T17:23:00,2026-02-20T20:28:31.675303,3.09,6,False,False
TS-10571,Interne Fernbetreuung,Niedrig,S. Wagner,2026-06-10T11:01:00,2026-06-10T20:53:03.769320,9.87,12,False,False
TS-10572,Interne Fernbetreuung,Niedrig,A. Bauer,2026-04-08T10:10:00,2026-04-08T15:39:24.964990,5.49,12,False,False
TS-10573,Drucker/Scanner,Niedrig,A. Bauer,2026-06-24T07:05:00,2026-06-24T08:54:47.431011,1.83,8,False,False
TS-10574,Exchange-Umfeld,Mittel,S. Wagner,2026-05-08T11:19:00,2026-05-08T16:46:04.901665,5.45,12,False,False
TS-10575,Exchange-Umfeld,Mittel,A. Bauer,2026-05-08T16:32:00,2026-05-08T23:58:35.333841,7.44,12,False,False
TS-10576,Drucker/Scanner,Mittel,L. Hoffmann,2026-02-24T10:06:00,2026-02-24T14:28:12.418885,4.37,8,False,False
TS-10577,Exchange-Umfeld,Niedrig,A. Bauer,2026-04-22T14:41:00,2026-04-23T00:34:59.025474,9.9,12,False,False
TS-10578,Interne Fernbetreuung,Mittel,M. Fischer,2026-06-12T15:40:00,2026-06-12T23:36:19.494202,7.94,12,False,False
TS-10579,Interne Fernbetreuung,Niedrig,L. Hoffmann,2026-05-22T11:43:00,2026-05-22T15:56:29.750625,4.22,12,False,False
TS-10580,Interne Fernbetreuung,Mittel,S. Wagner,2026-04-28T16:36:00,2026-04-28T22:38:57.526724,6.05,12,False,False
TS-10581,Interne Fernbetreuung,Hoch,L. Hoffmann,2026-05-27T18:16:00,2026-05-28T03:15:44.055193,9.0,12,False,False
TS-10582,Drucker/Scanner,Mittel,S. Wagner,2026-01-27T16:52:00,2026-01-27T19:43:27.657811,2.86,8,False,False
TS-10583,Exchange-Umfeld,Mittel,L. Hoffmann,2026-03-26T16:06:00,2026-03-27T06:45:41.354601,14.66,12,True,False
TS-10584,Interne Fernbetreuung,Mittel,A. Bauer,2026-01-02T07:01:00,2026-01-02T11:47:00.368664,4.77,12,False,False
TS-10585,Benutzerverwaltung,Hoch,S. Wagner,2026-03-02T11:54:00,2026-03-02T16:27:13.667811,4.55,6,False,False
TS-10586,Drucker/Scanner,Niedrig,L. Hoffmann,2026-04-13T16:28:00,2026-04-13T21:53:55.258460,5.43,8,False,False
TS-10587,Exchange-Umfeld,Mittel,M. Fischer,2026-03-17T08:21:00,2026-03-17T15:28:22.195667,7.12,12,False,False
TS-10588,Benutzerverwaltung,Mittel,M. Fischer,2026-03-09T12:17:00,2026-03-09T13:40:06.373857,1.39,6,False,False
TS-10589,Benutzerverwaltung,Niedrig,A. Bauer,2026-04-27T14:16:00,2026-04-27T15:39:25.892748,1.39,6,False,False
TS-10590,Exchange-Umfeld,Niedrig,A. Bauer,2026-05-22T07:49:00,2026-05-22T16:45:09.849985,8.94,12,False,False
TS-10591,Benutzerverwaltung,Niedrig,S. Wagner,2026-01-12T15:32:00,2026-01-12T22:26:11.901975,6.9,6,True,False
TS-10592,Interne Fernbetreuung,Mittel,S. Wagner,2026-01-20T12:53:00,2026-01-20T22:07:57.450818,9.25,12,False,False
TS-10593,Exchange-Umfeld,Niedrig,J. Schulz,2026-03-17T18:16:00,2026-03-18T03:48:31.598217,9.54,12,False,False
TS-10594,Drucker/Scanner,Niedrig,J. Schulz,2026-03-30T10:07:00,2026-03-30T14:33:22.497881,4.44,8,False,False
TS-10595,Benutzerverwaltung,Niedrig,S. Wagner,2026-03-25T07:43:00,2026-03-25T10:23:00.158344,2.67,6,False,True
TS-10596,Drucker/Scanner,Niedrig,M. Fischer,2026-01-27T18:49:00,2026-01-27T22:37:20.097498,3.81,8,False,True
TS-10597,Drucker/Scanner,Mittel,S. Wagner,2026-05-15T17:49:00,2026-05-15T19:15:15.349355,1.44,8,False,False
TS-10598,Benutzerverwaltung,Niedrig,K. Krueger,2026-03-09T12:14:00,2026-03-09T16:58:15.357767,4.74,6,False,True
TS-10599,Exchange-Umfeld,Hoch,M. Fischer,2026-03-23T07:33:00,2026-03-23T17:58:06.707331,10.42,12,False,False
TS-10600,Interne Fernbetreuung,Hoch,M. Fischer,2026-01-30T15:15:00,2026-01-31T02:02:22.379281,10.79,12,False,False
TS-10601,Exchange-Umfeld,Mittel,J. Schulz,2026-03-03T16:31:00,2026-03-04T02:44:23.208881,10.22,12,False,False
TS-10602,Drucker/Scanner,Mittel,K. Krueger,2026-03-09T09:02:00,2026-03-09T11:06:38.440385,2.08,8,False,True
TS-10603,Drucker/Scanner,Hoch,K. Krueger,2026-01-02T07:54:00,2026-01-02T14:12:12.763999,6.3,8,False,False
TS-10604,Drucker/Scanner,Mittel,M. Fischer,2026-06-03T12:57:00,2026-06-03T16:35:08.808128,3.64,8,False,False
TS-10605,Drucker/Scanner,Niedrig,J. Schulz,2026-02-05T09:35:00,2026-02-05T13:25:44.378002,3.85,8,False,True
TS-10606,Drucker/Scanner,Mittel,S. Wagner,2026-05-25T07:15:00,2026-05-25T11:00:32.144230,3.76,8,False,True
TS-10607,Exchange-Umfeld,Niedrig,J. Schulz,2026-06-23T17:23:00,2026-06-24T02:05:05.982038,8.7,12,False,False
TS-10608,Drucker/Scanner,Niedrig,M. Fischer,2026-05-28T11:51:00,2026-05-28T18:04:47.130328,6.23,8,False,False
TS-10609,Benutzerverwaltung,Mittel,K. Krueger,2026-01-29T12:37:00,2026-01-29T17:55:40.668492,5.31,6,False,False
TS-10610,Interne Fernbetreuung,Niedrig,A. Bauer,2026-04-02T11:29:00,2026-04-02T17:20:08.129728,5.85,12,False,False
TS-10611,Drucker/Scanner,Niedrig,K. Krueger,2026-01-21T12:50:00,2026-01-21T18:06:30.642154,5.28,8,False,True
TS-10612,Drucker/Scanner,Mittel,K. Krueger,2026-02-10T16:29:00,2026-02-10T22:35:29.189654,6.11,8,False,True
TS-10613,Drucker/Scanner,Niedrig,L. Hoffmann,2026-02-04T07:28:00,2026-02-04T11:22:07.601635,3.9,8,False,False
TS-10614,Drucker/Scanner,Niedrig,K. Krueger,2026-01-14T13:18:00,2026-01-14T16:21:22.197192,3.06,8,False,False
TS-10615,Benutzerverwaltung,Niedrig,J. Schulz,2026-05-05T14:38:00,2026-05-05T16:55:36.294879,2.29,6,False,False
TS-10616,Drucker/Scanner,Mittel,J. Schulz,2026-02-12T12:07:00,2026-02-12T13:55:58.138430,1.82,8,False,True
TS-10617,Drucker/Scanner,Mittel,J. Schulz,2026-01-05T14:50:00,2026-01-05T18:46:43.559351,3.95,8,False,False
TS-10618,Benutzerverwaltung,Niedrig,M. Fischer,2026-02-26T11:36:00,2026-02-26T15:28:25.143391,3.87,6,False,True
TS-10619,Exchange-Umfeld,Niedrig,A. Bauer,2026-06-09T13:46:00,2026-06-09T18:44:33.263024,4.98,12,False,False
TS-10620,Drucker/Scanner,Mittel,L. Hoffmann,2026-06-05T13:08:00,2026-06-05T19:10:40.847926,6.04,8,False,True
TS-10621,Drucker/Scanner,Mittel,K. Krueger,2026-04-10T16:52:00,2026-04-10T18:24:06.811843,1.54,8,False,False
TS-10622,Exchange-Umfeld,Mittel,J. Schulz,2026-06-22T14:39:00,2026-06-22T23:13:06.571362,8.57,12,False,False
TS-10623,Interne Fernbetreuung,Niedrig,J. Schulz,2026-03-30T11:51:00,2026-03-30T16:16:00.424479,4.42,12,False,False
TS-10624,Drucker/Scanner,Hoch,K. Krueger,2026-06-03T10:50:00,2026-06-03T16:49:08.153286,5.99,8,False,True
TS-10625,Interne Fernbetreuung,Hoch,K. Krueger,2026-04-27T07:47:00,2026-04-27T09:13:12.485311,1.44,12,False,False
TS-10626,Benutzerverwaltung,Niedrig,M. Fischer,2026-05-15T11:44:00,2026-05-15T15:11:38.422369,3.46,6,False,False
TS-10627,Drucker/Scanner,Hoch,L. Hoffmann,2026-02-11T12:13:00,2026-02-11T15:30:37.030566,3.29,8,False,False
TS-10628,Drucker/Scanner,Niedrig,S. Wagner,2026-02-02T11:36:00,2026-02-02T15:18:27.704642,3.71,8,False,True
TS-10629,Drucker/Scanner,Mittel,A. Bauer,2026-06-02T15:33:00,2026-06-02T20:47:53.807976,5.25,8,False,False
TS-10630,Exchange-Umfeld,Mittel,K. Krueger,2026-01-15T07:21:00,2026-01-15T15:37:00.990408,8.27,12,False,False
TS-10631,Benutzerverwaltung,Niedrig,L. Hoffmann,2026-01-22T16:55:00,2026-01-22T17:53:02.263472,0.97,6,False,True
TS-10632,Interne Fernbetreuung,Mittel,L. Hoffmann,2026-02-02T13:52:00,2026-02-02T19:23:31.620889,5.53,12,False,False
TS-10633,Benutzerverwaltung,Hoch,K. Krueger,2026-06-01T13:34:00,2026-06-01T16:50:08.315482,3.27,6,False,True
TS-10634,Interne Fernbetreuung,Niedrig,A. Bauer,2026-02-19T10:20:00,2026-02-19T14:25:45.572008,4.1,12,False,False
TS-10635,Exchange-Umfeld,Niedrig,K. Krueger,2026-04-01T10:56:00,2026-04-01T16:45:57.652375,5.83,12,False,False
TS-10636,Interne Fernbetreuung,Mittel,M. Fischer,2026-04-16T10:21:00,2026-04-16T22:14:36.939571,11.89,12,False,False
TS-10637,Drucker/Scanner,Niedrig,J. Schulz,2026-06-18T18:10:00,2026-06-19T00:40:41.783020,6.51,8,False,False
TS-10638,Exchange-Umfeld,Mittel,L. Hoffmann,2026-05-14T11:26:00,2026-05-14T19:49:16.640018,8.39,12,False,False
TS-10639,Benutzerverwaltung,Mittel,J. Schulz,2026-06-12T12:16:00,2026-06-12T14:14:52.718765,1.98,6,False,False
TS-10640,Benutzerverwaltung,Mittel,A. Bauer,2026-05-25T17:06:00,2026-05-25T19:53:32.600000,2.79,6,False,True
TS-10641,Drucker/Scanner,Mittel,L. Hoffmann,2026-01-26T10:55:00,2026-01-26T17:45:54.698716,6.85,8,False,True
TS-10642,Benutzerverwaltung,Mittel,J. Schulz,2026-03-25T10:08:00,2026-03-25T13:09:55.484049,3.03,6,False,False
TS-10643,Benutzerverwaltung,Mittel,S. Wagner,2026-03-05T10:39:00,2026-03-05T14:04:30.561629,3.43,6,False,True
TS-10644,Drucker/Scanner,Niedrig,M. Fischer,2026-06-16T14:16:00,2026-06-16T18:33:25.386355,4.29,8,False,False
TS-10645,Exchange-Umfeld,Niedrig,M. Fischer,2026-04-14T12:27:00,2026-04-14T18:54:51.310833,6.46,12,False,False
TS-10646,Drucker/Scanner,Hoch,K. Krueger,2026-06-02T15:31:00,2026-06-02T20:38:36.554709,5.13,8,False,False
TS-10647,Drucker/Scanner,Hoch,M. Fischer,2026-03-20T14:55:00,2026-03-20T19:50:52.427109,4.93,8,False,True
TS-10648,Drucker/Scanner,Mittel,L. Hoffmann,2026-01-07T12:52:00,2026-01-07T21:20:16.255831,8.47,8,True,False
TS-10649,Benutzerverwaltung,Niedrig,L. Hoffmann,2026-01-06T18:03:00,2026-01-06T21:47:54.780607,3.75,6,False,True
TS-10650,Benutzerverwaltung,Mittel,S. Wagner,2026-01-07T15:24:00,2026-01-07T19:20:31.064967,3.94,6,False,True
TS-10651,Benutzerverwaltung,Mittel,K. Krueger,2026-06-22T17:07:00,2026-06-22T20:51:30.322863,3.74,6,False,False
TS-10652,Exchange-Umfeld,Niedrig,L. Hoffmann,2026-05-15T17:06:00,2026-05-16T05:29:07.832840,12.39,12,True,False
TS-10653,Benutzerverwaltung,Niedrig,M. Fischer,2026-03-13T08:06:00,2026-03-13T08:55:50.458565,0.83,6,False,False
TS-10654,Drucker/Scanner,Niedrig,A. Bauer,2026-06-04T11:25:00,2026-06-04T16:06:28.037685,4.69,8,False,False
TS-10655,Drucker/Scanner,Niedrig,M. Fischer,2026-06-26T17:29:00,2026-06-26T23:48:47.601988,6.33,8,False,False
TS-10656,Exchange-Umfeld,Mittel,M. Fischer,2026-02-09T13:55:00,2026-02-09T20:57:50.963889,7.05,12,False,False
TS-10657,Benutzerverwaltung,Niedrig,K. Krueger,2026-05-22T18:42:00,2026-05-22T20:18:54.300705,1.62,6,False,False
TS-10658,Benutzerverwaltung,Mittel,L. Hoffmann,2026-02-05T07:56:00,2026-02-05T10:14:28.303588,2.31,6,False,False
TS-10659,Benutzerverwaltung,Niedrig,K. Krueger,2026-03-18T15:32:00,2026-03-18T20:23:33.389565,4.86,6,False,True
TS-10660,Exchange-Umfeld,Niedrig,M. Fischer,2026-04-22T11:18:00,2026-04-22T21:08:04.441552,9.83,12,False,False
TS-10661,Exchange-Umfeld,Niedrig,J. Schulz,2026-03-19T11:12:00,2026-03-19T16:46:19.012409,5.57,12,False,False
TS-10662,Exchange-Umfeld,Mittel,S. Wagner,2026-02-11T12:13:00,2026-02-11T17:19:10.355866,5.1,12,False,False
TS-10663,Benutzerverwaltung,Hoch,K. Krueger,2026-04-23T17:06:00,2026-04-23T20:55:23.091279,3.82,6,False,True
TS-10664,Benutzerverwaltung,Mittel,A. Bauer,2026-03-10T11:00:00,2026-03-10T13:13:45.569863,2.23,6,False,False
TS-10665,Benutzerverwaltung,Niedrig,J. Schulz,2026-04-20T18:24:00,2026-04-20T22:02:07.887353,3.64,6,False,False
TS-10666,Benutzerverwaltung,Niedrig,K. Krueger,2026-01-23T07:09:00,2026-01-23T14:24:44.172171,7.26,6,True,True
TS-10667,Drucker/Scanner,Mittel,S. Wagner,2026-03-16T14:15:00,2026-03-16T16:50:39.365442,2.59,8,False,True
TS-10668,Drucker/Scanner,Niedrig,L. Hoffmann,2026-02-04T07:57:00,2026-02-04T11:30:22.150449,3.56,8,False,True
TS-10669,Benutzerverwaltung,Niedrig,A. Bauer,2026-06-16T09:02:00,2026-06-16T10:26:53.325178,1.41,6,False,False
TS-10670,Benutzerverwaltung,Niedrig,J. Schulz,2026-01-07T17:56:00,2026-01-07T19:11:39.179636,1.26,6,False,True
TS-10671,Exchange-Umfeld,Niedrig,A. Bauer,2026-05-06T09:53:00,2026-05-06T20:00:24.967364,10.12,12,False,False
TS-10672,Exchange-Umfeld,Mittel,L. Hoffmann,2026-05-13T08:33:00,2026-05-13T18:56:07.135914,10.39,12,False,False
TS-10673,Exchange-Umfeld,Mittel,A. Bauer,2026-03-24T11:14:00,2026-03-25T02:56:45.369914,15.71,12,True,False
TS-10674,Drucker/Scanner,Mittel,L. Hoffmann,2026-06-22T11:57:00,2026-06-22T18:37:43.981090,6.68,8,False,False
TS-10675,Drucker/Scanner,Niedrig,J. Schulz,2026-04-28T07:30:00,2026-04-28T13:07:17.058638,5.62,8,False,False
TS-10676,Drucker/Scanner,Hoch,K. Krueger,2026-05-15T09:54:00,2026-05-15T15:40:30.111118,5.78,8,False,True
TS-10677,Interne Fernbetreuung,Niedrig,L. Hoffmann,2026-05-29T07:03:00,2026-05-29T17:16:19.130039,10.22,12,False,False
TS-10678,Interne Fernbetreuung,Hoch,M. Fischer,2026-04-27T18:39:00,2026-04-27T23:54:56.778783,5.27,12,False,False
TS-10679,Drucker/Scanner,Mittel,A. Bauer,2026-04-23T15:07:00,2026-04-23T21:30:21.747993,6.39,8,False,False
TS-10680,Drucker/Scanner,Niedrig,L. Hoffmann,2026-04-17T10:34:00,2026-04-17T14:33:12.299546,3.99,8,False,False
TS-10681,Drucker/Scanner,Hoch,A. Bauer,2026-06-18T13:42:00,2026-06-18T19:33:47.174684,5.86,8,False,False
TS-10682,Interne Fernbetreuung,Mittel,J. Schulz,2026-04-28T08:47:00,2026-04-28T17:27:50.160532,8.68,12,False,False
TS-10683,Interne Fernbetreuung,Niedrig,S. Wagner,2026-04-15T15:02:00,2026-04-15T22:58:21.621897,7.94,12,False,False
TS-10684,Drucker/Scanner,Hoch,L. Hoffmann,2026-01-22T17:36:00,2026-01-22T17:51:00,0.25,8,False,True
TS-10685,Interne Fernbetreuung,Niedrig,K. Krueger,2026-06-18T07:53:00,2026-06-18T16:13:19.896594,8.34,12,False,False
TS-10686,Interne Fernbetreuung,Hoch,L. Hoffmann,2026-04-15T09:35:00,2026-04-15T10:57:00.089611,1.37,12,False,False
TS-10687,Drucker/Scanner,Mittel,S. Wagner,2026-01-15T15:23:00,2026-01-15T18:35:34.656793,3.21,8,False,True
TS-10688,Drucker/Scanner,Niedrig,J. Schulz,2026-06-09T11:53:00,2026-06-09T16:19:44.010354,4.45,8,False,False
TS-10689,Exchange-Umfeld,Niedrig,M. Fischer,2026-02-12T17:06:00,2026-02-13T05:19:09.214610,12.22,12,True,False
TS-10690,Exchange-Umfeld,Niedrig,M. Fischer,2026-03-10T13:32:00,2026-03-10T21:07:09.795608,7.59,12,False,False
TS-10691,Interne Fernbetreuung,Hoch,L. Hoffmann,2026-04-07T11:21:00,2026-04-07T18:43:56.473640,7.38,12,False,False
TS-10692,Interne Fernbetreuung,Mittel,M. Fischer,2026-03-02T16:37:00,2026-03-02T17:51:02.168051,1.23,12,False,False
TS-10693,Drucker/Scanner,Niedrig,M. Fischer,2026-02-17T14:14:00,2026-02-17T16:47:33.997134,2.56,8,False,True
TS-10694,Benutzerverwaltung,Niedrig,A. Bauer,2026-01-08T09:39:00,2026-01-08T12:00:09.449965,2.35,6,False,False
TS-10695,Drucker/Scanner,Mittel,K. Krueger,2026-04-08T08:39:00,2026-04-08T16:10:38.388220,7.53,8,False,True
TS-10696,Interne Fernbetreuung,Mittel,M. Fischer,2026-02-27T16:37:00,2026-02-27T23:56:55.247089,7.33,12,False,False
TS-10697,Drucker/Scanner,Hoch,L. Hoffmann,2026-01-26T07:04:00,2026-01-26T11:19:13.493599,4.25,8,False,False
TS-10698,Drucker/Scanner,Hoch,M. Fischer,2026-05-06T15:43:00,2026-05-06T19:23:36.007031,3.68,8,False,False
TS-10699,Benutzerverwaltung,Hoch,S. Wagner,2026-01-19T13:40:00,2026-01-19T14:52:03.300351,1.2,6,False,False
TS-10700,Drucker/Scanner,Niedrig,J. Schulz,2026-05-26T16:21:00,2026-05-26T19:05:30.491621,2.74,8,False,True
TS-10701,Drucker/Scanner,Mittel,J. Schulz,2026-03-16T15:18:00,2026-03-16T19:39:44.244473,4.36,8,False,False
TS-10702,Benutzerverwaltung,Mittel,S. Wagner,2026-06-17T14:04:00,2026-06-17T14:42:25.602568,0.64,6,False,False
TS-10703,Interne Fernbetreuung,Mittel,J. Schulz,2026-06-16T11:13:00,2026-06-16T18:03:44.715204,6.85,12,False,False
TS-10704,Benutzerverwaltung,Niedrig,S. Wagner,2026-04-24T17:09:00,2026-04-24T20:27:13.881446,3.3,6,False,False
TS-10705,Drucker/Scanner,Niedrig,A. Bauer,2026-02-04T17:33:00,2026-02-04T19:17:35.249081,1.74,8,False,True
TS-10706,Drucker/Scanner,Mittel,S. Wagner,2026-06-22T18:57:00,2026-06-22T20:48:21.112283,1.86,8,False,True
TS-10707,Exchange-Umfeld,Niedrig,K. Krueger,2026-04-22T12:19:00,2026-04-22T20:16:34.023444,7.96,12,False,False
TS-10708,Exchange-Umfeld,Niedrig,J. Schulz,2026-01-12T10:27:00,2026-01-12T20:11:39.113145,9.74,12,False,False
TS-10709,Benutzerverwaltung,Hoch,M. Fischer,2026-02-23T08:17:00,2026-02-23T09:07:19.378512,0.84,6,False,False
TS-10710,Drucker/Scanner,Niedrig,M. Fischer,2026-01-05T11:09:00,2026-01-05T11:24:00,0.25,8,False,True
TS-10711,Drucker/Scanner,Niedrig,J. Schulz,2026-05-19T17:01:00,2026-05-19T23:19:24.085136,6.31,8,False,False
TS-10712,Drucker/Scanner,Niedrig,M. Fischer,2026-01-19T07:55:00,2026-01-19T11:34:38.686966,3.66,8,False,False
TS-10713,Benutzerverwaltung,Niedrig,A. Bauer,2026-03-09T07:31:00,2026-03-09T10:07:16.496522,2.6,6,False,False
TS-10714,Drucker/Scanner,Mittel,K. Krueger,2026-03-23T17:33:00,2026-03-24T00:46:00.733887,7.22,8,False,False
TS-10715,Exchange-Umfeld,Hoch,L. Hoffmann,2026-02-24T15:32:00,2026-02-24T15:47:00,0.25,12,False,False
TS-10716,Drucker/Scanner,Niedrig,S. Wagner,2026-02-17T12:04:00,2026-02-17T17:43:53.281610,5.66,8,False,False
TS-10717,Drucker/Scanner,Hoch,A. Bauer,2026-02-17T07:26:00,2026-02-17T12:39:43.603054,5.23,8,False,False
TS-10718,Exchange-Umfeld,Hoch,A. Bauer,2026-05-27T18:20:00,2026-05-28T03:23:54.723651,9.07,12,False,False
TS-10719,Drucker/Scanner,Mittel,K. Krueger,2026-03-25T08:40:00,2026-03-25T13:02:05.101149,4.37,8,False,False
TS-10720,Drucker/Scanner,Niedrig,L. Hoffmann,2026-04-30T07:48:00,2026-04-30T12:56:39.082887,5.14,8,False,False
TS-10721,Interne Fernbetreuung,Niedrig,S. Wagner,2026-01-29T09:34:00,2026-01-29T16:55:34.907907,7.36,12,False,False
TS-10722,Exchange-Umfeld,Hoch,S. Wagner,2026-03-10T12:03:00,2026-03-11T00:06:55.992012,12.07,12,True,False
TS-10723,Drucker/Scanner,Niedrig,M. Fischer,2026-01-02T09:31:00,2026-01-02T14:09:12.408782,4.64,8,False,True
TS-10724,Benutzerverwaltung,Mittel,A. Bauer,2026-06-19T08:10:00,2026-06-19T12:06:02.416860,3.93,6,False,True
TS-10725,Interne Fernbetreuung,Niedrig,J. Schulz,2026-04-08T07:40:00,2026-04-08T17:23:20.118502,9.72,12,False,False
TS-10726,Benutzerverwaltung,Hoch,S. Wagner,2026-04-30T15:06:00,2026-04-30T21:27:58.430995,6.37,6,True,False
TS-10727,Interne Fernbetreuung,Hoch,A. Bauer,2026-06-04T16:57:00,2026-06-04T18:53:16.924591,1.94,12,False,False
TS-10728,Exchange-Umfeld,Niedrig,S. Wagner,2026-06-15T18:06:00,2026-06-16T01:25:18.060437,7.32,12,False,False
TS-10729,Exchange-Umfeld,Hoch,K. Krueger,2026-04-10T18:35:00,2026-04-11T07:25:17.815108,12.84,12,True,False
TS-10730,Exchange-Umfeld,Niedrig,A. Bauer,2026-02-18T10:04:00,2026-02-18T21:25:27.667587,11.36,12,False,False
TS-10731,Benutzerverwaltung,Hoch,A. Bauer,2026-04-07T17:04:00,2026-04-07T17:20:30.814124,0.28,6,False,False
TS-10732,Benutzerverwaltung,Niedrig,S. Wagner,2026-01-12T12:09:00,2026-01-12T16:00:26.945226,3.86,6,False,False
TS-10733,Benutzerverwaltung,Niedrig,J. Schulz,2026-02-13T14:43:00,2026-02-13T19:08:55.861588,4.43,6,False,True
TS-10734,Benutzerverwaltung,Mittel,K. Krueger,2026-06-11T12:20:00,2026-06-11T17:49:56.227525,5.5,6,False,True
TS-10735,Interne Fernbetreuung,Niedrig,K. Krueger,2026-03-16T12:39:00,2026-03-16T23:27:33.080565,10.81,12,False,False
TS-10736,Benutzerverwaltung,Niedrig,A. Bauer,2026-06-12T15:55:00,2026-06-12T18:13:04.542863,2.3,6,False,True
TS-10737,Drucker/Scanner,Niedrig,A. Bauer,2026-06-15T16:12:00,2026-06-15T19:05:30.970712,2.89,8,False,True
TS-10738,Drucker/Scanner,Niedrig,K. Krueger,2026-06-23T07:21:00,2026-06-23T09:59:18.532223,2.64,8,False,False
TS-10739,Exchange-Umfeld,Hoch,K. Krueger,2026-06-18T14:30:00,2026-06-18T21:01:46.383121,6.53,12,False,False
TS-10740,Interne Fernbetreuung,Hoch,L. Hoffmann,2026-04-06T07:05:00,2026-04-06T08:29:25.336921,1.41,12,False,False
TS-10741,Drucker/Scanner,Niedrig,J. Schulz,2026-01-28T13:06:00,2026-01-28T17:46:27.450710,4.67,8,False,False
TS-10742,Exchange-Umfeld,Mittel,M. Fischer,2026-05-27T13:00:00,2026-05-28T01:21:40.866495,12.36,12,True,False
TS-10743,Benutzerverwaltung,Niedrig,L. Hoffmann,2026-04-29T09:28:00,2026-04-29T11:07:01.854817,1.65,6,False,False
TS-10744,Exchange-Umfeld,Hoch,J. Schulz,2026-05-01T14:24:00,2026-05-01T22:44:30.396755,8.34,12,False,False
TS-10745,Benutzerverwaltung,Niedrig,M. Fischer,2026-05-20T17:40:00,2026-05-20T22:50:18.324478,5.17,6,False,False
TS-10746,Interne Fernbetreuung,Niedrig,A. Bauer,2026-06-17T07:28:00,2026-06-17T10:03:07.805522,2.59,12,False,False
TS-10747,Drucker/Scanner,Niedrig,L. Hoffmann,2026-03-25T13:31:00,2026-03-25T17:43:41.319115,4.21,8,False,True
TS-10748,Interne Fernbetreuung,Niedrig,L. Hoffmann,2026-05-26T12:56:00,2026-05-26T19:31:58.370504,6.6,12,False,False
TS-10749,Interne Fernbetreuung,Niedrig,K. Krueger,2026-04-22T16:58:00,2026-04-23T00:36:32.358848,7.64,12,False,False
TS-10750,Drucker/Scanner,Niedrig,K. Krueger,2026-02-25T08:39:00,2026-02-25T16:01:51.809217,7.38,8,False,False
TS-10751,Benutzerverwaltung,Niedrig,J. Schulz,2026-05-18T14:56:00,2026-05-18T16:47:18.742861,1.86,6,False,True
TS-10752,Exchange-Umfeld,Niedrig,M. Fischer,2026-04-13T12:52:00,2026-04-14T01:54:51.112079,13.05,12,True,False
TS-10753,Exchange-Umfeld,Niedrig,J. Schulz,2026-02-24T08:20:00,2026-02-24T16:34:12.756548,8.24,12,False,False
TS-10754,Drucker/Scanner,Mittel,S. Wagner,2026-03-05T17:40:00,2026-03-06T00:05:04.419116,6.42,8,False,True
TS-10755,Drucker/Scanner,Niedrig,A. Bauer,2026-03-18T08:13:00,2026-03-18T10:17:52.780413,2.08,8,False,True
TS-10756,Drucker/Scanner,Niedrig,K. Krueger,2026-04-22T17:20:00,2026-04-22T20:21:01.324906,3.02,8,False,False
TS-10757,Drucker/Scanner,Mittel,A. Bauer,2026-02-03T14:41:00,2026-02-03T22:13:28.941184,7.54,8,False,True
TS-10758,Benutzerverwaltung,Mittel,K. Krueger,2026-03-10T10:32:00,2026-03-10T17:49:04.529966,7.28,6,True,False
TS-10759,Drucker/Scanner,Hoch,S. Wagner,2026-02-17T12:25:00,2026-02-17T14:24:49.695612,2.0,8,False,True
TS-10760,Benutzerverwaltung,Niedrig,J. Schulz,2026-04-17T09:38:00,2026-04-17T11:30:27.506038,1.87,6,False,False
TS-10761,Benutzerverwaltung,Niedrig,J. Schulz,2026-05-06T12:40:00,2026-05-06T16:00:07.762611,3.34,6,False,True
TS-10762,Interne Fernbetreuung,Mittel,J. Schulz,2026-06-16T11:39:00,2026-06-16T15:07:29.063307,3.47,12,False,False
TS-10763,Exchange-Umfeld,Hoch,J. Schulz,2026-03-30T17:28:00,2026-03-31T03:53:21.802444,10.42,12,False,False
TS-10764,Benutzerverwaltung,Niedrig,L. Hoffmann,2026-05-19T12:40:00,2026-05-19T18:15:10.342117,5.59,6,False,False
TS-10765,Benutzerverwaltung,Niedrig,S. Wagner,2026-02-26T17:45:00,2026-02-26T20:51:19.906379,3.11,6,False,False
TS-10766,Benutzerverwaltung,Niedrig,L. Hoffmann,2026-06-04T15:56:00,2026-06-04T19:05:01.468865,3.15,6,False,True
TS-10767,Drucker/Scanner,Mittel,M. Fischer,2026-01-14T14:43:00,2026-01-14T19:41:01.282669,4.97,8,False,False
TS-10768,Drucker/Scanner,Mittel,L. Hoffmann,2026-06-16T16:39:00,2026-06-16T18:44:24.437271,2.09,8,False,False
TS-10769,Drucker/Scanner,Hoch,J. Schulz,2026-02-11T10:59:00,2026-02-11T16:15:18.216632,5.27,8,False,False
TS-10770,Exchange-Umfeld,Niedrig,J. Schulz,2026-03-11T12:12:00,2026-03-12T02:47:35.870293,14.59,12,True,False
TS-10771,Drucker/Scanner,Niedrig,M. Fischer,2026-06-04T10:53:00,2026-06-04T13:22:34.377381,2.49,8,False,False
TS-10772,Drucker/Scanner,Niedrig,A. Bauer,2026-01-21T18:06:00,2026-01-21T22:26:30.621208,4.34,8,False,True
TS-10773,Exchange-Umfeld,Niedrig,M. Fischer,2026-03-16T11:31:00,2026-03-16T14:13:25.483141,2.71,12,False,False
TS-10774,Interne Fernbetreuung,Niedrig,J. Schulz,2026-04-06T15:59:00,2026-04-06T16:55:21.747719,0.94,12,False,False
TS-10775,Benutzerverwaltung,Hoch,J. Schulz,2026-06-08T14:39:00,2026-06-08T15:35:25.018457,0.94,6,False,False
TS-10776,Exchange-Umfeld,Niedrig,K. Krueger,2026-06-24T09:51:00,2026-06-24T21:04:48.819208,11.23,12,False,False
TS-10777,Exchange-Umfeld,Hoch,K. Krueger,2026-02-26T17:32:00,2026-02-27T01:56:17.362626,8.4,12,False,False
TS-10778,Benutzerverwaltung,Mittel,K. Krueger,2026-03-31T18:06:00,2026-03-31T20:15:53.379635,2.16,6,False,False
TS-10779,Interne Fernbetreuung,Niedrig,J. Schulz,2026-05-20T13:01:00,2026-05-20T13:58:47.226292,0.96,12,False,False
TS-10780,Benutzerverwaltung,Mittel,K. Krueger,2026-03-04T08:05:00,2026-03-04T11:57:05.308961,3.87,6,False,True
TS-10781,Benutzerverwaltung,Mittel,L. Hoffmann,2026-06-11T17:57:00,2026-06-11T19:54:11.698860,1.95,6,False,True
TS-10782,Benutzerverwaltung,Niedrig,S. Wagner,2026-01-26T18:00:00,2026-01-26T20:15:12.589730,2.25,6,False,True
TS-10783,Exchange-Umfeld,Hoch,K. Krueger,2026-02-16T14:41:00,2026-02-17T02:47:48.326048,12.11,12,True,False
TS-10784,Benutzerverwaltung,Mittel,M. Fischer,2026-02-10T16:04:00,2026-02-10T17:31:10.499717,1.45,6,False,False
TS-10785,Drucker/Scanner,Niedrig,S. Wagner,2026-05-13T12:48:00,2026-05-13T13:03:00,0.25,8,False,True
TS-10786,Drucker/Scanner,Mittel,A. Bauer,2026-04-16T18:31:00,2026-04-16T21:59:16.007961,3.47,8,False,False
TS-10787,Interne Fernbetreuung,Niedrig,L. Hoffmann,2026-06-01T14:19:00,2026-06-01T16:18:43.932740,2.0,12,False,False
TS-10788,Benutzerverwaltung,Hoch,A. Bauer,2026-06-18T17:59:00,2026-06-18T21:44:27.004803,3.76,6,False,False
TS-10789,Benutzerverwaltung,Hoch,S. Wagner,2026-02-16T11:42:00,2026-02-16T12:25:58.004744,0.73,6,False,False
TS-10790,Drucker/Scanner,Niedrig,J. Schulz,2026-06-10T18:34:00,2026-06-10T23:23:20.462353,4.82,8,False,True
TS-10791,Benutzerverwaltung,Niedrig,M. Fischer,2026-05-28T12:27:00,2026-05-28T14:08:22.075632,1.69,6,False,True
TS-10792,Drucker/Scanner,Niedrig,M. Fischer,2026-02-19T07:31:00,2026-02-19T12:11:41.813170,4.68,8,False,False
TS-10793,Drucker/Scanner,Hoch,M. Fischer,2026-04-20T10:33:00,2026-04-20T13:35:08.413432,3.04,8,False,True
TS-10794,Drucker/Scanner,Niedrig,M. Fischer,2026-03-27T15:48:00,2026-03-27T20:08:27.634574,4.34,8,False,False
TS-10795,Drucker/Scanner,Niedrig,M. Fischer,2026-01-22T16:05:00,2026-01-22T22:16:02.554779,6.18,8,False,True
TS-10796,Benutzerverwaltung,Mittel,L. Hoffmann,2026-05-15T09:19:00,2026-05-15T13:33:48.786369,4.25,6,False,True
TS-10797,Drucker/Scanner,Niedrig,S. Wagner,2026-02-03T18:40:00,2026-02-03T22:32:12.811679,3.87,8,False,False
TS-10798,Interne Fernbetreuung,Niedrig,L. Hoffmann,2026-03-03T09:47:00,2026-03-03T13:36:09.845834,3.82,12,False,False
TS-10799,Drucker/Scanner,Mittel,J. Schulz,2026-01-05T11:06:00,2026-01-05T13:43:30.773327,2.63,8,False,True
TS-10800,Drucker/Scanner,Niedrig,K. Krueger,2026-03-20T08:42:00,2026-03-20T13:36:52.820350,4.91,8,False,False
TS-10801,Drucker/Scanner,Niedrig,J. Schulz,2026-06-22T08:45:00,2026-06-22T15:12:28.043977,6.46,8,False,True
TS-10802,Exchange-Umfeld,Niedrig,K. Krueger,2026-06-18T07:54:00,2026-06-18T20:58:04.807515,13.07,12,True,False
TS-10803,Exchange-Umfeld,Niedrig,M. Fischer,2026-01-02T11:15:00,2026-01-02T23:50:28.889180,12.59,12,True,False
TS-10804,Exchange-Umfeld,Hoch,M. Fischer,2026-03-12T07:25:00,2026-03-12T14:35:16.373644,7.17,12,False,False
TS-10805,Drucker/Scanner,Niedrig,M. Fischer,2026-06-09T18:06:00,2026-06-09T23:06:50.949730,5.01,8,False,False
TS-10806,Benutzerverwaltung,Niedrig,J. Schulz,2026-01-28T15:25:00,2026-01-28T18:16:15.080868,2.85,6,False,False
TS-10807,Exchange-Umfeld,Niedrig,S. Wagner,2026-05-21T09:44:00,2026-05-21T21:22:26.163297,11.64,12,False,False
TS-10808,Exchange-Umfeld,Hoch,M. Fischer,2026-02-17T08:45:00,2026-02-17T17:21:12.683996,8.6,12,False,False
TS-10809,Drucker/Scanner,Hoch,K. Krueger,2026-01-28T17:15:00,2026-01-29T00:34:28.178048,7.32,8,False,True
TS-10810,Drucker/Scanner,Hoch,S. Wagner,2026-01-13T08:52:00,2026-01-13T16:13:30.394432,7.36,8,False,False
TS-10811,Drucker/Scanner,Niedrig,J. Schulz,2026-06-08T15:15:00,2026-06-08T23:46:02.671048,8.52,8,True,True
TS-10812,Exchange-Umfeld,Niedrig,J. Schulz,2026-06-09T14:06:00,2026-06-10T01:52:24.886051,11.77,12,False,False
TS-10813,Interne Fernbetreuung,Hoch,K. Krueger,2026-05-27T16:08:00,2026-05-27T19:45:52.310520,3.63,12,False,False
TS-10814,Drucker/Scanner,Mittel,M. Fischer,2026-04-10T12:46:00,2026-04-10T15:27:38.302788,2.69,8,False,False
TS-10815,Drucker/Scanner,Niedrig,J. Schulz,2026-05-08T17:59:00,2026-05-08T21:43:43.814629,3.75,8,False,False
TS-10816,Interne Fernbetreuung,Niedrig,S. Wagner,2026-04-29T07:34:00,2026-04-29T12:26:13.154177,4.87,12,False,False
TS-10817,Exchange-Umfeld,Mittel,L. Hoffmann,2026-05-06T08:35:00,2026-05-06T20:43:19.667932,12.14,12,True,False
TS-10818,Interne Fernbetreuung,Niedrig,K. Krueger,2026-03-20T16:34:00,2026-03-21T00:29:41.998464,7.93,12,False,False
TS-10819,Interne Fernbetreuung,Hoch,A. Bauer,2026-03-16T16:19:00,2026-03-17T02:18:29.885165,9.99,12,False,False
TS-10820,Interne Fernbetreuung,Hoch,A. Bauer,2026-03-31T11:42:00,2026-03-31T21:04:59.674674,9.38,12,False,False
TS-10821,Drucker/Scanner,Mittel,A. Bauer,2026-01-15T11:19:00,2026-01-15T16:46:24.910602,5.46,8,False,False
TS-10822,Exchange-Umfeld,Mittel,A. Bauer,2026-01-09T17:20:00,2026-01-09T22:33:18.052175,5.22,12,False,False
TS-10823,Benutzerverwaltung,Niedrig,J. Schulz,2026-06-22T16:46:00,2026-06-22T22:12:33.658861,5.44,6,False,True
TS-10824,Interne Fernbetreuung,Niedrig,A. Bauer,2026-03-03T12:22:00,2026-03-03T19:14:19.918316,6.87,12,False,False
TS-10825,Exchange-Umfeld,Niedrig,S. Wagner,2026-03-10T16:34:00,2026-03-10T23:24:48.801927,6.85,12,False,False
TS-10826,Drucker/Scanner,Mittel,L. Hoffmann,2026-04-13T11:15:00,2026-04-13T17:59:00.301962,6.73,8,False,True
TS-10827,Drucker/Scanner,Niedrig,K. Krueger,2026-03-26T11:41:00,2026-03-26T16:00:50.560867,4.33,8,False,False
TS-10828,Benutzerverwaltung,Niedrig,L. Hoffmann,2026-02-26T11:16:00,2026-02-26T15:39:59.609643,4.4,6,False,True
TS-10829,Interne Fernbetreuung,Hoch,S. Wagner,2026-03-27T15:52:00,2026-03-27T22:27:57.090222,6.6,12,False,False
TS-10830,Exchange-Umfeld,Mittel,K. Krueger,2026-05-05T08:44:00,2026-05-05T20:04:47.468327,11.35,12,False,False
TS-10831,Exchange-Umfeld,Hoch,K. Krueger,2026-06-23T10:17:00,2026-06-23T20:30:58.080463,10.23,12,False,False
TS-10832,Exchange-Umfeld,Mittel,M. Fischer,2026-05-15T14:41:00,2026-05-15T18:30:29.494363,3.82,12,False,False
TS-10833,Interne Fernbetreuung,Mittel,L. Hoffmann,2026-04-24T12:06:00,2026-04-24T19:36:34.957494,7.51,12,False,False
TS-10834,Benutzerverwaltung,Mittel,M. Fischer,2026-01-27T07:02:00,2026-01-27T12:06:09.179996,5.07,6,False,False
TS-10835,Benutzerverwaltung,Niedrig,S. Wagner,2026-03-24T15:06:00,2026-03-24T17:11:07.476295,2.09,6,False,False
TS-10836,Benutzerverwaltung,Niedrig,L. Hoffmann,2026-01-16T11:34:00,2026-01-16T12:29:24.484106,0.92,6,False,False
TS-10837,Interne Fernbetreuung,Niedrig,M. Fischer,2026-02-27T17:03:00,2026-02-27T17:18:00,0.25,12,False,False
TS-10838,Exchange-Umfeld,Niedrig,J. Schulz,2026-06-01T10:43:00,2026-06-01T21:35:59.209211,10.88,12,False,False
TS-10839,Benutzerverwaltung,Niedrig,M. Fischer,2026-06-01T13:29:00,2026-06-01T16:38:21.722415,3.16,6,False,True
TS-10840,Benutzerverwaltung,Niedrig,M. Fischer,2026-06-18T14:07:00,2026-06-18T20:49:57.876166,6.72,6,True,False
TS-10841,Drucker/Scanner,Niedrig,A. Bauer,2026-02-20T15:18:00,2026-02-20T19:11:37.902987,3.89,8,False,False
TS-10842,Exchange-Umfeld,Niedrig,M. Fischer,2026-05-05T18:20:00,2026-05-06T05:41:22.870894,11.36,12,False,False
TS-10843,Drucker/Scanner,Mittel,M. Fischer,2026-05-18T09:23:00,2026-05-18T12:08:43.737470,2.76,8,False,True
TS-10844,Exchange-Umfeld,Niedrig,K. Krueger,2026-05-12T07:43:00,2026-05-12T14:19:41.141145,6.61,12,False,False
TS-10845,Drucker/Scanner,Mittel,L. Hoffmann,2026-02-03T10:56:00,2026-02-03T16:04:35.052935,5.14,8,False,False
TS-10846,Benutzerverwaltung,Niedrig,A. Bauer,2026-06-09T11:58:00,2026-06-09T14:30:03.929055,2.53,6,False,False
TS-10847,Benutzerverwaltung,Mittel,K. Krueger,2026-05-22T10:43:00,2026-05-22T12:57:40.805374,2.24,6,False,True
TS-10848,Exchange-Umfeld,Niedrig,M. Fischer,2026-02-26T09:09:00,2026-02-26T17:18:19.893397,8.16,12,False,False
TS-10849,Benutzerverwaltung,Mittel,M. Fischer,2026-02-04T14:30:00,2026-02-04T19:10:41.892938,4.68,6,False,False
TS-10850,Interne Fernbetreuung,Mittel,K. Krueger,2026-04-10T11:13:00,2026-04-10T15:43:48.397786,4.51,12,False,False
TS-10851,Benutzerverwaltung,Hoch,A. Bauer,2026-04-15T18:13:00,2026-04-15T22:15:51.355072,4.05,6,False,True
TS-10852,Benutzerverwaltung,Mittel,M. Fischer,2026-01-13T17:30:00,2026-01-13T20:05:14.168564,2.59,6,False,True
TS-10853,Benutzerverwaltung,Hoch,K. Krueger,2026-01-09T11:21:00,2026-01-09T14:08:04.107121,2.78,6,False,True
TS-10854,Benutzerverwaltung,Hoch,M. Fischer,2026-04-08T13:47:00,2026-04-08T16:17:20.503523,2.51,6,False,True
TS-10855,Interne Fernbetreuung,Niedrig,K. Krueger,2026-04-09T12:52:00,2026-04-09T20:38:45.295046,7.78,12,False,False
TS-10856,Drucker/Scanner,Mittel,M. Fischer,2026-05-26T08:47:00,2026-05-26T13:10:02.950533,4.38,8,False,False
TS-10857,Exchange-Umfeld,Niedrig,K. Krueger,2026-03-05T17:32:00,2026-03-05T22:12:35.062449,4.68,12,False,False
TS-10858,Benutzerverwaltung,Niedrig,M. Fischer,2026-05-27T12:49:00,2026-05-27T17:06:54.894257,4.3,6,False,True
TS-10859,Drucker/Scanner,Niedrig,K. Krueger,2026-02-02T10:10:00,2026-02-02T14:56:59.729260,4.78,8,False,False
TS-10860,Exchange-Umfeld,Niedrig,J. Schulz,2026-03-02T16:02:00,2026-03-03T05:47:55.513032,13.77,12,True,False
TS-10861,Exchange-Umfeld,Mittel,L. Hoffmann,2026-05-01T14:13:00,2026-05-01T22:34:26.917607,8.36,12,False,False
TS-10862,Benutzerverwaltung,Niedrig,K. Krueger,2026-03-19T10:07:00,2026-03-19T11:27:11.314904,1.34,6,False,True
TS-10863,Drucker/Scanner,Niedrig,J. Schulz,2026-02-27T14:34:00,2026-02-27T18:20:34.717557,3.78,8,False,True
TS-10864,Interne Fernbetreuung,Niedrig,J. Schulz,2026-02-03T07:15:00,2026-02-03T14:49:19.405600,7.57,12,False,False
TS-10865,Drucker/Scanner,Niedrig,S. Wagner,2026-03-26T16:21:00,2026-03-26T22:50:51.045514,6.5,8,False,False
TS-10866,Exchange-Umfeld,Niedrig,J. Schulz,2026-06-26T14:58:00,2026-06-26T21:23:05.661540,6.42,12,False,False
TS-10867,Drucker/Scanner,Mittel,S. Wagner,2026-06-25T07:09:00,2026-06-25T09:58:04.399774,2.82,8,False,False
TS-10868,Drucker/Scanner,Niedrig,S. Wagner,2026-01-21T15:06:00,2026-01-21T17:57:07.612059,2.85,8,False,False
TS-10869,Interne Fernbetreuung,Hoch,S. Wagner,2026-03-02T11:44:00,2026-03-02T15:04:55.047261,3.35,12,False,False
TS-10870,Benutzerverwaltung,Hoch,M. Fischer,2026-03-25T07:05:00,2026-03-25T10:27:25.948008,3.37,6,False,False
TS-10871,Exchange-Umfeld,Niedrig,L. Hoffmann,2026-03-19T16:49:00,2026-03-20T02:20:50.672132,9.53,12,False,False
TS-10872,Exchange-Umfeld,Niedrig,M. Fischer,2026-02-27T17:33:00,2026-02-28T05:08:42.520278,11.6,12,False,False
TS-10873,Drucker/Scanner,Niedrig,K. Krueger,2026-04-07T18:09:00,2026-04-07T18:24:00,0.25,8,False,False
TS-10874,Interne Fernbetreuung,Niedrig,K. Krueger,2026-04-07T12:43:00,2026-04-07T16:40:46.001372,3.96,12,False,False
TS-10875,Exchange-Umfeld,Mittel,K. Krueger,2026-06-11T07:50:00,2026-06-11T21:49:49.025969,14.0,12,True,False
TS-10876,Benutzerverwaltung,Mittel,J. Schulz,2026-01-19T09:14:00,2026-01-19T10:32:15.068720,1.3,6,False,False
TS-10877,Benutzerverwaltung,Niedrig,L. Hoffmann,2026-06-16T15:54:00,2026-06-16T18:35:21.029576,2.69,6,False,False
TS-10878,Drucker/Scanner,Niedrig,A. Bauer,2026-04-28T17:26:00,2026-04-28T19:43:48.599201,2.3,8,False,True
TS-10879,Benutzerverwaltung,Mittel,L. Hoffmann,2026-02-06T10:14:00,2026-02-06T12:50:37.766850,2.61,6,False,False
TS-10880,Benutzerverwaltung,Hoch,A. Bauer,2026-01-13T18:15:00,2026-01-14T00:27:09.592371,6.2,6,True,True
TS-10881,Drucker/Scanner,Niedrig,M. Fischer,2026-06-16T07:12:00,2026-06-16T09:02:56.453344,1.85,8,False,True
TS-10882,Benutzerverwaltung,Mittel,A. Bauer,2026-04-15T08:23:00,2026-04-15T10:16:44.832386,1.9,6,False,False
TS-10883,Drucker/Scanner,Mittel,M. Fischer,2026-01-13T11:19:00,2026-01-13T14:23:27.490156,3.07,8,False,True
TS-10884,Exchange-Umfeld,Hoch,M. Fischer,2026-02-13T14:42:00,2026-02-13T21:22:54.917691,6.68,12,False,False
TS-10885,Drucker/Scanner,Mittel,L. Hoffmann,2026-04-17T09:31:00,2026-04-17T14:05:53.248632,4.58,8,False,False
TS-10886,Benutzerverwaltung,Hoch,A. Bauer,2026-05-15T09:48:00,2026-05-15T15:57:31.657197,6.16,6,True,False
TS-10887,Drucker/Scanner,Niedrig,L. Hoffmann,2026-03-26T16:03:00,2026-03-26T20:03:02.217905,4.0,8,False,True
TS-10888,Drucker/Scanner,Niedrig,S. Wagner,2026-03-26T13:07:00,2026-03-26T16:57:45.962043,3.85,8,False,False
TS-10889,Exchange-Umfeld,Niedrig,K. Krueger,2026-03-18T13:38:00,2026-03-18T18:39:07.112346,5.02,12,False,False
TS-10890,Drucker/Scanner,Niedrig,S. Wagner,2026-01-14T07:31:00,2026-01-14T11:19:23.834293,3.81,8,False,True
TS-10891,Interne Fernbetreuung,Mittel,J. Schulz,2026-02-27T18:12:00,2026-02-27T22:41:43.770056,4.5,12,False,False
TS-10892,Drucker/Scanner,Hoch,M. Fischer,2026-04-29T18:30:00,2026-04-29T20:05:08.086821,1.59,8,False,True
TS-10893,Exchange-Umfeld,Mittel,S. Wagner,2026-06-30T10:23:00,2026-06-30T14:52:30.632193,4.49,12,False,False
TS-10894,Exchange-Umfeld,Niedrig,S. Wagner,2026-01-09T15:27:00,2026-01-10T04:14:47.919750,12.8,12,True,False
TS-10895,Drucker/Scanner,Niedrig,K. Krueger,2026-01-16T12:59:00,2026-01-16T15:21:49.505490,2.38,8,False,True
TS-10896,Drucker/Scanner,Mittel,A. Bauer,2026-01-13T08:09:00,2026-01-13T08:39:44.797253,0.51,8,False,False
TS-10897,Drucker/Scanner,Niedrig,M. Fischer,2026-06-05T15:35:00,2026-06-05T22:58:48.779951,7.4,8,False,True
TS-10898,Benutzerverwaltung,Niedrig,L. Hoffmann,2026-03-09T11:56:00,2026-03-09T12:33:58.776519,0.63,6,False,False
TS-10899,Exchange-Umfeld,Mittel,J. Schulz,2026-01-27T09:07:00,2026-01-27T13:48:20.880393,4.69,12,False,False
TS-10900,Drucker/Scanner,Niedrig,M. Fischer,2026-06-04T07:19:00,2026-06-04T11:38:00.854198,4.32,8,False,True
TS-10901,Interne Fernbetreuung,Hoch,M. Fischer,2026-04-22T14:19:00,2026-04-22T22:35:40.274214,8.28,12,False,False
TS-10902,Benutzerverwaltung,Mittel,K. Krueger,2026-01-28T13:25:00,2026-01-28T17:10:14.244087,3.75,6,False,False
TS-10903,Drucker/Scanner,Mittel,A. Bauer,2026-06-18T18:01:00,2026-06-19T01:09:01.122718,7.13,8,False,True
TS-10904,Benutzerverwaltung,Niedrig,S. Wagner,2026-03-26T13:06:00,2026-03-26T18:24:35.472630,5.31,6,False,True
TS-10905,Exchange-Umfeld,Niedrig,M. Fischer,2026-03-13T13:37:00,2026-03-14T00:26:18.713390,10.82,12,False,False
TS-10906,Drucker/Scanner,Hoch,M. Fischer,2026-03-23T16:23:00,2026-03-23T16:38:48.293098,0.26,8,False,False
TS-10907,Benutzerverwaltung,Hoch,K. Krueger,2026-06-23T15:24:00,2026-06-23T17:52:06.252288,2.47,6,False,False
TS-10908,Benutzerverwaltung,Niedrig,M. Fischer,2026-04-14T16:16:00,2026-04-14T20:15:05.538074,3.98,6,False,True
TS-10909,Interne Fernbetreuung,Mittel,S. Wagner,2026-05-22T16:47:00,2026-05-22T19:13:23.131954,2.44,12,False,False
TS-10910,Drucker/Scanner,Niedrig,A. Bauer,2026-05-28T08:57:00,2026-05-28T12:18:49.520078,3.36,8,False,False
TS-10911,Benutzerverwaltung,Niedrig,J. Schulz,2026-06-05T17:32:00,2026-06-05T21:43:00.517072,4.18,6,False,False
TS-10912,Benutzerverwaltung,Mittel,S. Wagner,2026-04-08T12:46:00,2026-04-08T13:33:29.924415,0.79,6,False,False
TS-10913,Drucker/Scanner,Mittel,K. Krueger,2026-01-27T16:32:00,2026-01-27T18:08:58.719176,1.62,8,False,False
TS-10914,Benutzerverwaltung,Niedrig,S. Wagner,2026-06-10T10:21:00,2026-06-10T12:09:44.045413,1.81,6,False,True
TS-10915,Drucker/Scanner,Hoch,J. Schulz,2026-03-12T17:18:00,2026-03-13T00:00:45.275652,6.71,8,False,False
TS-10916,Drucker/Scanner,Hoch,S. Wagner,2026-01-27T10:57:00,2026-01-27T17:03:40.434131,6.11,8,False,False
TS-10917,Exchange-Umfeld,Niedrig,K. Krueger,2026-01-13T07:15:00,2026-01-13T15:09:51.802492,7.91,12,False,False
TS-10918,Interne Fernbetreuung,Niedrig,A. Bauer,2026-01-16T11:09:00,2026-01-16T19:06:04.588457,7.95,12,False,False
TS-10919,Drucker/Scanner,Mittel,S. Wagner,2026-04-30T11:26:00,2026-04-30T14:55:30.788792,3.49,8,False,False
TS-10920,Benutzerverwaltung,Mittel,S. Wagner,2026-02-02T13:17:00,2026-02-02T17:53:40.233016,4.61,6,False,False
TS-10921,Exchange-Umfeld,Niedrig,M. Fischer,2026-02-12T18:59:00,2026-02-13T06:33:23.425411,11.57,12,False,False
TS-10922,Benutzerverwaltung,Mittel,J. Schulz,2026-03-11T12:11:00,2026-03-11T15:08:36.851616,2.96,6,False,True
TS-10923,Interne Fernbetreuung,Niedrig,S. Wagner,2026-03-04T09:29:00,2026-03-04T16:50:46.604446,7.36,12,False,False
TS-10924,Interne Fernbetreuung,Mittel,L. Hoffmann,2026-02-04T07:44:00,2026-02-04T16:51:25.953045,9.12,12,False,False
TS-10925,Drucker/Scanner,Mittel,A. Bauer,2026-06-10T12:11:00,2026-06-10T15:34:50.958894,3.4,8,False,False
TS-10926,Drucker/Scanner,Mittel,K. Krueger,2026-04-23T14:56:00,2026-04-23T21:34:01.767652,6.63,8,False,False
TS-10927,Drucker/Scanner,Niedrig,S. Wagner,2026-04-30T17:45:00,2026-04-30T18:26:23.926152,0.69,8,False,True
TS-10928,Exchange-Umfeld,Niedrig,L. Hoffmann,2026-01-23T17:55:00,2026-01-24T09:06:03.356661,15.18,12,True,False
TS-10929,Drucker/Scanner,Niedrig,A. Bauer,2026-05-26T11:05:00,2026-05-26T14:55:59.341472,3.85,8,False,False
TS-10930,Interne Fernbetreuung,Niedrig,L. Hoffmann,2026-04-23T08:56:00,2026-04-23T10:06:40.623002,1.18,12,False,False
TS-10931,Drucker/Scanner,Mittel,S. Wagner,2026-06-18T13:53:00,2026-06-18T15:49:30.239065,1.94,8,False,True
TS-10932,Interne Fernbetreuung,Niedrig,A. Bauer,2026-02-10T10:30:00,2026-02-10T15:26:44.629000,4.95,12,False,False
TS-10933,Exchange-Umfeld,Mittel,S. Wagner,2026-03-27T07:55:00,2026-03-27T18:02:57.919547,10.13,12,False,False
TS-10934,Drucker/Scanner,Niedrig,J. Schulz,2026-03-12T09:37:00,2026-03-12T11:24:44.574890,1.8,8,False,False
TS-10935,Drucker/Scanner,Niedrig,S. Wagner,2026-06-11T13:36:00,2026-06-11T13:51:00,0.25,8,False,False
TS-10936,Benutzerverwaltung,Niedrig,A. Bauer,2026-03-17T08:28:00,2026-03-17T11:03:40.097554,2.59,6,False,True
TS-10937,Benutzerverwaltung,Niedrig,A. Bauer,2026-02-06T11:02:00,2026-02-06T12:51:42.148260,1.83,6,False,False
TS-10938,Benutzerverwaltung,Niedrig,J. Schulz,2026-03-20T18:08:00,2026-03-20T18:49:39.328050,0.69,6,False,False
TS-10939,Benutzerverwaltung,Niedrig,K. Krueger,2026-05-28T14:27:00,2026-05-28T18:33:42.713665,4.11,6,False,True
TS-10940,Benutzerverwaltung,Mittel,S. Wagner,2026-02-04T08:36:00,2026-02-04T12:04:21.235753,3.47,6,False,True
TS-10941,Drucker/Scanner,Mittel,S. Wagner,2026-01-02T10:04:00,2026-01-02T15:27:04.912343,5.38,8,False,False
TS-10942,Drucker/Scanner,Niedrig,K. Krueger,2026-06-04T17:31:00,2026-06-04T20:36:29.168183,3.09,8,False,True
TS-10943,Benutzerverwaltung,Niedrig,M. Fischer,2026-02-16T07:58:00,2026-02-16T11:18:02.811082,3.33,6,False,False
TS-10944,Interne Fernbetreuung,Mittel,K. Krueger,2026-01-13T14:05:00,2026-01-13T18:50:46.943177,4.76,12,False,False
TS-10945,Benutzerverwaltung,Hoch,L. Hoffmann,2026-03-03T18:32:00,2026-03-03T23:11:58.872905,4.67,6,False,False
TS-10946,Drucker/Scanner,Mittel,L. Hoffmann,2026-04-09T10:53:00,2026-04-09T18:05:32.247892,7.21,8,False,False
TS-10947,Exchange-Umfeld,Hoch,L. Hoffmann,2026-04-15T16:53:00,2026-04-16T04:07:59.076010,11.25,12,False,False
TS-10948,Exchange-Umfeld,Niedrig,L. Hoffmann,2026-06-25T08:11:00,2026-06-25T10:26:55.786577,2.27,12,False,False
TS-10949,Drucker/Scanner,Mittel,K. Krueger,2026-04-16T12:41:00,2026-04-16T14:59:10.012167,2.3,8,False,False
TS-10950,Drucker/Scanner,Mittel,A. Bauer,2026-04-15T16:26:00,2026-04-15T16:41:00,0.25,8,False,True
TS-10951,Interne Fernbetreuung,Niedrig,S. Wagner,2026-05-15T07:20:00,2026-05-15T13:18:13.854372,5.97,12,False,False
TS-10952,Exchange-Umfeld,Mittel,L. Hoffmann,2026-06-12T18:36:00,2026-06-13T03:49:26.933715,9.22,12,False,False
TS-10953,Drucker/Scanner,Niedrig,S. Wagner,2026-06-29T11:52:00,2026-06-29T14:14:25.677361,2.37,8,False,False
TS-10954,Interne Fernbetreuung,Mittel,A. Bauer,2026-05-27T10:02:00,2026-05-27T15:16:22.829536,5.24,12,False,False
TS-10955,Drucker/Scanner,Niedrig,M. Fischer,2026-02-03T17:14:00,2026-02-03T22:41:09.567046,5.45,8,False,False
TS-10956,Benutzerverwaltung,Niedrig,L. Hoffmann,2026-06-05T12:04:00,2026-06-05T16:03:45.547248,4.0,6,False,False
TS-10957,Exchange-Umfeld,Hoch,J. Schulz,2026-05-14T10:54:00,2026-05-15T05:29:25.828995,18.59,12,True,False
TS-10958,Exchange-Umfeld,Niedrig,L. Hoffmann,2026-04-28T16:23:00,2026-04-29T01:23:00.891985,9.0,12,False,False
TS-10959,Interne Fernbetreuung,Niedrig,J. Schulz,2026-01-16T13:13:00,2026-01-16T20:41:13.067410,7.47,12,False,False
TS-10960,Benutzerverwaltung,Mittel,S. Wagner,2026-04-09T07:35:00,2026-04-09T10:58:48.359128,3.4,6,False,True
TS-10961,Drucker/Scanner,Mittel,M. Fischer,2026-05-15T08:14:00,2026-05-15T09:55:35.323798,1.69,8,False,True
TS-10962,Drucker/Scanner,Niedrig,J. Schulz,2026-04-15T10:45:00,2026-04-15T14:59:09.081792,4.24,8,False,True
TS-10963,Drucker/Scanner,Hoch,S. Wagner,2026-03-12T11:44:00,2026-03-12T12:34:54.696360,0.85,8,False,True
TS-10964,Exchange-Umfeld,Niedrig,S. Wagner,2026-06-30T10:26:00,2026-06-30T14:31:23.886526,4.09,12,False,False
TS-10965,Interne Fernbetreuung,Mittel,K. Krueger,2026-02-13T07:20:00,2026-02-13T07:45:08.905815,0.42,12,False,False
TS-10966,Interne Fernbetreuung,Mittel,A. Bauer,2026-06-24T07:18:00,2026-06-24T14:37:28.454859,7.32,12,False,False
TS-10967,Interne Fernbetreuung,Hoch,M. Fischer,2026-02-23T12:29:00,2026-02-23T21:41:15.996168,9.2,12,False,False
TS-10968,Benutzerverwaltung,Niedrig,A. Bauer,2026-02-16T17:30:00,2026-02-16T17:45:00,0.25,6,False,False
TS-10969,Benutzerverwaltung,Mittel,M. Fischer,2026-01-16T10:43:00,2026-01-16T12:55:52.748730,2.21,6,False,False
TS-10970,Interne Fernbetreuung,Mittel,J. Schulz,2026-05-15T15:07:00,2026-05-15T21:03:07.968080,5.94,12,False,False
TS-10971,Exchange-Umfeld,Mittel,K. Krueger,2026-05-05T09:55:00,2026-05-05T20:12:11.004865,10.29,12,False,False
TS-10972,Exchange-Umfeld,Mittel,K. Krueger,2026-04-01T14:20:00,2026-04-01T22:25:40.098791,8.09,12,False,False
TS-10973,Interne Fernbetreuung,Mittel,M. Fischer,2026-01-01T08:26:00,2026-01-01T13:22:43.137142,4.95,12,False,False
TS-10974,Drucker/Scanner,Niedrig,J. Schulz,2026-03-02T12:51:00,2026-03-02T14:52:23.875523,2.02,8,False,False
TS-10975,Benutzerverwaltung,Niedrig,M. Fischer,2026-01-05T14:12:00,2026-01-05T17:24:18.660321,3.21,6,False,True
TS-10976,Benutzerverwaltung,Niedrig,A. Bauer,2026-05-05T16:25:00,2026-05-05T19:08:14.947359,2.72,6,False,False
TS-10977,Drucker/Scanner,Mittel,K. Krueger,2026-03-24T11:03:00,2026-03-24T15:21:19.307826,4.31,8,False,False
TS-10978,Interne Fernbetreuung,Niedrig,A. Bauer,2026-05-14T15:47:00,2026-05-14T23:39:05.577090,7.87,12,False,False
TS-10979,Interne Fernbetreuung,Mittel,A. Bauer,2026-01-06T11:03:00,2026-01-06T11:44:57.980967,0.7,12,False,False
TS-10980,Benutzerverwaltung,Niedrig,K. Krueger,2026-01-02T14:36:00,2026-01-02T15:39:54.609229,1.07,6,False,False
TS-10981,Benutzerverwaltung,Mittel,K. Krueger,2026-06-02T16:10:00,2026-06-02T21:47:52.483924,5.63,6,False,False
TS-10982,Benutzerverwaltung,Niedrig,A. Bauer,2026-02-25T11:52:00,2026-02-25T15:09:53.083292,3.3,6,False,True
TS-10983,Benutzerverwaltung,Niedrig,K. Krueger,2026-06-16T07:09:00,2026-06-16T10:51:39.607703,3.71,6,False,True
TS-10984,Exchange-Umfeld,Hoch,A. Bauer,2026-02-17T16:02:00,2026-02-17T16:17:00,0.25,12,False,False
TS-10985,Interne Fernbetreuung,Niedrig,J. Schulz,2026-04-07T11:20:00,2026-04-07T20:26:53.162761,9.11,12,False,False
TS-10986,Benutzerverwaltung,Niedrig,K. Krueger,2026-03-23T10:33:00,2026-03-23T15:24:37.174305,4.86,6,False,False
TS-10987,Drucker/Scanner,Niedrig,K. Krueger,2026-03-13T12:55:00,2026-03-13T15:19:37.392675,2.41,8,False,False
TS-10988,Exchange-Umfeld,Mittel,L. Hoffmann,2026-03-19T13:15:00,2026-03-20T03:08:46.637356,13.9,12,True,False
TS-10989,Drucker/Scanner,Mittel,A. Bauer,2026-04-14T11:39:00,2026-04-14T12:02:16.301692,0.39,8,False,False
TS-10990,Exchange-Umfeld,Mittel,S. Wagner,2026-01-28T16:23:00,2026-01-28T22:23:14.423074,6.0,12,False,False
TS-10991,Interne Fernbetreuung,Mittel,L. Hoffmann,2026-06-03T10:46:00,2026-06-03T11:39:05.511447,0.88,12,False,False
TS-10992,Drucker/Scanner,Niedrig,S. Wagner,2026-01-05T15:10:00,2026-01-05T18:12:15.421346,3.04,8,False,True
TS-10993,Exchange-Umfeld,Hoch,S. Wagner,2026-03-30T15:24:00,2026-03-31T04:51:15.079087,13.45,12,True,False
TS-10994,Interne Fernbetreuung,Niedrig,S. Wagner,2026-04-14T11:52:00,2026-04-14T18:15:09.082444,6.39,12,False,False
TS-10995,Exchange-Umfeld,Hoch,J. Schulz,2026-04-28T09:57:00,2026-04-28T23:52:44.084493,13.93,12,True,False
TS-10996,Benutzerverwaltung,Mittel,S. Wagner,2026-01-22T11:13:00,2026-01-22T14:49:52.354085,3.61,6,False,False
TS-10997,Drucker/Scanner,Mittel,J. Schulz,2026-04-03T14:06:00,2026-04-03T19:27:09.483852,5.35,8,False,False
TS-10998,Drucker/Scanner,Mittel,S. Wagner,2026-01-02T16:52:00,2026-01-02T19:24:26.486183,2.54,8,False,False
TS-10999,Exchange-Umfeld,Niedrig,J. Schulz,2026-06-05T07:36:00,2026-06-05T20:52:13.748804,13.27,12,True,False
TS-11000,Interne Fernbetreuung,Niedrig,K. Krueger,2026-05-04T11:56:00,2026-05-04T18:25:33.999297,6.49,12,False,False
TS-11001,Drucker/Scanner,Niedrig,K. Krueger,2026-06-23T11:04:00,2026-06-23T15:24:08.904535,4.34,8,False,True
TS-11002,Drucker/Scanner,Hoch,S. Wagner,2026-02-24T08:11:00,2026-02-24T13:10:48.434038,5.0,8,False,False
TS-11003,Benutzerverwaltung,Mittel,K. Krueger,2026-06-18T17:17:00,2026-06-18T17:32:00,0.25,6,False,True
TS-11004,Drucker/Scanner,Mittel,J. Schulz,2026-01-21T10:57:00,2026-01-21T16:02:37.566122,5.09,8,False,True
TS-11005,Benutzerverwaltung,Niedrig,M. Fischer,2026-01-01T16:54:00,2026-01-01T17:59:24.996123,1.09,6,False,False
TS-11006,Drucker/Scanner,Mittel,K. Krueger,2026-06-16T18:50:00,2026-06-17T02:06:20.786761,7.27,8,False,False
TS-11007,Benutzerverwaltung,Niedrig,S. Wagner,2026-02-27T13:47:00,2026-02-27T15:53:14.423487,2.1,6,False,False
TS-11008,Benutzerverwaltung,Mittel,J. Schulz,2026-02-11T14:04:00,2026-02-11T17:26:15.393724,3.37,6,False,True
TS-11009,Interne Fernbetreuung,Niedrig,A. Bauer,2026-01-01T17:31:00,2026-01-02T02:15:52.908430,8.75,12,False,False
TS-11010,Drucker/Scanner,Hoch,J. Schulz,2026-06-17T18:02:00,2026-06-17T23:03:17.441245,5.02,8,False,False
TS-11011,Benutzerverwaltung,Niedrig,K. Krueger,2026-06-12T14:49:00,2026-06-12T15:07:07.874796,0.3,6,False,True
TS-11012,Benutzerverwaltung,Niedrig,K. Krueger,2026-03-30T15:38:00,2026-03-30T18:11:41.266400,2.56,6,False,True
TS-11013,Drucker/Scanner,Hoch,L. Hoffmann,2026-03-31T13:06:00,2026-03-31T18:01:52.363410,4.93,8,False,True
TS-11014,Benutzerverwaltung,Niedrig,A. Bauer,2026-03-06T12:57:00,2026-03-06T16:13:05.178300,3.27,6,False,True
TS-11015,Drucker/Scanner,Mittel,L. Hoffmann,2026-04-24T09:27:00,2026-04-24T14:01:53.782901,4.58,8,False,False
TS-11016,Benutzerverwaltung,Hoch,K. Krueger,2026-05-05T18:08:00,2026-05-05T19:14:36.414946,1.11,6,False,False
TS-11017,Benutzerverwaltung,Niedrig,K. Krueger,2026-06-29T07:13:00,2026-06-29T10:32:14.965277,3.32,6,False,False
TS-11018,Benutzerverwaltung,Niedrig,S. Wagner,2026-06-09T15:25:00,2026-06-09T21:50:02.156203,6.42,6,True,False
TS-11019,Drucker/Scanner,Mittel,L. Hoffmann,2026-02-13T14:49:00,2026-02-13T19:51:37.663394,5.04,8,False,False
TS-11020,Exchange-Umfeld,Niedrig,L. Hoffmann,2026-06-09T10:34:00,2026-06-09T16:57:28.104233,6.39,12,False,False
TS-11021,Exchange-Umfeld,Niedrig,J. Schulz,2026-04-24T15:06:00,2026-04-24T20:58:27.972725,5.87,12,False,False
TS-11022,Drucker/Scanner,Niedrig,J. Schulz,2026-04-24T16:42:00,2026-04-24T23:50:27.741603,7.14,8,False,True
TS-11023,Exchange-Umfeld,Niedrig,M. Fischer,2026-05-08T14:28:00,2026-05-08T14:48:18.976890,0.34,12,False,False
TS-11024,Interne Fernbetreuung,Niedrig,L. Hoffmann,2026-06-30T08:40:00,2026-06-30T16:45:05.011672,8.08,12,False,False
TS-11025,Benutzerverwaltung,Niedrig,L. Hoffmann,2026-06-15T15:28:00,2026-06-15T16:37:58.844591,1.17,6,False,False
TS-11026,Interne Fernbetreuung,Niedrig,A. Bauer,2026-02-16T07:39:00,2026-02-16T11:12:09.991668,3.55,12,False,False
TS-11027,Benutzerverwaltung,Mittel,J. Schulz,2026-04-20T07:56:00,2026-04-20T10:42:18.823183,2.77,6,False,True
TS-11028,Benutzerverwaltung,Niedrig,L. Hoffmann,2026-05-04T16:33:00,2026-05-04T18:22:04.253431,1.82,6,False,True
TS-11029,Drucker/Scanner,Niedrig,S. Wagner,2026-01-19T08:14:00,2026-01-19T14:50:32.865371,6.61,8,False,False
TS-11030,Interne Fernbetreuung,Niedrig,A. Bauer,2026-06-17T15:54:00,2026-06-17T23:17:24.826519,7.39,12,False,False
TS-11031,Drucker/Scanner,Niedrig,M. Fischer,2026-02-16T11:25:00,2026-02-16T17:13:56.468561,5.82,8,False,False
TS-11032,Interne Fernbetreuung,Mittel,K. Krueger,2026-06-02T08:19:00,2026-06-02T19:35:21.207162,11.27,12,False,False
TS-11033,Exchange-Umfeld,Hoch,M. Fischer,2026-05-01T12:46:00,2026-05-02T06:53:57.149695,18.13,12,True,False
TS-11034,Drucker/Scanner,Mittel,S. Wagner,2026-03-30T12:39:00,2026-03-30T19:15:29.702008,6.61,8,False,False
TS-11035,Exchange-Umfeld,Niedrig,A. Bauer,2026-05-19T13:09:00,2026-05-19T21:39:34.745048,8.51,12,False,False
TS-11036,Interne Fernbetreuung,Mittel,M. Fischer,2026-03-19T13:12:00,2026-03-19T23:45:47.181370,10.56,12,False,False
TS-11037,Drucker/Scanner,Hoch,L. Hoffmann,2026-06-19T07:51:00,2026-06-19T12:20:02.961473,4.48,8,False,False
TS-11038,Exchange-Umfeld,Mittel,L. Hoffmann,2026-06-03T10:32:00,2026-06-03T15:33:00.582209,5.02,12,False,False
TS-11039,Interne Fernbetreuung,Hoch,A. Bauer,2026-05-29T11:01:00,2026-05-29T22:20:10.714959,11.32,12,False,False
TS-11040,Exchange-Umfeld,Niedrig,M. Fischer,2026-05-22T12:56:00,2026-05-23T02:40:24.059729,13.74,12,True,False
TS-11041,Benutzerverwaltung,Mittel,L. Hoffmann,2026-06-10T16:57:00,2026-06-10T20:52:27.382147,3.92,6,False,True
TS-11042,Benutzerverwaltung,Niedrig,A. Bauer,2026-04-20T18:25:00,2026-04-20T20:46:16.911312,2.35,6,False,False
TS-11043,Interne Fernbetreuung,Hoch,L. Hoffmann,2026-04-02T08:31:00,2026-04-02T11:25:52.243005,2.91,12,False,False
TS-11044,Benutzerverwaltung,Hoch,J. Schulz,2026-04-07T08:34:00,2026-04-07T10:53:48.397931,2.33,6,False,True
TS-11045,Drucker/Scanner,Mittel,J. Schulz,2026-02-10T12:11:00,2026-02-10T15:17:48.633014,3.11,8,False,True
TS-11046,Interne Fernbetreuung,Niedrig,M. Fischer,2026-06-17T18:20:00,2026-06-18T01:04:44.178025,6.75,12,False,False
TS-11047,Benutzerverwaltung,Niedrig,S. Wagner,2026-06-29T14:50:00,2026-06-29T15:41:02.243732,0.85,6,False,True
TS-11048,Benutzerverwaltung,Niedrig,J. Schulz,2026-01-30T10:50:00,2026-01-30T16:44:20.948642,5.91,6,False,False
TS-11049,Interne Fernbetreuung,Niedrig,J. Schulz,2026-04-06T16:29:00,2026-04-06T22:05:17.773325,5.6,12,False,False
TS-11050,Drucker/Scanner,Mittel,K. Krueger,2026-06-19T11:22:00,2026-06-19T14:14:50.353840,2.88,8,False,False
TS-11051,Interne Fernbetreuung,Mittel,A. Bauer,2026-05-29T13:46:00,2026-05-29T17:47:07.133641,4.02,12,False,False
TS-11052,Benutzerverwaltung,Niedrig,M. Fischer,2026-06-26T10:31:00,2026-06-26T12:10:48.869294,1.66,6,False,False
TS-11053,Drucker/Scanner,Mittel,M. Fischer,2026-05-06T18:55:00,2026-05-06T20:10:39.697602,1.26,8,False,False
TS-11054,Drucker/Scanner,Hoch,K. Krueger,2026-03-11T12:08:00,2026-03-11T16:47:29.861447,4.66,8,False,False
TS-11055,Benutzerverwaltung,Hoch,A. Bauer,2026-02-12T13:29:00,2026-02-12T13:45:14.837342,0.27,6,False,True
TS-11056,Benutzerverwaltung,Hoch,J. Schulz,2026-03-20T13:58:00,2026-03-20T15:34:42.200584,1.61,6,False,False
TS-11057,Drucker/Scanner,Mittel,L. Hoffmann,2026-04-17T11:38:00,2026-04-17T14:03:27.500749,2.42,8,False,False
TS-11058,Exchange-Umfeld,Niedrig,L. Hoffmann,2026-06-25T12:46:00,2026-06-25T17:29:09.198308,4.72,12,False,False
TS-11059,Benutzerverwaltung,Niedrig,M. Fischer,2026-05-13T10:19:00,2026-05-13T15:31:27.829056,5.21,6,False,True
TS-11060,Drucker/Scanner,Mittel,L. Hoffmann,2026-05-12T18:30:00,2026-05-12T23:01:02.960936,4.52,8,False,True
TS-11061,Interne Fernbetreuung,Niedrig,K. Krueger,2026-06-12T10:17:00,2026-06-12T15:54:13.934917,5.62,12,False,False
TS-11062,Benutzerverwaltung,Mittel,A. Bauer,2026-01-01T17:40:00,2026-01-01T20:06:21.108427,2.44,6,False,False
TS-11063,Drucker/Scanner,Niedrig,M. Fischer,2026-04-10T18:36:00,2026-04-11T00:13:18.681024,5.62,8,False,False
TS-11064,Drucker/Scanner,Hoch,J. Schulz,2026-02-23T18:53:00,2026-02-24T00:07:28.660776,5.24,8,False,False
TS-11065,Drucker/Scanner,Niedrig,A. Bauer,2026-06-12T07:17:00,2026-06-12T14:22:49.823580,7.1,8,False,True
TS-11066,Drucker/Scanner,Niedrig,L. Hoffmann,2026-01-09T16:02:00,2026-01-09T20:04:17.899128,4.04,8,False,False
TS-11067,Exchange-Umfeld,Niedrig,A. Bauer,2026-01-28T08:41:00,2026-01-28T17:54:20.939270,9.22,12,False,False
TS-11068,Interne Fernbetreuung,Niedrig,L. Hoffmann,2026-03-02T18:31:00,2026-03-02T20:29:24.364084,1.97,12,False,False
TS-11069,Drucker/Scanner,Niedrig,A. Bauer,2026-03-27T11:32:00,2026-03-27T15:06:33.038199,3.58,8,False,False
TS-11070,Interne Fernbetreuung,Niedrig,A. Bauer,2026-04-15T08:22:00,2026-04-15T15:25:53.770208,7.06,12,False,False
TS-11071,Benutzerverwaltung,Mittel,A. Bauer,2026-01-26T10:22:00,2026-01-26T11:33:39.110862,1.19,6,False,False
TS-11072,Benutzerverwaltung,Mittel,A. Bauer,2026-03-02T16:14:00,2026-03-02T18:00:09.505390,1.77,6,False,True
TS-11073,Exchange-Umfeld,Mittel,J. Schulz,2026-03-24T14:24:00,2026-03-25T06:44:30.835889,16.34,12,True,False
TS-11074,Benutzerverwaltung,Mittel,M. Fischer,2026-04-02T17:02:00,2026-04-02T20:15:25.302913,3.22,6,False,False
TS-11075,Drucker/Scanner,Niedrig,J. Schulz,2026-04-15T16:11:00,2026-04-15T18:01:20.435886,1.84,8,False,True
TS-11076,Benutzerverwaltung,Niedrig,A. Bauer,2026-06-23T16:14:00,2026-06-23T19:30:14.715549,3.27,6,False,False
TS-11077,Benutzerverwaltung,Mittel,S. Wagner,2026-04-23T10:56:00,2026-04-23T12:04:25.102275,1.14,6,False,False
TS-11078,Interne Fernbetreuung,Hoch,K. Krueger,2026-01-28T07:31:00,2026-01-28T13:47:58.111593,6.28,12,False,False
TS-11079,Interne Fernbetreuung,Niedrig,J. Schulz,2026-01-14T18:30:00,2026-01-14T23:29:48.224887,5.0,12,False,False
TS-11080,Drucker/Scanner,Hoch,L. Hoffmann,2026-02-12T15:45:00,2026-02-13T01:09:54.666509,9.42,8,True,False
TS-11081,Drucker/Scanner,Mittel,K. Krueger,2026-06-30T15:51:00,2026-06-30T20:36:28.420610,4.76,8,False,False
TS-11082,Interne Fernbetreuung,Hoch,K. Krueger,2026-04-29T15:25:00,2026-04-29T21:19:57.235694,5.92,12,False,False
TS-11083,Interne Fernbetreuung,Niedrig,A. Bauer,2026-05-05T10:04:00,2026-05-05T16:41:55.565908,6.63,12,False,False
TS-11084,Benutzerverwaltung,Hoch,K. Krueger,2026-04-09T08:52:00,2026-04-09T11:30:04.545597,2.63,6,False,False
TS-11085,Benutzerverwaltung,Hoch,L. Hoffmann,2026-04-16T15:17:00,2026-04-16T17:24:20.453258,2.12,6,False,False
TS-11086,Exchange-Umfeld,Niedrig,L. Hoffmann,2026-04-17T18:46:00,2026-04-18T11:33:30.560767,16.79,12,True,False
TS-11087,Benutzerverwaltung,Mittel,S. Wagner,2026-04-10T16:28:00,2026-04-10T21:16:01.514639,4.8,6,False,False
TS-11088,Benutzerverwaltung,Niedrig,S. Wagner,2026-03-04T07:57:00,2026-03-04T09:08:34.347716,1.19,6,False,False
TS-11089,Drucker/Scanner,Niedrig,J. Schulz,2026-02-02T07:15:00,2026-02-02T14:03:59.959587,6.82,8,False,True
TS-11090,Exchange-Umfeld,Mittel,J. Schulz,2026-06-19T14:57:00,2026-06-20T01:14:06.119875,10.29,12,False,False
TS-11091,Exchange-Umfeld,Mittel,K. Krueger,2026-01-05T18:46:00,2026-01-06T03:22:48.697326,8.61,12,False,False
TS-11092,Exchange-Umfeld,Mittel,K. Krueger,2026-05-28T08:34:00,2026-05-28T17:47:28.861316,9.22,12,False,False
TS-11093,Interne Fernbetreuung,Niedrig,L. Hoffmann,2026-02-06T17:41:00,2026-02-07T02:49:49.427908,9.15,12,False,False
TS-11094,Exchange-Umfeld,Niedrig,K. Krueger,2026-05-27T14:18:00,2026-05-27T22:08:18.746199,7.84,12,False,False
TS-11095,Benutzerverwaltung,Mittel,M. Fischer,2026-03-04T17:02:00,2026-03-04T22:16:43.229998,5.25,6,False,False
TS-11096,Benutzerverwaltung,Mittel,A. Bauer,2026-02-26T11:58:00,2026-02-26T15:57:07.954125,3.99,6,False,False
TS-11097,Interne Fernbetreuung,Hoch,A. Bauer,2026-05-07T11:34:00,2026-05-07T16:48:58.942541,5.25,12,False,False
TS-11098,Benutzerverwaltung,Mittel,S. Wagner,2026-04-23T15:23:00,2026-04-23T15:38:00,0.25,6,False,True
TS-11099,Drucker/Scanner,Niedrig,K. Krueger,2026-06-22T12:36:00,2026-06-22T18:30:10.405917,5.9,8,False,False
TS-11100,Benutzerverwaltung,Mittel,L. Hoffmann,2026-04-07T12:56:00,2026-04-07T13:46:22.597165,0.84,6,False,False
TS-11101,Drucker/Scanner,Niedrig,M. Fischer,2026-06-01T10:53:00,2026-06-01T12:54:06.294661,2.02,8,False,False
TS-11102,Exchange-Umfeld,Niedrig,L. Hoffmann,2026-03-19T11:29:00,2026-03-19T17:56:56.431373,6.47,12,False,False
TS-11103,Drucker/Scanner,Niedrig,K. Krueger,2026-06-03T12:57:00,2026-06-03T16:03:53.191703,3.11,8,False,False
TS-11104,Drucker/Scanner,Niedrig,J. Schulz,2026-01-30T17:31:00,2026-01-30T21:25:35.942393,3.91,8,False,True
TS-11105,Drucker/Scanner,Niedrig,A. Bauer,2026-02-23T17:42:00,2026-02-24T02:48:29.899812,9.11,8,True,False
TS-11106,Benutzerverwaltung,Niedrig,M. Fischer,2026-04-28T17:26:00,2026-04-28T20:49:08.758200,3.39,6,False,False
TS-11107,Drucker/Scanner,Niedrig,A. Bauer,2026-01-12T08:34:00,2026-01-12T12:24:07.536613,3.84,8,False,False
TS-11108,Exchange-Umfeld,Niedrig,M. Fischer,2026-06-19T08:23:00,2026-06-19T21:42:39.063043,13.33,12,True,False
TS-11109,Exchange-Umfeld,Hoch,J. Schulz,2026-03-20T07:14:00,2026-03-20T17:29:55.241609,10.27,12,False,False
TS-11110,Interne Fernbetreuung,Mittel,K. Krueger,2026-03-02T12:40:00,2026-03-02T19:39:45.983817,7.0,12,False,False
TS-11111,Benutzerverwaltung,Niedrig,L. Hoffmann,2026-05-18T13:02:00,2026-05-18T16:01:37.380814,2.99,6,False,True
TS-11112,Drucker/Scanner,Mittel,M. Fischer,2026-01-19T10:31:00,2026-01-19T13:25:26.048860,2.91,8,False,True
TS-11113,Benutzerverwaltung,Niedrig,M. Fischer,2026-02-02T07:57:00,2026-02-02T09:13:45.296371,1.28,6,False,False
TS-11114,Drucker/Scanner,Mittel,M. Fischer,2026-03-23T17:34:00,2026-03-23T19:12:32.417763,1.64,8,False,True
TS-11115,Drucker/Scanner,Mittel,S. Wagner,2026-04-07T14:25:00,2026-04-07T19:31:52.975038,5.11,8,False,False
TS-11116,Drucker/Scanner,Niedrig,A. Bauer,2026-06-04T11:00:00,2026-06-04T15:55:45.472841,4.93,8,False,True
TS-11117,Benutzerverwaltung,Niedrig,K. Krueger,2026-05-08T07:45:00,2026-05-08T13:37:41.206566,5.88,6,False,False
TS-11118,Drucker/Scanner,Mittel,S. Wagner,2026-06-23T11:12:00,2026-06-23T16:27:42.687539,5.26,8,False,False
TS-11119,Exchange-Umfeld,Mittel,A. Bauer,2026-01-28T13:24:00,2026-01-29T03:11:52.220618,13.8,12,True,False
TS-11120,Interne Fernbetreuung,Niedrig,K. Krueger,2026-06-08T11:54:00,2026-06-08T17:36:02.065865,5.7,12,False,False
TS-11121,Exchange-Umfeld,Niedrig,L. Hoffmann,2026-03-06T08:57:00,2026-03-06T22:16:41.400409,13.33,12,True,False
TS-11122,Benutzerverwaltung,Niedrig,K. Krueger,2026-05-29T13:51:00,2026-05-29T16:46:05.739739,2.92,6,False,False
TS-11123,Exchange-Umfeld,Mittel,S. Wagner,2026-03-18T07:44:00,2026-03-18T15:59:21.603155,8.26,12,False,False
TS-11124,Interne Fernbetreuung,Mittel,M. Fischer,2026-01-08T07:15:00,2026-01-08T12:27:42.660534,5.21,12,False,False
TS-11125,Interne Fernbetreuung,Mittel,J. Schulz,2026-02-17T12:35:00,2026-02-17T19:27:41.007935,6.88,12,False,False
TS-11126,Exchange-Umfeld,Niedrig,M. Fischer,2026-05-07T18:09:00,2026-05-08T07:09:20.474963,13.01,12,True,False
TS-11127,Benutzerverwaltung,Niedrig,L. Hoffmann,2026-03-27T07:00:00,2026-03-27T08:37:37.627887,1.63,6,False,False
TS-11128,Interne Fernbetreuung,Niedrig,L. Hoffmann,2026-06-05T14:36:00,2026-06-05T21:46:45.847389,7.18,12,False,False
TS-11129,Benutzerverwaltung,Niedrig,J. Schulz,2026-05-20T13:33:00,2026-05-20T15:43:45.007055,2.18,6,False,False
TS-11130,Drucker/Scanner,Niedrig,L. Hoffmann,2026-06-04T08:47:00,2026-06-04T12:43:25.916718,3.94,8,False,False
TS-11131,Benutzerverwaltung,Niedrig,L. Hoffmann,2026-02-19T17:45:00,2026-02-19T20:36:48.383060,2.86,6,False,False
TS-11132,Interne Fernbetreuung,Mittel,K. Krueger,2026-06-23T17:20:00,2026-06-23T21:04:34.761275,3.74,12,False,False
TS-11133,Benutzerverwaltung,Niedrig,J. Schulz,2026-01-16T18:02:00,2026-01-16T21:03:23.810257,3.02,6,False,False
TS-11134,Drucker/Scanner,Mittel,A. Bauer,2026-06-02T08:57:00,2026-06-02T14:28:32.603295,5.53,8,False,True
TS-11135,Exchange-Umfeld,Niedrig,J. Schulz,2026-05-28T12:14:00,2026-05-28T21:34:30.185118,9.34,12,False,False
TS-11136,Interne Fernbetreuung,Hoch,A. Bauer,2026-04-01T07:05:00,2026-04-01T16:24:45.861743,9.33,12,False,False
TS-11137,Exchange-Umfeld,Niedrig,J. Schulz,2026-04-09T14:24:00,2026-04-10T05:49:12.171850,15.42,12,True,False
TS-11138,Exchange-Umfeld,Hoch,M. Fischer,2026-02-19T11:21:00,2026-02-19T17:21:48.399089,6.01,12,False,False
TS-11139,Benutzerverwaltung,Niedrig,J. Schulz,2026-06-01T11:17:00,2026-06-01T11:45:28.820641,0.47,6,False,False
TS-11140,Interne Fernbetreuung,Niedrig,K. Krueger,2026-03-30T08:46:00,2026-03-30T15:53:40.184560,7.13,12,False,False
TS-11141,Exchange-Umfeld,Niedrig,J. Schulz,2026-06-23T12:05:00,2026-06-23T18:20:03.604060,6.25,12,False,False
TS-11142,Interne Fernbetreuung,Mittel,L. Hoffmann,2026-01-07T10:04:00,2026-01-07T17:24:58.003130,7.35,12,False,False
TS-11143,Drucker/Scanner,Mittel,K. Krueger,2026-01-14T11:52:00,2026-01-14T14:27:55.553142,2.6,8,False,False
TS-11144,Benutzerverwaltung,Niedrig,A. Bauer,2026-04-06T10:09:00,2026-04-06T13:29:01.312743,3.33,6,False,False
TS-11145,Benutzerverwaltung,Niedrig,K. Krueger,2026-01-29T14:13:00,2026-01-29T16:45:17.535052,2.54,6,False,True
TS-11146,Interne Fernbetreuung,Mittel,A. Bauer,2026-06-03T07:44:00,2026-06-03T13:01:25.590682,5.29,12,False,False
TS-11147,Drucker/Scanner,Hoch,K. Krueger,2026-01-19T14:55:00,2026-01-19T16:49:46.475676,1.91,8,False,True
TS-11148,Exchange-Umfeld,Niedrig,L. Hoffmann,2026-06-26T18:29:00,2026-06-27T05:25:34.512692,10.94,12,False,False
TS-11149,Benutzerverwaltung,Hoch,K. Krueger,2026-01-23T08:07:00,2026-01-23T11:10:28.105420,3.06,6,False,False
TS-11150,Interne Fernbetreuung,Niedrig,A. Bauer,2026-01-30T12:51:00,2026-01-30T15:01:56.162108,2.18,12,False,False
TS-11151,Drucker/Scanner,Niedrig,S. Wagner,2026-02-05T18:04:00,2026-02-05T21:36:44.913616,3.55,8,False,True
TS-11152,Interne Fernbetreuung,Niedrig,K. Krueger,2026-02-12T18:45:00,2026-02-12T22:34:49.353058,3.83,12,False,False
TS-11153,Interne Fernbetreuung,Mittel,S. Wagner,2026-03-24T18:18:00,2026-03-24T19:13:16.066100,0.92,12,False,False
TS-11154,Exchange-Umfeld,Hoch,J. Schulz,2026-05-21T08:57:00,2026-05-21T16:48:30.405497,7.86,12,False,False
TS-11155,Exchange-Umfeld,Niedrig,S. Wagner,2026-06-02T08:47:00,2026-06-02T15:03:01.762737,6.27,12,False,False
TS-11156,Exchange-Umfeld,Niedrig,S. Wagner,2026-04-22T11:26:00,2026-04-23T01:46:56.748859,14.35,12,True,False
TS-11157,Exchange-Umfeld,Niedrig,L. Hoffmann,2026-01-07T13:06:00,2026-01-07T23:49:21.821173,10.72,12,False,False
TS-11158,Drucker/Scanner,Mittel,M. Fischer,2026-01-12T07:24:00,2026-01-12T16:06:53.304425,8.71,8,True,False
TS-11159,Exchange-Umfeld,Niedrig,M. Fischer,2026-05-27T07:26:00,2026-05-27T12:55:45.532463,5.5,12,False,False
TS-11160,Exchange-Umfeld,Mittel,M. Fischer,2026-01-01T08:06:00,2026-01-01T15:34:39.009561,7.48,12,False,False
TS-11161,Exchange-Umfeld,Mittel,S. Wagner,2026-04-06T15:21:00,2026-04-06T21:59:42.192334,6.65,12,False,False
TS-11162,Interne Fernbetreuung,Niedrig,M. Fischer,2026-04-22T13:24:00,2026-04-22T16:48:37.210769,3.41,12,False,False
TS-11163,Drucker/Scanner,Hoch,M. Fischer,2026-02-23T13:25:00,2026-02-23T16:15:55.836267,2.85,8,False,False
TS-11164,Interne Fernbetreuung,Niedrig,S. Wagner,2026-03-10T17:59:00,2026-03-10T21:44:01.803832,3.75,12,False,False
TS-11165,Drucker/Scanner,Niedrig,K. Krueger,2026-01-05T13:20:00,2026-01-05T15:20:13.590165,2.0,8,False,True
TS-11166,Drucker/Scanner,Niedrig,J. Schulz,2026-06-22T12:20:00,2026-06-22T17:43:49.930125,5.4,8,False,True
TS-11167,Interne Fernbetreuung,Mittel,M. Fischer,2026-06-01T15:59:00,2026-06-02T02:38:51.639041,10.66,12,False,False
TS-11168,Interne Fernbetreuung,Niedrig,L. Hoffmann,2026-03-18T07:51:00,2026-03-18T14:53:06.779151,7.04,12,False,False
TS-11169,Benutzerverwaltung,Hoch,M. Fischer,2026-06-01T13:47:00,2026-06-01T17:56:32.120180,4.16,6,False,True
TS-11170,Drucker/Scanner,Mittel,K. Krueger,2026-06-22T12:12:00,2026-06-22T16:21:20.319321,4.16,8,False,False
TS-11171,Exchange-Umfeld,Mittel,A. Bauer,2026-04-06T11:36:00,2026-04-06T19:30:57.466983,7.92,12,False,False
TS-11172,Drucker/Scanner,Niedrig,A. Bauer,2026-03-12T09:28:00,2026-03-12T17:19:42.897518,7.86,8,False,False
TS-11173,Benutzerverwaltung,Niedrig,S. Wagner,2026-03-04T16:03:00,2026-03-04T18:15:35.150777,2.21,6,False,False
TS-11174,Drucker/Scanner,Niedrig,L. Hoffmann,2026-02-05T16:52:00,2026-02-05T22:25:04.324998,5.55,8,False,False
TS-11175,Interne Fernbetreuung,Mittel,A. Bauer,2026-03-04T18:55:00,2026-03-05T05:29:01.214007,10.57,12,False,False
TS-11176,Drucker/Scanner,Niedrig,M. Fischer,2026-03-31T10:24:00,2026-03-31T12:51:55.201136,2.47,8,False,True
TS-11177,Drucker/Scanner,Niedrig,L. Hoffmann,2026-03-18T09:15:00,2026-03-18T13:18:49.965292,4.06,8,False,True
TS-11178,Exchange-Umfeld,Mittel,S. Wagner,2026-05-08T12:52:00,2026-05-08T16:25:09.512412,3.55,12,False,False
TS-11179,Drucker/Scanner,Mittel,S. Wagner,2026-03-12T07:01:00,2026-03-12T08:38:18.214032,1.62,8,False,True
TS-11180,Drucker/Scanner,Niedrig,J. Schulz,2026-02-04T17:42:00,2026-02-04T19:49:15.494181,2.12,8,False,False
TS-11181,Drucker/Scanner,Hoch,J. Schulz,2026-01-27T14:44:00,2026-01-27T17:09:34.034217,2.43,8,False,False
TS-11182,Exchange-Umfeld,Niedrig,J. Schulz,2026-01-27T11:28:00,2026-01-27T20:04:53.696886,8.61,12,False,False
TS-11183,Drucker/Scanner,Hoch,M. Fischer,2026-02-11T15:59:00,2026-02-11T21:57:53.103943,5.98,8,False,False
TS-11184,Benutzerverwaltung,Niedrig,S. Wagner,2026-03-17T14:31:00,2026-03-17T19:14:07.631153,4.72,6,False,False
TS-11185,Benutzerverwaltung,Niedrig,K. Krueger,2026-01-06T11:27:00,2026-01-06T13:22:55.621118,1.93,6,False,False
TS-11186,Drucker/Scanner,Niedrig,A. Bauer,2026-06-15T15:41:00,2026-06-15T19:45:06.747823,4.07,8,False,False
TS-11187,Drucker/Scanner,Niedrig,J. Schulz,2026-01-22T11:42:00,2026-01-22T16:07:46.811773,4.43,8,False,False
TS-11188,Benutzerverwaltung,Niedrig,M. Fischer,2026-01-23T07:17:00,2026-01-23T10:30:47.435842,3.23,6,False,True
TS-11189,Drucker/Scanner,Niedrig,M. Fischer,2026-06-17T14:13:00,2026-06-17T17:03:48.669551,2.85,8,False,True
TS-11190,Drucker/Scanner,Mittel,M. Fischer,2026-02-09T11:52:00,2026-02-09T13:58:07.845277,2.1,8,False,False
TS-11191,Interne Fernbetreuung,Niedrig,J. Schulz,2026-05-18T07:43:00,2026-05-18T10:35:05.984422,2.87,12,False,False
TS-11192,Drucker/Scanner,Niedrig,A. Bauer,2026-05-29T08:59:00,2026-05-29T11:49:36.848114,2.84,8,False,True
TS-11193,Drucker/Scanner,Mittel,S. Wagner,2026-06-01T12:07:00,2026-06-01T14:39:52.678987,2.55,8,False,False
TS-11194,Benutzerverwaltung,Hoch,M. Fischer,2026-01-29T15:08:00,2026-01-29T16:58:02.965122,1.83,6,False,True
TS-11195,Drucker/Scanner,Niedrig,S. Wagner,2026-03-05T11:28:00,2026-03-05T17:48:06.019149,6.34,8,False,False
TS-11196,Drucker/Scanner,Niedrig,J. Schulz,2026-02-23T09:45:00,2026-02-23T11:54:15.641071,2.15,8,False,False
TS-11197,Benutzerverwaltung,Hoch,K. Krueger,2026-03-23T18:48:00,2026-03-23T21:08:07.667935,2.34,6,False,False
TS-11198,Benutzerverwaltung,Mittel,A. Bauer,2026-01-23T11:04:00,2026-01-23T13:10:26.718877,2.11,6,False,True
TS-11199,Exchange-Umfeld,Hoch,J. Schulz,2026-04-09T18:25:00,2026-04-10T04:33:45.505949,10.15,12,False,False
TS-11200,Drucker/Scanner,Mittel,K. Krueger,2026-05-07T07:20:00,2026-05-07T09:37:28.801012,2.29,8,False,True
TS-11201,Drucker/Scanner,Niedrig,L. Hoffmann,2026-02-12T15:17:00,2026-02-12T19:15:38.306542,3.98,8,False,True
TS-11202,Interne Fernbetreuung,Niedrig,S. Wagner,2026-02-20T12:30:00,2026-02-20T20:28:12.307689,7.97,12,False,False
TS-11203,Drucker/Scanner,Mittel,L. Hoffmann,2026-03-11T10:57:00,2026-03-11T11:13:57.854898,0.28,8,False,False
TS-11204,Interne Fernbetreuung,Niedrig,K. Krueger,2026-04-14T17:54:00,2026-04-15T03:58:30.088158,10.08,12,False,False
TS-11205,Benutzerverwaltung,Niedrig,K. Krueger,2026-02-24T11:00:00,2026-02-24T15:59:10.572689,4.99,6,False,False
TS-11206,Exchange-Umfeld,Hoch,K. Krueger,2026-02-03T09:57:00,2026-02-03T17:01:32.144888,7.08,12,False,False
TS-11207,Interne Fernbetreuung,Mittel,S. Wagner,2026-01-05T07:38:00,2026-01-05T15:01:55.811505,7.4,12,False,False
TS-11208,Drucker/Scanner,Niedrig,L. Hoffmann,2026-06-02T13:12:00,2026-06-02T17:34:34.912985,4.38,8,False,False
TS-11209,Interne Fernbetreuung,Hoch,S. Wagner,2026-06-29T15:04:00,2026-06-29T21:21:50.002900,6.3,12,False,False
TS-11210,Drucker/Scanner,Hoch,K. Krueger,2026-05-19T08:28:00,2026-05-19T09:56:19.631162,1.47,8,False,False
TS-11211,Benutzerverwaltung,Niedrig,L. Hoffmann,2026-05-25T16:29:00,2026-05-25T19:40:15.566581,3.19,6,False,False
TS-11212,Benutzerverwaltung,Niedrig,J. Schulz,2026-05-21T07:38:00,2026-05-21T10:22:48.640500,2.75,6,False,False
TS-11213,Benutzerverwaltung,Niedrig,L. Hoffmann,2026-01-07T12:00:00,2026-01-07T14:39:52.235917,2.66,6,False,True
TS-11214,Exchange-Umfeld,Mittel,M. Fischer,2026-05-27T08:17:00,2026-05-27T20:09:56.989395,11.88,12,False,False
TS-11215,Interne Fernbetreuung,Niedrig,J. Schulz,2026-01-08T18:47:00,2026-01-08T22:36:13.904735,3.82,12,False,False
TS-11216,Benutzerverwaltung,Hoch,J. Schulz,2026-04-06T17:03:00,2026-04-06T19:18:45.710207,2.26,6,False,True
TS-11217,Exchange-Umfeld,Niedrig,L. Hoffmann,2026-01-16T11:14:00,2026-01-16T16:43:01.457497,5.48,12,False,False
TS-11218,Exchange-Umfeld,Niedrig,M. Fischer,2026-03-24T10:32:00,2026-03-24T23:17:16.160142,12.75,12,True,False
TS-11219,Drucker/Scanner,Mittel,L. Hoffmann,2026-06-19T09:31:00,2026-06-19T14:16:36.652984,4.76,8,False,True
TS-11220,Benutzerverwaltung,Niedrig,L. Hoffmann,2026-01-26T14:33:00,2026-01-26T16:07:48.819930,1.58,6,False,True
TS-11221,Benutzerverwaltung,Niedrig,L. Hoffmann,2026-06-29T14:08:00,2026-06-29T18:47:08.114408,4.65,6,False,True
TS-11222,Benutzerverwaltung,Hoch,M. Fischer,2026-02-18T14:04:00,2026-02-18T18:24:00.455253,4.33,6,False,False
TS-11223,Interne Fernbetreuung,Mittel,A. Bauer,2026-03-18T17:19:00,2026-03-19T02:11:17.436162,8.87,12,False,False
TS-11224,Interne Fernbetreuung,Hoch,S. Wagner,2026-04-08T10:08:00,2026-04-08T12:03:53.946865,1.93,12,False,False
TS-11225,Interne Fernbetreuung,Mittel,L. Hoffmann,2026-01-22T09:59:00,2026-01-22T21:32:21.341805,11.56,12,False,False
TS-11226,Benutzerverwaltung,Niedrig,L. Hoffmann,2026-01-02T08:49:00,2026-01-02T09:19:42.613716,0.51,6,False,False
TS-11227,Drucker/Scanner,Mittel,K. Krueger,2026-01-30T10:04:00,2026-01-30T11:45:58.277026,1.7,8,False,False
TS-11228,Interne Fernbetreuung,Niedrig,S. Wagner,2026-04-14T12:37:00,2026-04-14T17:20:49.452365,4.73,12,False,False
TS-11229,Benutzerverwaltung,Mittel,S. Wagner,2026-01-15T11:55:00,2026-01-15T12:48:50.375885,0.9,6,False,True
TS-11230,Drucker/Scanner,Hoch,K. Krueger,2026-03-18T10:35:00,2026-03-18T20:51:37.063965,10.28,8,True,False
TS-11231,Benutzerverwaltung,Niedrig,M. Fischer,2026-04-17T08:57:00,2026-04-17T11:27:04.344689,2.5,6,False,True
TS-11232,Exchange-Umfeld,Niedrig,J. Schulz,2026-02-17T13:35:00,2026-02-18T01:19:46.773454,11.75,12,False,False
TS-11233,Drucker/Scanner,Mittel,A. Bauer,2026-03-19T09:49:00,2026-03-19T11:12:12.898133,1.39,8,False,False
TS-11234,Exchange-Umfeld,Mittel,J. Schulz,2026-05-15T15:53:00,2026-05-16T00:10:49.089417,8.3,12,False,False
TS-11235,Benutzerverwaltung,Mittel,K. Krueger,2026-05-21T12:24:00,2026-05-21T17:27:46.979209,5.06,6,False,False
TS-11236,Interne Fernbetreuung,Niedrig,J. Schulz,2026-02-02T12:23:00,2026-02-02T21:11:45.086968,8.81,12,False,False
TS-11237,Drucker/Scanner,Mittel,L. Hoffmann,2026-05-12T11:37:00,2026-05-12T16:28:59.790979,4.87,8,False,True
TS-11238,Drucker/Scanner,Mittel,S. Wagner,2026-02-19T13:40:00,2026-02-19T15:30:46.098485,1.85,8,False,False
TS-11239,Drucker/Scanner,Mittel,J. Schulz,2026-01-19T18:40:00,2026-01-19T18:55:00,0.25,8,False,False
TS-11240,Interne Fernbetreuung,Niedrig,S. Wagner,2026-03-12T08:20:00,2026-03-12T16:04:50.964134,7.75,12,False,False
TS-11241,Drucker/Scanner,Mittel,S. Wagner,2026-06-16T17:23:00,2026-06-16T21:49:29.890007,4.44,8,False,False
TS-11242,Drucker/Scanner,Hoch,S. Wagner,2026-06-29T08:53:00,2026-06-29T11:12:23.396625,2.32,8,False,True
TS-11243,Drucker/Scanner,Mittel,J. Schulz,2026-06-29T18:43:00,2026-06-29T21:55:06.469180,3.2,8,False,True
TS-11244,Interne Fernbetreuung,Mittel,J. Schulz,2026-04-07T14:35:00,2026-04-07T18:49:24.629480,4.24,12,False,False
TS-11245,Exchange-Umfeld,Niedrig,L. Hoffmann,2026-01-07T14:53:00,2026-01-08T05:57:13.100171,15.07,12,True,False
TS-11246,Drucker/Scanner,Niedrig,K. Krueger,2026-02-24T08:12:00,2026-02-24T14:03:37.384656,5.86,8,False,False
TS-11247,Benutzerverwaltung,Mittel,A. Bauer,2026-03-10T12:53:00,2026-03-10T17:18:48.713285,4.43,6,False,True
TS-11248,Exchange-Umfeld,Niedrig,L. Hoffmann,2026-04-06T17:17:00,2026-04-06T21:39:34.927747,4.38,12,False,False
TS-11249,Interne Fernbetreuung,Hoch,A. Bauer,2026-01-26T17:17:00,2026-01-27T01:09:32.504803,7.88,12,False,False
TS-11250,Exchange-Umfeld,Niedrig,L. Hoffmann,2026-03-16T18:53:00,2026-03-17T02:05:01.334487,7.2,12,False,False
TS-11251,Interne Fernbetreuung,Hoch,L. Hoffmann,2026-03-27T11:21:00,2026-03-27T18:42:13.952360,7.35,12,False,False
TS-11252,Drucker/Scanner,Mittel,M. Fischer,2026-03-03T10:06:00,2026-03-03T12:57:52.893946,2.86,8,False,True
TS-11253,Interne Fernbetreuung,Niedrig,K. Krueger,2026-03-20T10:10:00,2026-03-20T16:44:39.001195,6.58,12,False,False
TS-11254,Benutzerverwaltung,Niedrig,A. Bauer,2026-01-21T16:37:00,2026-01-21T19:25:17.276425,2.8,6,False,True
TS-11255,Benutzerverwaltung,Niedrig,L. Hoffmann,2026-04-08T16:22:00,2026-04-08T19:44:35.085217,3.38,6,False,False
TS-11256,Drucker/Scanner,Niedrig,K. Krueger,2026-06-12T11:12:00,2026-06-12T13:33:23.118216,2.36,8,False,False
TS-11257,Exchange-Umfeld,Hoch,A. Bauer,2026-01-02T15:01:00,2026-01-02T18:24:30.806358,3.39,12,False,False
TS-11258,Drucker/Scanner,Mittel,M. Fischer,2026-04-03T14:31:00,2026-04-03T18:50:11.177141,4.32,8,False,False
TS-11259,Exchange-Umfeld,Niedrig,M. Fischer,2026-04-29T09:54:00,2026-04-29T17:14:23.604700,7.34,12,False,False
TS-11260,Drucker/Scanner,Hoch,J. Schulz,2026-04-29T07:29:00,2026-04-29T09:23:32.155076,1.91,8,False,False
TS-11261,Benutzerverwaltung,Niedrig,K. Krueger,2026-01-22T08:36:00,2026-01-22T12:59:16.195727,4.39,6,False,False
TS-11262,Interne Fernbetreuung,Niedrig,J. Schulz,2026-01-09T08:02:00,2026-01-09T11:31:52.297245,3.5,12,False,False
TS-11263,Interne Fernbetreuung,Niedrig,M. Fischer,2026-01-27T07:12:00,2026-01-27T14:20:13.319390,7.14,12,False,False
TS-11264,Benutzerverwaltung,Mittel,M. Fischer,2026-05-07T13:34:00,2026-05-07T17:56:53.268617,4.38,6,False,False
TS-11265,Interne Fernbetreuung,Mittel,M. Fischer,2026-04-14T08:07:00,2026-04-14T17:18:34.539600,9.19,12,False,False
TS-11266,Interne Fernbetreuung,Hoch,K. Krueger,2026-06-02T07:07:00,2026-06-02T10:29:54.016207,3.38,12,False,False
TS-11267,Interne Fernbetreuung,Niedrig,S. Wagner,2026-02-18T12:07:00,2026-02-18T13:41:42.778890,1.58,12,False,False
TS-11268,Drucker/Scanner,Niedrig,K. Krueger,2026-01-13T17:33:00,2026-01-13T20:39:38.352222,3.11,8,False,False
TS-11269,Benutzerverwaltung,Hoch,K. Krueger,2026-02-09T15:11:00,2026-02-09T17:59:49.452041,2.81,6,False,False
TS-11270,Drucker/Scanner,Hoch,S. Wagner,2026-01-12T18:10:00,2026-01-12T21:31:17.275166,3.35,8,False,True
TS-11271,Benutzerverwaltung,Niedrig,K. Krueger,2026-06-15T12:39:00,2026-06-15T14:21:05.871116,1.7,6,False,False
TS-11272,Exchange-Umfeld,Mittel,K. Krueger,2026-06-24T11:12:00,2026-06-25T01:32:26.255013,14.34,12,True,False
TS-11273,Exchange-Umfeld,Mittel,L. Hoffmann,2026-01-26T12:46:00,2026-01-26T16:09:39.676400,3.39,12,False,False
TS-11274,Interne Fernbetreuung,Niedrig,S. Wagner,2026-03-03T13:12:00,2026-03-03T17:32:37.748368,4.34,12,False,False
TS-11275,Exchange-Umfeld,Niedrig,K. Krueger,2026-02-13T15:54:00,2026-02-13T21:37:43.191085,5.73,12,False,False
TS-11276,Exchange-Umfeld,Mittel,A. Bauer,2026-04-16T13:26:00,2026-04-17T05:14:52.878324,15.81,12,True,False
TS-11277,Interne Fernbetreuung,Hoch,J. Schulz,2026-04-20T12:19:00,2026-04-20T15:58:06.318308,3.65,12,False,False
TS-11278,Exchange-Umfeld,Niedrig,S. Wagner,2026-04-16T12:25:00,2026-04-16T18:26:25.898869,6.02,12,False,False
TS-11279,Benutzerverwaltung,Niedrig,L. Hoffmann,2026-03-19T12:31:00,2026-03-19T15:43:16.211413,3.2,6,False,True
TS-11280,Drucker/Scanner,Niedrig,K. Krueger,2026-06-30T08:25:00,2026-06-30T12:25:20.247163,4.01,8,False,True
TS-11281,Drucker/Scanner,Niedrig,K. Krueger,2026-02-27T11:35:00,2026-02-27T17:15:36.545798,5.68,8,False,False
TS-11282,Drucker/Scanner,Niedrig,M. Fischer,2026-02-09T10:13:00,2026-02-09T14:28:56.939258,4.27,8,False,False
TS-11283,Drucker/Scanner,Hoch,J. Schulz,2026-02-03T12:55:00,2026-02-03T20:23:35.163753,7.48,8,False,False
TS-11284,Interne Fernbetreuung,Mittel,M. Fischer,2026-04-29T09:39:00,2026-04-29T15:25:18.122476,5.77,12,False,False
TS-11285,Exchange-Umfeld,Hoch,A. Bauer,2026-04-22T10:48:00,2026-04-22T19:24:47.706482,8.61,12,False,False
TS-11286,Exchange-Umfeld,Niedrig,M. Fischer,2026-05-14T08:38:00,2026-05-14T16:12:44.907761,7.58,12,False,False
TS-11287,Benutzerverwaltung,Niedrig,S. Wagner,2026-01-27T13:03:00,2026-01-27T17:38:50.263107,4.6,6,False,True
TS-11288,Interne Fernbetreuung,Mittel,A. Bauer,2026-02-02T16:01:00,2026-02-02T22:15:19.827343,6.24,12,False,False
TS-11289,Drucker/Scanner,Niedrig,K. Krueger,2026-04-22T17:36:00,2026-04-23T00:41:04.112056,7.08,8,False,False
TS-11290,Interne Fernbetreuung,Mittel,A. Bauer,2026-06-02T08:42:00,2026-06-02T12:15:44.430233,3.56,12,False,False
TS-11291,Exchange-Umfeld,Mittel,S. Wagner,2026-04-16T11:13:00,2026-04-16T23:21:01.055192,12.13,12,True,False
TS-11292,Drucker/Scanner,Niedrig,K. Krueger,2026-01-26T14:50:00,2026-01-26T17:43:27.429659,2.89,8,False,False
TS-11293,Exchange-Umfeld,Mittel,J. Schulz,2026-04-09T09:14:00,2026-04-09T15:46:52.254229,6.55,12,False,False
TS-11294,Drucker/Scanner,Niedrig,K. Krueger,2026-02-11T14:23:00,2026-02-11T20:43:15.933886,6.34,8,False,False
TS-11295,Drucker/Scanner,Hoch,K. Krueger,2026-04-15T11:16:00,2026-04-15T13:43:40.056692,2.46,8,False,False
TS-11296,Benutzerverwaltung,Hoch,A. Bauer,2026-01-23T10:22:00,2026-01-23T13:10:45.800453,2.81,6,False,False
TS-11297,Benutzerverwaltung,Niedrig,K. Krueger,2026-06-24T13:48:00,2026-06-24T14:35:30.500105,0.79,6,False,True
TS-11298,Drucker/Scanner,Hoch,L. Hoffmann,2026-03-20T07:24:00,2026-03-20T15:54:57.062615,8.52,8,True,True
TS-11299,Exchange-Umfeld,Mittel,J. Schulz,2026-03-30T10:42:00,2026-03-30T21:17:23.603173,10.59,12,False,False
TS-11300,Interne Fernbetreuung,Niedrig,J. Schulz,2026-02-18T15:08:00,2026-02-18T17:26:57.997271,2.32,12,False,False
TS-11301,Benutzerverwaltung,Mittel,J. Schulz,2026-03-11T11:54:00,2026-03-11T14:11:34.650554,2.29,6,False,False
TS-11302,Interne Fernbetreuung,Hoch,S. Wagner,2026-05-11T13:23:00,2026-05-11T18:20:48.321428,4.96,12,False,False
TS-11303,Exchange-Umfeld,Niedrig,J. Schulz,2026-04-24T16:43:00,2026-04-25T00:32:15.387286,7.82,12,False,False
TS-11304,Drucker/Scanner,Niedrig,L. Hoffmann,2026-02-20T11:27:00,2026-02-20T15:24:53.701393,3.96,8,False,False
TS-11305,Interne Fernbetreuung,Mittel,M. Fischer,2026-02-05T17:48:00,2026-02-06T03:33:42.987577,9.76,12,False,False
TS-11306,Drucker/Scanner,Niedrig,J. Schulz,2026-03-26T08:40:00,2026-03-26T17:59:17.639014,9.32,8,True,True
TS-11307,Benutzerverwaltung,Mittel,K. Krueger,2026-02-26T10:54:00,2026-02-26T12:27:47.565564,1.56,6,False,False
TS-11308,Interne Fernbetreuung,Hoch,M. Fischer,2026-06-29T13:00:00,2026-06-29T20:15:09.709065,7.25,12,False,False
TS-11309,Benutzerverwaltung,Mittel,J. Schulz,2026-05-19T18:32:00,2026-05-19T20:36:32.354483,2.08,6,False,False
TS-11310,Exchange-Umfeld,Niedrig,M. Fischer,2026-05-15T14:57:00,2026-05-16T00:26:52.608257,9.5,12,False,False
TS-11311,Exchange-Umfeld,Niedrig,A. Bauer,2026-05-12T14:08:00,2026-05-12T22:10:58.698470,8.05,12,False,False
TS-11312,Benutzerverwaltung,Hoch,S. Wagner,2026-06-30T17:42:00,2026-06-30T18:18:52.616781,0.61,6,False,True
TS-11313,Drucker/Scanner,Niedrig,S. Wagner,2026-06-16T16:55:00,2026-06-16T20:01:49.400302,3.11,8,False,False
TS-11314,Benutzerverwaltung,Niedrig,K. Krueger,2026-05-27T16:37:00,2026-05-27T19:27:02.433136,2.83,6,False,True
TS-11315,Interne Fernbetreuung,Mittel,M. Fischer,2026-01-26T15:24:00,2026-01-26T22:45:02.462059,7.35,12,False,False
TS-11316,Exchange-Umfeld,Niedrig,J. Schulz,2026-03-27T13:53:00,2026-03-27T19:21:50.040331,5.48,12,False,False
TS-11317,Interne Fernbetreuung,Mittel,S. Wagner,2026-01-21T13:57:00,2026-01-21T20:41:43.643648,6.75,12,False,False
TS-11318,Interne Fernbetreuung,Niedrig,K. Krueger,2026-02-18T09:09:00,2026-02-18T10:28:44.034949,1.33,12,False,False
TS-11319,Benutzerverwaltung,Mittel,J. Schulz,2026-04-27T11:19:00,2026-04-27T11:34:00,0.25,6,False,True
TS-11320,Exchange-Umfeld,Niedrig,M. Fischer,2026-03-04T12:01:00,2026-03-04T19:10:08.032866,7.15,12,False,False
TS-11321,Interne Fernbetreuung,Niedrig,L. Hoffmann,2026-01-21T13:36:00,2026-01-21T18:01:10.448388,4.42,12,False,False
TS-11322,Benutzerverwaltung,Niedrig,K. Krueger,2026-02-16T13:43:00,2026-02-16T19:01:50.331057,5.31,6,False,False
TS-11323,Drucker/Scanner,Hoch,L. Hoffmann,2026-01-12T14:01:00,2026-01-12T15:55:06.952901,1.9,8,False,False
TS-11324,Interne Fernbetreuung,Mittel,M. Fischer,2026-04-01T13:35:00,2026-04-01T21:14:50.956227,7.66,12,False,False
TS-11325,Drucker/Scanner,Niedrig,S. Wagner,2026-06-18T09:00:00,2026-06-18T11:36:36.354590,2.61,8,False,False
TS-11326,Interne Fernbetreuung,Mittel,L. Hoffmann,2026-02-05T09:56:00,2026-02-05T20:14:38.185806,10.31,12,False,False
TS-11327,Exchange-Umfeld,Niedrig,A. Bauer,2026-01-23T09:24:00,2026-01-24T00:00:41.712393,14.61,12,True,False
TS-11328,Benutzerverwaltung,Niedrig,L. Hoffmann,2026-03-18T13:06:00,2026-03-18T17:24:07.683235,4.3,6,False,False
TS-11329,Drucker/Scanner,Hoch,J. Schulz,2026-05-13T11:23:00,2026-05-13T18:56:52.872797,7.56,8,False,False
TS-11330,Exchange-Umfeld,Niedrig,J. Schulz,2026-06-17T16:01:00,2026-06-17T22:15:21.574774,6.24,12,False,False
TS-11331,Exchange-Umfeld,Mittel,J. Schulz,2026-03-02T09:07:00,2026-03-02T19:54:29.849154,10.79,12,False,False
TS-11332,Drucker/Scanner,Niedrig,S. Wagner,2026-05-25T15:57:00,2026-05-25T18:59:36.804801,3.04,8,False,True
TS-11333,Drucker/Scanner,Niedrig,K. Krueger,2026-04-03T17:49:00,2026-04-03T18:40:50.426744,0.86,8,False,False
TS-11334,Drucker/Scanner,Niedrig,A. Bauer,2026-05-06T15:18:00,2026-05-06T15:33:00,0.25,8,False,False
TS-11335,Benutzerverwaltung,Niedrig,J. Schulz,2026-02-25T11:46:00,2026-02-25T13:38:00.933657,1.87,6,False,True
TS-11336,Exchange-Umfeld,Niedrig,J. Schulz,2026-04-06T08:29:00,2026-04-06T16:38:06.012600,8.15,12,False,False
TS-11337,Drucker/Scanner,Mittel,M. Fischer,2026-03-25T16:18:00,2026-03-25T19:03:52.545919,2.76,8,False,False
TS-11338,Exchange-Umfeld,Niedrig,J. Schulz,2026-02-18T12:16:00,2026-02-18T22:14:42.898980,9.98,12,False,False
TS-11339,Benutzerverwaltung,Niedrig,A. Bauer,2026-02-04T14:48:00,2026-02-04T16:48:27.290550,2.01,6,False,False
TS-11340,Interne Fernbetreuung,Niedrig,L. Hoffmann,2026-03-06T18:12:00,2026-03-06T23:57:07.741128,5.75,12,False,False
TS-11341,Drucker/Scanner,Niedrig,M. Fischer,2026-04-15T10:16:00,2026-04-15T12:30:12.708692,2.24,8,False,True
TS-11342,Drucker/Scanner,Mittel,A. Bauer,2026-01-26T13:18:00,2026-01-26T14:38:32.914233,1.34,8,False,True
TS-11343,Drucker/Scanner,Niedrig,J. Schulz,2026-05-18T09:42:00,2026-05-18T11:23:37.740740,1.69,8,False,False
TS-11344,Drucker/Scanner,Niedrig,A. Bauer,2026-04-20T13:18:00,2026-04-20T15:40:27.596337,2.37,8,False,True
TS-11345,Drucker/Scanner,Mittel,S. Wagner,2026-01-30T14:28:00,2026-01-30T17:19:37.594835,2.86,8,False,False
TS-11346,Exchange-Umfeld,Niedrig,A. Bauer,2026-06-01T12:35:00,2026-06-01T21:51:49.426989,9.28,12,False,False
TS-11347,Exchange-Umfeld,Niedrig,K. Krueger,2026-01-27T18:41:00,2026-01-28T06:43:28.762754,12.04,12,True,False
TS-11348,Drucker/Scanner,Mittel,K. Krueger,2026-05-18T17:51:00,2026-05-18T20:39:13.561500,2.8,8,False,False
TS-11349,Benutzerverwaltung,Niedrig,A. Bauer,2026-03-23T17:17:00,2026-03-23T19:13:09.443049,1.94,6,False,False
TS-11350,Exchange-Umfeld,Niedrig,L. Hoffmann,2026-03-26T08:54:00,2026-03-26T21:33:27.932836,12.66,12,True,False
TS-11351,Benutzerverwaltung,Niedrig,A. Bauer,2026-01-21T17:08:00,2026-01-21T19:15:55.898256,2.13,6,False,False
TS-11352,Benutzerverwaltung,Niedrig,L. Hoffmann,2026-04-30T07:53:00,2026-04-30T09:10:19.046236,1.29,6,False,True
TS-11353,Interne Fernbetreuung,Niedrig,L. Hoffmann,2026-06-19T18:51:00,2026-06-19T23:52:25.617956,5.02,12,False,False
TS-11354,Interne Fernbetreuung,Mittel,K. Krueger,2026-06-24T07:36:00,2026-06-24T17:25:00.135866,9.82,12,False,False
TS-11355,Exchange-Umfeld,Niedrig,J. Schulz,2026-04-23T16:31:00,2026-04-24T07:30:14.771640,14.99,12,True,False
TS-11356,Drucker/Scanner,Niedrig,M. Fischer,2026-01-30T07:51:00,2026-01-30T11:51:16.235746,4.0,8,False,True
TS-11357,Drucker/Scanner,Mittel,L. Hoffmann,2026-05-12T16:34:00,2026-05-12T21:07:24.448862,4.56,8,False,False
TS-11358,Exchange-Umfeld,Hoch,J. Schulz,2026-02-06T18:57:00,2026-02-07T13:52:21.491070,18.92,12,True,False
TS-11359,Benutzerverwaltung,Hoch,J. Schulz,2026-05-25T07:06:00,2026-05-25T12:13:04.464801,5.12,6,False,False
TS-11360,Benutzerverwaltung,Niedrig,M. Fischer,2026-04-16T07:02:00,2026-04-16T10:18:56.564869,3.28,6,False,True
TS-11361,Drucker/Scanner,Niedrig,A. Bauer,2026-06-30T10:17:00,2026-06-30T15:13:36.461373,4.94,8,False,True
TS-11362,Drucker/Scanner,Mittel,S. Wagner,2026-01-08T07:41:00,2026-01-08T12:28:42.211596,4.8,8,False,False
TS-11363,Exchange-Umfeld,Hoch,L. Hoffmann,2026-02-06T12:06:00,2026-02-06T20:46:41.916460,8.68,12,False,False
TS-11364,Drucker/Scanner,Mittel,S. Wagner,2026-05-22T17:11:00,2026-05-23T00:01:09.526247,6.84,8,False,True
TS-11365,Drucker/Scanner,Niedrig,M. Fischer,2026-01-16T10:53:00,2026-01-16T17:43:16.609710,6.84,8,False,True
TS-11366,Interne Fernbetreuung,Hoch,K. Krueger,2026-03-09T11:35:00,2026-03-09T17:55:04.880422,6.33,12,False,False
TS-11367,Benutzerverwaltung,Niedrig,K. Krueger,2026-05-29T14:05:00,2026-05-29T17:56:04.601503,3.85,6,False,False
TS-11368,Interne Fernbetreuung,Niedrig,J. Schulz,2026-04-17T10:07:00,2026-04-17T18:53:05.215224,8.77,12,False,False
TS-11369,Benutzerverwaltung,Mittel,L. Hoffmann,2026-03-11T15:45:00,2026-03-11T19:41:59.910809,3.95,6,False,True
TS-11370,Benutzerverwaltung,Niedrig,K. Krueger,2026-02-18T12:22:00,2026-02-18T13:43:56.395020,1.37,6,False,True
TS-11371,Benutzerverwaltung,Niedrig,M. Fischer,2026-02-18T09:25:00,2026-02-18T11:57:19.439519,2.54,6,False,True
TS-11372,Drucker/Scanner,Niedrig,S. Wagner,2026-04-20T15:29:00,2026-04-20T20:56:36.618661,5.46,8,False,False
TS-11373,Drucker/Scanner,Niedrig,K. Krueger,2026-02-27T08:41:00,2026-02-27T13:47:13.654396,5.1,8,False,False
TS-11374,Drucker/Scanner,Niedrig,M. Fischer,2026-01-20T07:08:00,2026-01-20T09:20:46.023844,2.21,8,False,False
TS-11375,Exchange-Umfeld,Mittel,L. Hoffmann,2026-05-14T17:43:00,2026-05-15T11:35:17.315405,17.87,12,True,False
TS-11376,Benutzerverwaltung,Mittel,J. Schulz,2026-06-12T09:16:00,2026-06-12T12:41:33.002355,3.43,6,False,False
TS-11377,Drucker/Scanner,Mittel,J. Schulz,2026-03-26T08:55:00,2026-03-26T18:47:09.478567,9.87,8,True,True
TS-11378,Drucker/Scanner,Niedrig,S. Wagner,2026-04-08T10:36:00,2026-04-08T15:40:45.923329,5.08,8,False,False
TS-11379,Exchange-Umfeld,Niedrig,K. Krueger,2026-03-18T15:55:00,2026-03-19T01:01:52.900924,9.11,12,False,False
TS-11380,Interne Fernbetreuung,Hoch,A. Bauer,2026-04-09T15:59:00,2026-04-09T21:26:49.346428,5.46,12,False,False
TS-11381,Interne Fernbetreuung,Niedrig,J. Schulz,2026-04-06T14:18:00,2026-04-06T14:33:00,0.25,12,False,False
TS-11382,Benutzerverwaltung,Niedrig,S. Wagner,2026-06-25T16:34:00,2026-06-25T22:00:02.292005,5.43,6,False,True
TS-11383,Benutzerverwaltung,Mittel,J. Schulz,2026-01-20T17:11:00,2026-01-20T23:18:49.074330,6.13,6,True,False
TS-11384,Drucker/Scanner,Hoch,L. Hoffmann,2026-05-07T07:41:00,2026-05-07T10:43:04.720156,3.03,8,False,True
TS-11385,Benutzerverwaltung,Niedrig,J. Schulz,2026-05-22T16:01:00,2026-05-22T19:32:32.106797,3.53,6,False,True
TS-11386,Benutzerverwaltung,Mittel,A. Bauer,2026-05-04T08:40:00,2026-05-04T11:22:36.473104,2.71,6,False,True
TS-11387,Interne Fernbetreuung,Mittel,L. Hoffmann,2026-05-27T17:55:00,2026-05-27T23:34:57.810857,5.67,12,False,False
TS-11388,Drucker/Scanner,Mittel,S. Wagner,2026-05-14T12:20:00,2026-05-14T19:03:45.907196,6.73,8,False,False
TS-11389,Drucker/Scanner,Hoch,J. Schulz,2026-04-23T15:13:00,2026-04-23T17:37:52.505905,2.41,8,False,True
TS-11390,Benutzerverwaltung,Mittel,K. Krueger,2026-04-17T08:41:00,2026-04-17T13:30:06.993770,4.82,6,False,True
TS-11391,Interne Fernbetreuung,Niedrig,L. Hoffmann,2026-05-21T18:58:00,2026-05-21T19:42:17.230294,0.74,12,False,False
TS-11392,Benutzerverwaltung,Niedrig,M. Fischer,2026-01-21T14:08:00,2026-01-21T19:38:41.923779,5.51,6,False,True
TS-11393,Benutzerverwaltung,Mittel,M. Fischer,2026-01-19T11:25:00,2026-01-19T13:49:33.312271,2.41,6,False,False
TS-11394,Drucker/Scanner,Niedrig,M. Fischer,2026-02-11T09:00:00,2026-02-11T13:48:01.715670,4.8,8,False,False
TS-11395,Interne Fernbetreuung,Hoch,J. Schulz,2026-06-02T09:20:00,2026-06-02T16:34:36.833533,7.24,12,False,False
TS-11396,Benutzerverwaltung,Mittel,L. Hoffmann,2026-06-01T18:46:00,2026-06-01T21:51:14.570202,3.09,6,False,True
TS-11397,Exchange-Umfeld,Niedrig,M. Fischer,2026-04-27T08:11:00,2026-04-27T14:42:09.501144,6.52,12,False,False
TS-11398,Interne Fernbetreuung,Mittel,K. Krueger,2026-04-23T11:15:00,2026-04-23T20:07:12.320178,8.87,12,False,False
TS-11399,Drucker/Scanner,Niedrig,M. Fischer,2026-02-18T15:41:00,2026-02-18T20:13:30.826031,4.54,8,False,True
TS-11400,Exchange-Umfeld,Mittel,L. Hoffmann,2026-03-09T08:21:00,2026-03-09T20:56:11.340716,12.59,12,True,False
TS-11401,Drucker/Scanner,Hoch,L. Hoffmann,2026-01-20T18:41:00,2026-01-21T01:57:16.107243,7.27,8,False,True
TS-11402,Benutzerverwaltung,Mittel,L. Hoffmann,2026-04-13T10:35:00,2026-04-13T13:07:45.429409,2.55,6,False,False
TS-11403,Benutzerverwaltung,Niedrig,J. Schulz,2026-06-02T13:37:00,2026-06-02T17:09:39.806652,3.54,6,False,True
TS-11404,Exchange-Umfeld,Mittel,A. Bauer,2026-01-20T07:28:00,2026-01-20T19:48:48.546475,12.35,12,True,False
TS-11405,Interne Fernbetreuung,Hoch,M. Fischer,2026-01-30T17:50:00,2026-01-30T20:12:43.847327,2.38,12,False,False
TS-11406,Interne Fernbetreuung,Niedrig,M. Fischer,2026-02-27T15:02:00,2026-02-27T18:57:00.964608,3.92,12,False,False
TS-11407,Drucker/Scanner,Hoch,M. Fischer,2026-03-04T16:09:00,2026-03-04T18:17:53.042605,2.15,8,False,False
TS-11408,Drucker/Scanner,Mittel,S. Wagner,2026-02-23T08:15:00,2026-02-23T12:47:30.563838,4.54,8,False,False
TS-11409,Exchange-Umfeld,Niedrig,L. Hoffmann,2026-02-16T09:16:00,2026-02-16T19:55:29.968386,10.66,12,False,False
TS-11410,Drucker/Scanner,Niedrig,K. Krueger,2026-03-19T10:09:00,2026-03-19T14:26:42.340592,4.3,8,False,False
TS-11411,Drucker/Scanner,Niedrig,S. Wagner,2026-03-26T12:27:00,2026-03-26T17:04:30.675778,4.63,8,False,True
TS-11412,Benutzerverwaltung,Niedrig,J. Schulz,2026-05-07T08:29:00,2026-05-07T13:09:45.747296,4.68,6,False,True
TS-11413,Drucker/Scanner,Mittel,M. Fischer,2026-02-26T10:46:00,2026-02-26T14:40:23.218275,3.91,8,False,True
TS-11414,Exchange-Umfeld,Mittel,S. Wagner,2026-06-16T14:07:00,2026-06-17T05:23:12.294813,15.27,12,True,False
TS-11415,Benutzerverwaltung,Mittel,L. Hoffmann,2026-06-12T16:46:00,2026-06-12T21:00:12.133061,4.24,6,False,False
TS-11416,Interne Fernbetreuung,Hoch,A. Bauer,2026-05-28T17:57:00,2026-05-29T00:57:01.680649,7.0,12,False,False
TS-11417,Interne Fernbetreuung,Niedrig,J. Schulz,2026-06-03T12:46:00,2026-06-03T20:40:57.477627,7.92,12,False,False
TS-11418,Drucker/Scanner,Mittel,L. Hoffmann,2026-02-09T13:11:00,2026-02-09T17:35:35.129788,4.41,8,False,True
TS-11419,Interne Fernbetreuung,Niedrig,M. Fischer,2026-06-26T18:42:00,2026-06-26T23:55:55.959600,5.23,12,False,False
TS-11420,Benutzerverwaltung,Mittel,L. Hoffmann,2026-04-01T13:14:00,2026-04-01T15:37:25.110707,2.39,6,False,False
TS-11421,Drucker/Scanner,Mittel,S. Wagner,2026-03-04T09:12:00,2026-03-04T16:31:16.332164,7.32,8,False,True
TS-11422,Interne Fernbetreuung,Hoch,L. Hoffmann,2026-04-16T10:18:00,2026-04-16T14:26:58.091362,4.15,12,False,False
TS-11423,Drucker/Scanner,Hoch,L. Hoffmann,2026-01-06T08:40:00,2026-01-06T15:03:53.258573,6.4,8,False,False
TS-11424,Benutzerverwaltung,Hoch,J. Schulz,2026-03-12T18:46:00,2026-03-12T19:54:50.620175,1.15,6,False,False
TS-11425,Benutzerverwaltung,Niedrig,K. Krueger,2026-06-15T18:25:00,2026-06-16T00:53:12.427775,6.47,6,True,False
TS-11426,Drucker/Scanner,Mittel,K. Krueger,2026-03-19T12:23:00,2026-03-19T17:26:51.269295,5.06,8,False,False
TS-11427,Interne Fernbetreuung,Hoch,K. Krueger,2026-06-25T13:02:00,2026-06-25T19:48:29.889200,6.77,12,False,False
TS-11428,Drucker/Scanner,Mittel,M. Fischer,2026-04-07T09:13:00,2026-04-07T17:14:22.976410,8.02,8,True,True
TS-11429,Drucker/Scanner,Mittel,A. Bauer,2026-04-07T15:03:00,2026-04-07T22:22:59.990965,7.33,8,False,False
TS-11430,Drucker/Scanner,Niedrig,M. Fischer,2026-05-25T16:52:00,2026-05-25T22:48:59.477911,5.95,8,False,True
TS-11431,Benutzerverwaltung,Mittel,S. Wagner,2026-05-11T11:33:00,2026-05-11T11:48:00,0.25,6,False,False
TS-11432,Benutzerverwaltung,Mittel,L. Hoffmann,2026-01-19T08:46:00,2026-01-19T11:11:48.160609,2.43,6,False,False
TS-11433,Drucker/Scanner,Hoch,L. Hoffmann,2026-04-24T13:48:00,2026-04-24T17:27:53.626565,3.66,8,False,False
TS-11434,Exchange-Umfeld,Niedrig,M. Fischer,2026-03-18T17:11:00,2026-03-19T03:15:05.692276,10.07,12,False,False
TS-11435,Interne Fernbetreuung,Niedrig,J. Schulz,2026-02-10T11:02:00,2026-02-10T12:41:54.121348,1.67,12,False,False
TS-11436,Exchange-Umfeld,Hoch,L. Hoffmann,2026-02-11T07:10:00,2026-02-11T11:06:26.407456,3.94,12,False,False
TS-11437,Exchange-Umfeld,Hoch,S. Wagner,2026-05-25T17:47:00,2026-05-26T05:05:43.684849,11.31,12,False,False
TS-11438,Benutzerverwaltung,Mittel,K. Krueger,2026-02-11T09:00:00,2026-02-11T12:23:10.598877,3.39,6,False,False
TS-11439,Drucker/Scanner,Niedrig,L. Hoffmann,2026-05-20T16:32:00,2026-05-20T19:22:47.881787,2.85,8,False,True
TS-11440,Drucker/Scanner,Niedrig,J. Schulz,2026-02-23T09:54:00,2026-02-23T14:49:26.306305,4.92,8,False,False
TS-11441,Benutzerverwaltung,Niedrig,A. Bauer,2026-05-12T16:43:00,2026-05-12T17:57:47.230646,1.25,6,False,False
TS-11442,Exchange-Umfeld,Niedrig,J. Schulz,2026-06-30T11:17:00,2026-07-01T01:11:02.557460,13.9,12,True,False
TS-11443,Exchange-Umfeld,Niedrig,L. Hoffmann,2026-02-13T10:14:00,2026-02-13T23:10:18.433843,12.94,12,True,False
TS-11444,Benutzerverwaltung,Niedrig,M. Fischer,2026-04-14T13:20:00,2026-04-14T15:01:40.789432,1.69,6,False,True
TS-11445,Exchange-Umfeld,Mittel,M. Fischer,2026-02-26T10:21:00,2026-02-27T00:02:04.966843,13.68,12,True,False
TS-11446,Benutzerverwaltung,Niedrig,A. Bauer,2026-04-03T17:37:00,2026-04-03T20:51:19.774342,3.24,6,False,False
TS-11447,Drucker/Scanner,Hoch,S. Wagner,2026-06-30T15:58:00,2026-06-30T22:54:21.351610,6.94,8,False,False
TS-11448,Drucker/Scanner,Niedrig,A. Bauer,2026-01-01T16:45:00,2026-01-01T22:55:31.012572,6.18,8,False,True
TS-11449,Exchange-Umfeld,Niedrig,K. Krueger,2026-05-21T13:06:00,2026-05-21T22:19:56.473570,9.23,12,False,False
TS-11450,Drucker/Scanner,Niedrig,A. Bauer,2026-04-08T17:13:00,2026-04-09T00:38:12.272210,7.42,8,False,False
TS-11451,Drucker/Scanner,Niedrig,A. Bauer,2026-02-11T07:04:00,2026-02-11T11:28:35.915039,4.41,8,False,True
TS-11452,Exchange-Umfeld,Hoch,L. Hoffmann,2026-04-24T07:01:00,2026-04-24T15:53:37.679679,8.88,12,False,False
TS-11453,Drucker/Scanner,Niedrig,S. Wagner,2026-05-18T11:06:00,2026-05-18T13:32:14.869293,2.44,8,False,True
TS-11454,Benutzerverwaltung,Mittel,L. Hoffmann,2026-01-09T13:54:00,2026-01-09T18:24:23.824102,4.51,6,False,False
TS-11455,Drucker/Scanner,Niedrig,K. Krueger,2026-06-11T10:01:00,2026-06-11T13:24:13.666654,3.39,8,False,True
TS-11456,Interne Fernbetreuung,Hoch,K. Krueger,2026-03-04T11:35:00,2026-03-04T13:44:17.252486,2.15,12,False,False
TS-11457,Interne Fernbetreuung,Mittel,L. Hoffmann,2026-01-08T08:38:00,2026-01-08T18:51:51.951258,10.23,12,False,False
TS-11458,Drucker/Scanner,Niedrig,S. Wagner,2026-05-14T17:10:00,2026-05-14T19:15:56.993973,2.1,8,False,True
TS-11459,Exchange-Umfeld,Niedrig,J. Schulz,2026-02-16T12:21:00,2026-02-16T22:42:32.039464,10.36,12,False,False
TS-11460,Benutzerverwaltung,Hoch,S. Wagner,2026-04-21T09:48:00,2026-04-21T12:24:40.261163,2.61,6,False,True
TS-11461,Drucker/Scanner,Hoch,A. Bauer,2026-05-25T14:11:00,2026-05-25T15:55:25.192697,1.74,8,False,False
TS-11462,Drucker/Scanner,Mittel,M. Fischer,2026-02-10T10:34:00,2026-02-10T14:43:34.059323,4.16,8,False,False
TS-11463,Interne Fernbetreuung,Niedrig,L. Hoffmann,2026-05-14T07:34:00,2026-05-14T16:56:55.001572,9.38,12,False,False
TS-11464,Benutzerverwaltung,Niedrig,A. Bauer,2026-02-11T13:21:00,2026-02-11T16:21:18.471580,3.01,6,False,False
TS-11465,Benutzerverwaltung,Mittel,L. Hoffmann,2026-01-12T12:25:00,2026-01-12T16:03:01.858525,3.63,6,False,True
TS-11466,Interne Fernbetreuung,Niedrig,S. Wagner,2026-05-22T13:07:00,2026-05-22T17:24:11.266573,4.29,12,False,False
TS-11467,Benutzerverwaltung,Mittel,M. Fischer,2026-03-23T10:24:00,2026-03-23T13:49:52.621828,3.43,6,False,True
TS-11468,Exchange-Umfeld,Niedrig,L. Hoffmann,2026-03-23T07:31:00,2026-03-23T15:19:18.614743,7.81,12,False,False
TS-11469,Benutzerverwaltung,Niedrig,M. Fischer,2026-02-02T14:59:00,2026-02-02T16:29:08.348654,1.5,6,False,False
TS-11470,Benutzerverwaltung,Hoch,M. Fischer,2026-06-17T09:04:00,2026-06-17T09:19:00,0.25,6,False,False
TS-11471,Interne Fernbetreuung,Mittel,A. Bauer,2026-04-10T09:10:00,2026-04-10T20:38:09.439933,11.47,12,False,False
TS-11472,Drucker/Scanner,Mittel,J. Schulz,2026-01-29T08:58:00,2026-01-29T12:20:41.776815,3.38,8,False,False
TS-11473,Benutzerverwaltung,Mittel,J. Schulz,2026-04-07T09:38:00,2026-04-07T14:15:07.374640,4.62,6,False,True
TS-11474,Drucker/Scanner,Mittel,J. Schulz,2026-04-22T13:01:00,2026-04-22T17:00:44.302218,4.0,8,False,False
TS-11475,Drucker/Scanner,Mittel,L. Hoffmann,2026-06-22T11:28:00,2026-06-22T17:31:06.342562,6.05,8,False,True
TS-11476,Drucker/Scanner,Mittel,L. Hoffmann,2026-05-18T13:24:00,2026-05-18T20:43:22.185145,7.32,8,False,False
TS-11477,Drucker/Scanner,Niedrig,L. Hoffmann,2026-01-16T18:54:00,2026-01-16T23:33:11.148302,4.65,8,False,True
TS-11478,Benutzerverwaltung,Niedrig,J. Schulz,2026-01-12T15:45:00,2026-01-12T16:00:00,0.25,6,False,True
TS-11479,Drucker/Scanner,Mittel,S. Wagner,2026-03-04T16:59:00,2026-03-04T19:05:58.651927,2.12,8,False,True
TS-11480,Interne Fernbetreuung,Mittel,K. Krueger,2026-06-02T12:11:00,2026-06-02T17:13:32.251368,5.04,12,False,False
TS-11481,Benutzerverwaltung,Niedrig,L. Hoffmann,2026-01-23T15:20:00,2026-01-23T18:40:05.786739,3.33,6,False,True
TS-11482,Benutzerverwaltung,Niedrig,M. Fischer,2026-01-13T07:08:00,2026-01-13T07:48:18.287760,0.67,6,False,True
TS-11483,Exchange-Umfeld,Niedrig,K. Krueger,2026-06-10T18:34:00,2026-06-11T07:28:18.607669,12.91,12,True,False
TS-11484,Exchange-Umfeld,Niedrig,J. Schulz,2026-06-26T15:36:00,2026-06-27T03:48:40.363635,12.21,12,True,False
TS-11485,Drucker/Scanner,Niedrig,S. Wagner,2026-06-08T10:40:00,2026-06-08T11:32:20.620111,0.87,8,False,True
TS-11486,Benutzerverwaltung,Niedrig,L. Hoffmann,2026-01-09T17:29:00,2026-01-09T19:49:43.789506,2.35,6,False,True
TS-11487,Interne Fernbetreuung,Mittel,S. Wagner,2026-03-27T12:49:00,2026-03-27T18:52:11.318913,6.05,12,False,False
TS-11488,Drucker/Scanner,Hoch,S. Wagner,2026-04-13T13:56:00,2026-04-13T20:01:02.641303,6.08,8,False,True
TS-11489,Interne Fernbetreuung,Mittel,J. Schulz,2026-06-24T17:30:00,2026-06-25T03:39:16.765293,10.15,12,False,False
TS-11490,Drucker/Scanner,Niedrig,M. Fischer,2026-01-27T09:51:00,2026-01-27T13:01:48.941396,3.18,8,False,True
TS-11491,Drucker/Scanner,Mittel,L. Hoffmann,2026-06-30T15:23:00,2026-06-30T19:56:17.867707,4.55,8,False,False
TS-11492,Drucker/Scanner,Hoch,J. Schulz,2026-05-19T13:17:00,2026-05-19T14:11:42.748087,0.91,8,False,False
TS-11493,Interne Fernbetreuung,Mittel,J. Schulz,2026-02-10T12:55:00,2026-02-11T00:11:39.222172,11.28,12,False,False
TS-11494,Drucker/Scanner,Niedrig,K. Krueger,2026-01-30T15:41:00,2026-01-30T17:53:40.524546,2.21,8,False,False
TS-11495,Drucker/Scanner,Niedrig,M. Fischer,2026-04-10T09:26:00,2026-04-10T09:41:00,0.25,8,False,True
TS-11496,Interne Fernbetreuung,Niedrig,M. Fischer,2026-06-04T15:43:00,2026-06-05T00:42:44.418377,9.0,12,False,False
TS-11497,Drucker/Scanner,Hoch,S. Wagner,2026-01-22T09:15:00,2026-01-22T13:39:06.001324,4.4,8,False,False
TS-11498,Benutzerverwaltung,Mittel,J. Schulz,2026-01-06T07:05:00,2026-01-06T07:52:04.493234,0.78,6,False,False
TS-11499,Interne Fernbetreuung,Niedrig,J. Schulz,2026-03-03T17:14:00,2026-03-03T23:37:01.217828,6.38,12,False,False
TS-11500,Benutzerverwaltung,Mittel,S. Wagner,2026-01-16T14:28:00,2026-01-16T16:39:41.373429,2.19,6,False,False
TS-11501,Interne Fernbetreuung,Mittel,K. Krueger,2026-03-06T11:30:00,2026-03-06T15:24:27.430486,3.91,12,False,False
TS-11502,Benutzerverwaltung,Mittel,K. Krueger,2026-06-26T12:26:00,2026-06-26T17:35:25.120735,5.16,6,False,False
TS-11503,Exchange-Umfeld,Niedrig,M. Fischer,2026-02-25T16:35:00,2026-02-25T20:04:53.536333,3.5,12,False,False
TS-11504,Drucker/Scanner,Niedrig,S. Wagner,2026-05-13T12:26:00,2026-05-13T14:57:51.391414,2.53,8,False,False
TS-11505,Benutzerverwaltung,Mittel,M. Fischer,2026-04-17T07:02:00,2026-04-17T09:09:36.989366,2.13,6,False,False
TS-11506,Exchange-Umfeld,Mittel,M. Fischer,2026-02-03T13:25:00,2026-02-04T00:00:50.100317,10.6,12,False,False
TS-11507,Drucker/Scanner,Mittel,K. Krueger,2026-06-03T10:25:00,2026-06-03T12:34:39.642602,2.16,8,False,False
TS-11508,Drucker/Scanner,Niedrig,K. Krueger,2026-01-28T11:30:00,2026-01-28T14:06:59.526942,2.62,8,False,False
TS-11509,Exchange-Umfeld,Mittel,A. Bauer,2026-04-06T12:19:00,2026-04-06T23:06:27.225213,10.79,12,False,False
TS-11510,Drucker/Scanner,Niedrig,A. Bauer,2026-01-29T07:43:00,2026-01-29T16:19:12.483098,8.6,8,True,False
TS-11511,Exchange-Umfeld,Mittel,M. Fischer,2026-04-15T07:50:00,2026-04-15T20:20:51.253935,12.51,12,True,False
TS-11512,Benutzerverwaltung,Mittel,J. Schulz,2026-02-06T12:21:00,2026-02-06T14:49:28.104982,2.47,6,False,False
TS-11513,Interne Fernbetreuung,Mittel,A. Bauer,2026-03-27T18:52:00,2026-03-27T22:23:43.621123,3.53,12,False,False
TS-11514,Exchange-Umfeld,Niedrig,A. Bauer,2026-05-21T16:33:00,2026-05-22T03:00:37.638977,10.46,12,False,False
TS-11515,Drucker/Scanner,Niedrig,K. Krueger,2026-05-25T13:16:00,2026-05-25T19:05:46.777963,5.83,8,False,True
TS-11516,Benutzerverwaltung,Niedrig,M. Fischer,2026-01-15T13:13:00,2026-01-15T14:12:37.706999,0.99,6,False,True
TS-11517,Exchange-Umfeld,Niedrig,A. Bauer,2026-01-21T08:47:00,2026-01-21T21:18:42.126515,12.53,12,True,False
TS-11518,Interne Fernbetreuung,Niedrig,M. Fischer,2026-01-21T15:11:00,2026-01-21T19:53:47.134349,4.71,12,False,False
TS-11519,Benutzerverwaltung,Niedrig,S. Wagner,2026-06-25T12:45:00,2026-06-25T17:19:26.636810,4.57,6,False,False
TS-11520,Benutzerverwaltung,Niedrig,M. Fischer,2026-05-08T08:07:00,2026-05-08T11:55:04.116705,3.8,6,False,True
TS-11521,Benutzerverwaltung,Hoch,J. Schulz,2026-05-07T16:42:00,2026-05-07T20:29:53.629016,3.8,6,False,True
TS-11522,Drucker/Scanner,Mittel,M. Fischer,2026-03-13T08:14:00,2026-03-13T13:29:33.410844,5.26,8,False,True
TS-11523,Exchange-Umfeld,Mittel,J. Schulz,2026-01-22T18:46:00,2026-01-23T04:03:50.316905,9.3,12,False,False
TS-11524,Exchange-Umfeld,Hoch,L. Hoffmann,2026-01-15T07:05:00,2026-01-15T16:07:19.692226,9.04,12,False,False
TS-11525,Exchange-Umfeld,Niedrig,L. Hoffmann,2026-04-02T17:10:00,2026-04-03T01:33:05.081545,8.38,12,False,False
TS-11526,Benutzerverwaltung,Mittel,A. Bauer,2026-05-22T09:40:00,2026-05-22T10:20:33.308477,0.68,6,False,False
TS-11527,Exchange-Umfeld,Niedrig,A. Bauer,2026-01-08T11:31:00,2026-01-08T19:29:47.769815,7.98,12,False,False
TS-11528,Exchange-Umfeld,Niedrig,M. Fischer,2026-05-20T12:46:00,2026-05-20T16:04:57.402994,3.32,12,False,False
TS-11529,Benutzerverwaltung,Mittel,A. Bauer,2026-05-07T09:54:00,2026-05-07T14:15:36.947504,4.36,6,False,True
TS-11530,Exchange-Umfeld,Niedrig,S. Wagner,2026-02-06T07:37:00,2026-02-06T19:16:50.222153,11.66,12,False,False
TS-11531,Drucker/Scanner,Mittel,J. Schulz,2026-03-24T11:09:00,2026-03-24T15:07:56.506165,3.98,8,False,False
TS-11532,Benutzerverwaltung,Niedrig,L. Hoffmann,2026-05-06T10:49:00,2026-05-06T15:51:44.078318,5.05,6,False,False
TS-11533,Benutzerverwaltung,Niedrig,M. Fischer,2026-06-22T16:29:00,2026-06-22T20:17:00.411936,3.8,6,False,False
TS-11534,Interne Fernbetreuung,Hoch,J. Schulz,2026-01-06T10:21:00,2026-01-06T16:49:49.364086,6.48,12,False,False
TS-11535,Benutzerverwaltung,Mittel,L. Hoffmann,2026-02-10T09:48:00,2026-02-10T10:35:19.382828,0.79,6,False,True
TS-11536,Exchange-Umfeld,Hoch,S. Wagner,2026-03-31T13:48:00,2026-03-31T18:39:46.086313,4.86,12,False,False
TS-11537,Drucker/Scanner,Niedrig,K. Krueger,2026-04-07T16:32:00,2026-04-07T22:50:43.198609,6.31,8,False,False
TS-11538,Interne Fernbetreuung,Mittel,L. Hoffmann,2026-05-21T09:15:00,2026-05-21T15:28:37.331111,6.23,12,False,False
TS-11539,Exchange-Umfeld,Niedrig,J. Schulz,2026-04-29T11:25:00,2026-04-29T23:45:05.918759,12.33,12,True,False
TS-11540,Benutzerverwaltung,Mittel,L. Hoffmann,2026-01-12T11:16:00,2026-01-12T14:49:58.999005,3.57,6,False,False
TS-11541,Interne Fernbetreuung,Mittel,J. Schulz,2026-05-20T15:18:00,2026-05-20T20:36:30.472873,5.31,12,False,False
TS-11542,Benutzerverwaltung,Niedrig,M. Fischer,2026-05-01T18:57:00,2026-05-02T00:12:52.667657,5.26,6,False,False
TS-11543,Drucker/Scanner,Mittel,M. Fischer,2026-03-27T16:19:00,2026-03-27T22:04:20.368112,5.76,8,False,True
TS-11544,Benutzerverwaltung,Niedrig,J. Schulz,2026-01-29T18:00:00,2026-01-29T22:53:37.678440,4.89,6,False,False
TS-11545,Drucker/Scanner,Niedrig,A. Bauer,2026-01-12T16:08:00,2026-01-12T21:19:06.882792,5.19,8,False,False
TS-11546,Exchange-Umfeld,Mittel,K. Krueger,2026-03-19T11:39:00,2026-03-20T01:12:52.422165,13.56,12,True,False
TS-11547,Interne Fernbetreuung,Mittel,A. Bauer,2026-01-22T16:07:00,2026-01-22T21:42:46.336762,5.6,12,False,False
TS-11548,Drucker/Scanner,Niedrig,J. Schulz,2026-05-20T10:26:00,2026-05-20T14:31:54.639966,4.1,8,False,False
TS-11549,Interne Fernbetreuung,Mittel,L. Hoffmann,2026-02-23T15:40:00,2026-02-24T02:47:54.556819,11.13,12,False,False
TS-11550,Benutzerverwaltung,Niedrig,M. Fischer,2026-01-23T12:33:00,2026-01-23T14:43:01.127402,2.17,6,False,False
TS-11551,Interne Fernbetreuung,Mittel,J. Schulz,2026-06-23T08:47:00,2026-06-23T09:34:55.682169,0.8,12,False,False
TS-11552,Exchange-Umfeld,Niedrig,K. Krueger,2026-04-17T15:20:00,2026-04-17T18:24:11.641422,3.07,12,False,False
TS-11553,Benutzerverwaltung,Niedrig,J. Schulz,2026-05-01T16:48:00,2026-05-01T18:30:53.905131,1.71,6,False,True
TS-11554,Interne Fernbetreuung,Mittel,L. Hoffmann,2026-03-19T12:01:00,2026-03-19T20:54:21.663879,8.89,12,False,False
TS-11555,Benutzerverwaltung,Mittel,M. Fischer,2026-03-24T08:36:00,2026-03-24T13:46:04.417593,5.17,6,False,True
TS-11556,Exchange-Umfeld,Mittel,M. Fischer,2026-06-12T14:54:00,2026-06-12T15:09:00,0.25,12,False,False
TS-11557,Drucker/Scanner,Niedrig,M. Fischer,2026-02-27T12:25:00,2026-02-27T16:42:59.275053,4.3,8,False,False
TS-11558,Exchange-Umfeld,Niedrig,L. Hoffmann,2026-04-15T16:04:00,2026-04-16T00:16:00.578024,8.2,12,False,False
TS-11559,Drucker/Scanner,Niedrig,S. Wagner,2026-06-17T14:36:00,2026-06-17T18:51:30.467107,4.26,8,False,False
TS-11560,Exchange-Umfeld,Mittel,L. Hoffmann,2026-01-06T10:36:00,2026-01-06T16:31:58.797999,5.93,12,False,False
TS-11561,Benutzerverwaltung,Niedrig,K. Krueger,2026-05-13T10:27:00,2026-05-13T14:09:12.425346,3.7,6,False,False
TS-11562,Interne Fernbetreuung,Niedrig,M. Fischer,2026-04-08T17:51:00,2026-04-08T22:23:23.411732,4.54,12,False,False
TS-11563,Exchange-Umfeld,Mittel,M. Fischer,2026-04-30T09:02:00,2026-04-30T16:17:12.703907,7.25,12,False,False
TS-11564,Interne Fernbetreuung,Niedrig,J. Schulz,2026-02-24T13:04:00,2026-02-25T01:08:36.502730,12.08,12,True,False
TS-11565,Drucker/Scanner,Mittel,L. Hoffmann,2026-05-27T13:56:00,2026-05-27T15:02:58.589938,1.12,8,False,True
TS-11566,Interne Fernbetreuung,Niedrig,L. Hoffmann,2026-01-28T07:32:00,2026-01-28T13:18:46.586930,5.78,12,False,False
TS-11567,Exchange-Umfeld,Mittel,A. Bauer,2026-03-11T18:45:00,2026-03-12T06:20:02.045808,11.58,12,False,False
TS-11568,Drucker/Scanner,Niedrig,S. Wagner,2026-02-16T18:46:00,2026-02-16T21:42:53.575174,2.95,8,False,True
TS-11569,Drucker/Scanner,Niedrig,A. Bauer,2026-04-29T09:41:00,2026-04-29T16:17:06.012280,6.6,8,False,True
TS-11570,Interne Fernbetreuung,Mittel,K. Krueger,2026-01-29T11:21:00,2026-01-29T19:49:48.847680,8.48,12,False,False
TS-11571,Drucker/Scanner,Mittel,M. Fischer,2026-01-29T10:29:00,2026-01-29T14:50:42.020635,4.36,8,False,False
TS-11572,Interne Fernbetreuung,Niedrig,A. Bauer,2026-05-12T16:26:00,2026-05-13T00:42:13.259633,8.27,12,False,False
TS-11573,Exchange-Umfeld,Niedrig,L. Hoffmann,2026-05-06T13:33:00,2026-05-06T23:36:07.019248,10.05,12,False,False
TS-11574,Drucker/Scanner,Mittel,J. Schulz,2026-05-29T15:32:00,2026-05-29T16:34:04.785713,1.03,8,False,True
TS-11575,Benutzerverwaltung,Mittel,K. Krueger,2026-06-09T15:34:00,2026-06-09T17:45:25.749788,2.19,6,False,True
TS-11576,Exchange-Umfeld,Mittel,K. Krueger,2026-04-03T16:23:00,2026-04-03T23:48:18.969584,7.42,12,False,False
TS-11577,Benutzerverwaltung,Mittel,A. Bauer,2026-06-04T07:48:00,2026-06-04T10:10:35.236925,2.38,6,False,False
TS-11578,Drucker/Scanner,Mittel,A. Bauer,2026-04-22T13:18:00,2026-04-22T15:12:21.348055,1.91,8,False,False
TS-11579,Exchange-Umfeld,Mittel,S. Wagner,2026-04-23T15:25:00,2026-04-24T03:37:24.801984,12.21,12,True,False
TS-11580,Interne Fernbetreuung,Niedrig,L. Hoffmann,2026-01-06T13:07:00,2026-01-06T17:03:33.477840,3.94,12,False,False
TS-11581,Exchange-Umfeld,Mittel,S. Wagner,2026-03-26T08:32:00,2026-03-26T13:30:45.344247,4.98,12,False,False
TS-11582,Benutzerverwaltung,Niedrig,J. Schulz,2026-05-05T07:51:00,2026-05-05T11:13:12.722134,3.37,6,False,False
TS-11583,Drucker/Scanner,Niedrig,K. Krueger,2026-03-09T13:26:00,2026-03-09T14:54:54.239037,1.48,8,False,False
TS-11584,Drucker/Scanner,Mittel,J. Schulz,2026-01-05T10:10:00,2026-01-05T11:55:57.031858,1.77,8,False,True
TS-11585,Drucker/Scanner,Niedrig,J. Schulz,2026-01-16T18:39:00,2026-01-16T23:10:16.186463,4.52,8,False,True
TS-11586,Drucker/Scanner,Hoch,S. Wagner,2026-02-12T09:31:00,2026-02-12T13:27:36.191310,3.94,8,False,False
TS-11587,Drucker/Scanner,Niedrig,K. Krueger,2026-04-30T13:47:00,2026-04-30T21:59:25.782468,8.21,8,True,False
TS-11588,Drucker/Scanner,Mittel,M. Fischer,2026-06-03T08:50:00,2026-06-03T14:55:20.939984,6.09,8,False,False
TS-11589,Drucker/Scanner,Hoch,K. Krueger,2026-03-30T13:51:00,2026-03-30T15:07:42.436264,1.28,8,False,False
TS-11590,Drucker/Scanner,Hoch,A. Bauer,2026-04-15T11:42:00,2026-04-15T14:29:29.250372,2.79,8,False,False
TS-11591,Exchange-Umfeld,Mittel,J. Schulz,2026-01-07T16:22:00,2026-01-08T02:40:28.528654,10.31,12,False,False
TS-11592,Exchange-Umfeld,Niedrig,L. Hoffmann,2026-02-18T12:57:00,2026-02-18T23:38:31.754481,10.69,12,False,False
TS-11593,Drucker/Scanner,Niedrig,S. Wagner,2026-01-16T10:17:00,2026-01-16T12:57:37.948288,2.68,8,False,False
TS-11594,Benutzerverwaltung,Niedrig,S. Wagner,2026-01-20T16:48:00,2026-01-20T21:08:10.187656,4.34,6,False,False
TS-11595,Interne Fernbetreuung,Niedrig,S. Wagner,2026-06-29T08:37:00,2026-06-29T16:09:20.157133,7.54,12,False,False
TS-11596,Exchange-Umfeld,Mittel,L. Hoffmann,2026-06-12T18:49:00,2026-06-13T08:53:30.341964,14.08,12,True,False
TS-11597,Drucker/Scanner,Hoch,M. Fischer,2026-02-12T13:59:00,2026-02-12T18:06:47.633247,4.13,8,False,False
TS-11598,Drucker/Scanner,Mittel,K. Krueger,2026-04-24T12:59:00,2026-04-24T13:25:53.838950,0.45,8,False,True
TS-11599,Interne Fernbetreuung,Mittel,L. Hoffmann,2026-06-30T07:46:00,2026-06-30T12:24:44.593520,4.65,12,False,False
TS-11600,Benutzerverwaltung,Mittel,S. Wagner,2026-04-15T12:47:00,2026-04-15T15:40:17.095648,2.89,6,False,False
TS-11601,Drucker/Scanner,Hoch,S. Wagner,2026-04-09T10:12:00,2026-04-09T16:59:57.268754,6.8,8,False,False
TS-11602,Drucker/Scanner,Mittel,S. Wagner,2026-06-22T16:23:00,2026-06-22T19:38:28.322193,3.26,8,False,True
TS-11603,Interne Fernbetreuung,Niedrig,M. Fischer,2026-04-08T08:59:00,2026-04-08T16:38:03.762698,7.65,12,False,False
TS-11604,Benutzerverwaltung,Niedrig,K. Krueger,2026-05-08T13:44:00,2026-05-08T14:16:13.529935,0.54,6,False,False
TS-11605,Exchange-Umfeld,Mittel,L. Hoffmann,2026-04-16T08:36:00,2026-04-16T12:55:01.477023,4.32,12,False,False
TS-11606,Drucker/Scanner,Mittel,A. Bauer,2026-05-08T18:58:00,2026-05-08T21:59:19.776431,3.02,8,False,True
TS-11607,Drucker/Scanner,Hoch,S. Wagner,2026-03-16T18:02:00,2026-03-16T21:20:13.627838,3.3,8,False,False
TS-11608,Benutzerverwaltung,Mittel,J. Schulz,2026-03-25T08:34:00,2026-03-25T12:22:48.305557,3.81,6,False,True
TS-11609,Interne Fernbetreuung,Hoch,K. Krueger,2026-05-15T18:13:00,2026-05-15T18:30:04.937578,0.28,12,False,False
TS-11610,Benutzerverwaltung,Niedrig,L. Hoffmann,2026-01-07T15:41:00,2026-01-07T16:47:39.344866,1.11,6,False,False
TS-11611,Benutzerverwaltung,Niedrig,L. Hoffmann,2026-06-29T10:03:00,2026-06-29T14:32:00.710014,4.48,6,False,True
TS-11612,Benutzerverwaltung,Mittel,M. Fischer,2026-04-08T08:54:00,2026-04-08T10:50:43.188373,1.95,6,False,True
TS-11613,Exchange-Umfeld,Mittel,K. Krueger,2026-03-12T13:54:00,2026-03-13T00:40:08.300536,10.77,12,False,False
TS-11614,Benutzerverwaltung,Mittel,A. Bauer,2026-04-14T14:56:00,2026-04-14T16:32:13.436840,1.6,6,False,False
TS-11615,Benutzerverwaltung,Mittel,L. Hoffmann,2026-06-09T15:38:00,2026-06-09T18:06:05.376255,2.47,6,False,True
TS-11616,Drucker/Scanner,Mittel,L. Hoffmann,2026-06-17T14:15:00,2026-06-17T19:32:09.276446,5.29,8,False,True
TS-11617,Benutzerverwaltung,Mittel,S. Wagner,2026-02-25T15:29:00,2026-02-25T18:19:11.943226,2.84,6,False,False
TS-11618,Drucker/Scanner,Mittel,J. Schulz,2026-03-19T15:16:00,2026-03-19T19:02:19.603983,3.77,8,False,False
TS-11619,Benutzerverwaltung,Niedrig,J. Schulz,2026-05-25T16:32:00,2026-05-25T20:14:19.308007,3.71,6,False,False
TS-11620,Drucker/Scanner,Mittel,L. Hoffmann,2026-01-12T18:44:00,2026-01-12T22:02:00.448504,3.3,8,False,True
TS-11621,Drucker/Scanner,Niedrig,S. Wagner,2026-02-03T13:12:00,2026-02-03T21:37:36.654197,8.43,8,True,True
TS-11622,Exchange-Umfeld,Mittel,J. Schulz,2026-05-05T09:59:00,2026-05-05T18:26:19.737052,8.46,12,False,False
TS-11623,Interne Fernbetreuung,Mittel,J. Schulz,2026-02-03T07:52:00,2026-02-03T15:32:21.463764,7.67,12,False,False
TS-11624,Benutzerverwaltung,Mittel,S. Wagner,2026-02-19T12:55:00,2026-02-19T15:02:37.931256,2.13,6,False,True
TS-11625,Interne Fernbetreuung,Niedrig,S. Wagner,2026-05-06T12:50:00,2026-05-06T21:14:43.640492,8.41,12,False,False
TS-11626,Drucker/Scanner,Niedrig,A. Bauer,2026-01-02T18:57:00,2026-01-02T23:47:55.786360,4.85,8,False,False
TS-11627,Benutzerverwaltung,Niedrig,K. Krueger,2026-02-12T16:50:00,2026-02-12T17:05:00,0.25,6,False,True
TS-11628,Drucker/Scanner,Mittel,K. Krueger,2026-02-05T18:22:00,2026-02-05T22:38:10.686005,4.27,8,False,False
TS-11629,Benutzerverwaltung,Mittel,J. Schulz,2026-01-15T11:51:00,2026-01-15T15:36:59.390936,3.77,6,False,False
TS-11630,Benutzerverwaltung,Mittel,S. Wagner,2026-06-26T14:30:00,2026-06-26T16:16:33.794992,1.78,6,False,True
TS-11631,Interne Fernbetreuung,Hoch,A. Bauer,2026-01-30T15:56:00,2026-01-30T21:08:35.406401,5.21,12,False,False
TS-11632,Drucker/Scanner,Mittel,S. Wagner,2026-05-27T18:04:00,2026-05-27T19:50:17.524563,1.77,8,False,False
TS-11633,Benutzerverwaltung,Niedrig,M. Fischer,2026-03-25T07:26:00,2026-03-25T10:48:39.213139,3.38,6,False,False
TS-11634,Benutzerverwaltung,Niedrig,L. Hoffmann,2026-03-16T15:37:00,2026-03-16T18:34:19.396464,2.96,6,False,False
TS-11635,Exchange-Umfeld,Mittel,L. Hoffmann,2026-05-06T13:11:00,2026-05-07T02:46:21.705717,13.59,12,True,False
TS-11636,Drucker/Scanner,Mittel,M. Fischer,2026-05-19T13:30:00,2026-05-19T18:44:05.104921,5.23,8,False,True
TS-11637,Benutzerverwaltung,Mittel,M. Fischer,2026-06-15T10:29:00,2026-06-15T13:52:02.265471,3.38,6,False,False
TS-11638,Drucker/Scanner,Hoch,A. Bauer,2026-03-19T13:24:00,2026-03-19T19:13:48.748252,5.83,8,False,True
TS-11639,Benutzerverwaltung,Hoch,S. Wagner,2026-02-25T18:48:00,2026-02-25T21:41:06.836398,2.89,6,False,True
TS-11640,Benutzerverwaltung,Mittel,K. Krueger,2026-01-01T15:41:00,2026-01-01T18:06:02.751415,2.42,6,False,True
TS-11641,Exchange-Umfeld,Mittel,K. Krueger,2026-04-23T13:52:00,2026-04-23T22:18:44.125520,8.45,12,False,False
TS-11642,Drucker/Scanner,Niedrig,L. Hoffmann,2026-06-04T13:21:00,2026-06-04T18:14:31.297733,4.89,8,False,False
TS-11643,Benutzerverwaltung,Niedrig,S. Wagner,2026-05-12T18:11:00,2026-05-12T23:49:13.104623,5.64,6,False,True
TS-11644,Drucker/Scanner,Niedrig,L. Hoffmann,2026-03-24T18:36:00,2026-03-24T22:58:10.031452,4.37,8,False,False
TS-11645,Drucker/Scanner,Mittel,K. Krueger,2026-06-18T11:28:00,2026-06-18T15:01:01.876103,3.55,8,False,True
TS-11646,Benutzerverwaltung,Mittel,J. Schulz,2026-01-27T08:35:00,2026-01-27T12:20:05.740843,3.75,6,False,True
TS-11647,Drucker/Scanner,Niedrig,L. Hoffmann,2026-02-20T17:21:00,2026-02-20T22:30:09.204449,5.15,8,False,False
TS-11648,Exchange-Umfeld,Niedrig,A. Bauer,2026-02-19T15:05:00,2026-02-19T23:18:55.702193,8.23,12,False,False
TS-11649,Benutzerverwaltung,Mittel,K. Krueger,2026-03-24T09:09:00,2026-03-24T09:24:00,0.25,6,False,False
TS-11650,Drucker/Scanner,Niedrig,L. Hoffmann,2026-04-16T07:11:00,2026-04-16T14:24:00.590275,7.22,8,False,True
TS-11651,Drucker/Scanner,Niedrig,K. Krueger,2026-01-09T09:14:00,2026-01-09T18:13:16.253540,8.99,8,True,True
TS-11652,Benutzerverwaltung,Niedrig,M. Fischer,2026-01-05T17:32:00,2026-01-05T19:01:41.221647,1.49,6,False,True
TS-11653,Drucker/Scanner,Niedrig,S. Wagner,2026-06-12T14:59:00,2026-06-12T16:32:04.717108,1.55,8,False,False
TS-11654,Benutzerverwaltung,Niedrig,L. Hoffmann,2026-06-11T09:54:00,2026-06-11T13:46:41.069915,3.88,6,False,True
TS-11655,Benutzerverwaltung,Mittel,L. Hoffmann,2026-01-05T14:52:00,2026-01-05T20:44:26.465741,5.87,6,False,True
TS-11656,Exchange-Umfeld,Mittel,K. Krueger,2026-03-16T16:05:00,2026-03-17T03:28:15.107264,11.39,12,False,False
TS-11657,Drucker/Scanner,Niedrig,A. Bauer,2026-01-05T08:54:00,2026-01-05T11:41:39.099441,2.79,8,False,True
TS-11658,Drucker/Scanner,Hoch,S. Wagner,2026-02-27T15:46:00,2026-02-27T21:07:47.555134,5.36,8,False,False
TS-11659,Drucker/Scanner,Niedrig,J. Schulz,2026-03-05T18:32:00,2026-03-06T00:16:16.292723,5.74,8,False,False
TS-11660,Benutzerverwaltung,Niedrig,K. Krueger,2026-03-03T16:53:00,2026-03-03T20:16:10.693717,3.39,6,False,True
TS-11661,Exchange-Umfeld,Niedrig,S. Wagner,2026-03-31T15:25:00,2026-04-01T00:56:45.873964,9.53,12,False,False
TS-11662,Drucker/Scanner,Mittel,M. Fischer,2026-05-15T16:02:00,2026-05-15T19:26:09.093946,3.4,8,False,False
TS-11663,Drucker/Scanner,Hoch,S. Wagner,2026-06-05T10:14:00,2026-06-05T13:36:29.096573,3.37,8,False,True
TS-11664,Benutzerverwaltung,Hoch,S. Wagner,2026-01-08T12:43:00,2026-01-08T16:37:09.343597,3.9,6,False,False
TS-11665,Drucker/Scanner,Mittel,K. Krueger,2026-03-05T15:15:00,2026-03-05T21:19:53.815777,6.08,8,False,False
TS-11666,Benutzerverwaltung,Niedrig,L. Hoffmann,2026-04-30T11:47:00,2026-04-30T13:15:06.636873,1.47,6,False,False
TS-11667,Drucker/Scanner,Niedrig,J. Schulz,2026-04-28T12:26:00,2026-04-28T14:22:56.768405,1.95,8,False,False
TS-11668,Drucker/Scanner,Niedrig,L. Hoffmann,2026-03-27T17:55:00,2026-03-27T18:10:00,0.25,8,False,False
TS-11669,Exchange-Umfeld,Niedrig,L. Hoffmann,2026-06-29T15:34:00,2026-06-29T23:25:30.045051,7.86,12,False,False
TS-11670,Drucker/Scanner,Niedrig,S. Wagner,2026-03-02T14:40:00,2026-03-02T21:12:16.049675,6.54,8,False,True
TS-11671,Exchange-Umfeld,Niedrig,A. Bauer,2026-05-18T07:00:00,2026-05-18T22:01:56.301100,15.03,12,True,False
TS-11672,Benutzerverwaltung,Niedrig,L. Hoffmann,2026-05-20T07:50:00,2026-05-20T13:33:35.681325,5.73,6,False,False
TS-11673,Drucker/Scanner,Mittel,L. Hoffmann,2026-06-25T08:55:00,2026-06-25T12:34:46.063660,3.66,8,False,False
TS-11674,Drucker/Scanner,Mittel,J. Schulz,2026-04-06T18:10:00,2026-04-06T21:53:19.960008,3.72,8,False,False
TS-11675,Benutzerverwaltung,Niedrig,A. Bauer,2026-05-26T14:38:00,2026-05-26T16:49:12.009526,2.19,6,False,True
TS-11676,Drucker/Scanner,Niedrig,L. Hoffmann,2026-05-15T10:15:00,2026-05-15T13:25:17.040437,3.17,8,False,False
TS-11677,Exchange-Umfeld,Hoch,K. Krueger,2026-02-13T12:26:00,2026-02-13T19:54:33.886428,7.48,12,False,False
TS-11678,Drucker/Scanner,Niedrig,J. Schulz,2026-04-30T15:38:00,2026-04-30T18:45:38.187157,3.13,8,False,False
TS-11679,Drucker/Scanner,Niedrig,A. Bauer,2026-02-04T11:43:00,2026-02-04T17:23:02.812127,5.67,8,False,False
TS-11680,Drucker/Scanner,Niedrig,K. Krueger,2026-01-28T17:44:00,2026-01-28T23:55:54.406035,6.2,8,False,True
TS-11681,Benutzerverwaltung,Niedrig,A. Bauer,2026-03-18T11:46:00,2026-03-18T13:09:13.528116,1.39,6,False,True
TS-11682,Benutzerverwaltung,Niedrig,S. Wagner,2026-01-23T09:55:00,2026-01-23T14:21:07.224760,4.44,6,False,True
TS-11683,Benutzerverwaltung,Niedrig,S. Wagner,2026-03-24T11:59:00,2026-03-24T14:53:02.653266,2.9,6,False,False
TS-11684,Interne Fernbetreuung,Niedrig,J. Schulz,2026-06-30T12:47:00,2026-06-30T23:44:46.491306,10.96,12,False,False
TS-11685,Drucker/Scanner,Mittel,A. Bauer,2026-02-12T18:16:00,2026-02-12T22:13:09.952783,3.95,8,False,False
TS-11686,Interne Fernbetreuung,Niedrig,M. Fischer,2026-01-19T09:42:00,2026-01-19T10:23:53.466886,0.7,12,False,False
TS-11687,Interne Fernbetreuung,Niedrig,K. Krueger,2026-03-09T09:43:00,2026-03-09T20:00:20.238085,10.29,12,False,False
TS-11688,Exchange-Umfeld,Mittel,J. Schulz,2026-05-08T18:46:00,2026-05-09T05:50:51.623098,11.08,12,False,False
TS-11689,Exchange-Umfeld,Niedrig,S. Wagner,2026-02-20T07:52:00,2026-02-20T13:24:27.700481,5.54,12,False,False
TS-11690,Drucker/Scanner,Mittel,M. Fischer,2026-04-22T07:05:00,2026-04-22T13:26:24.979231,6.36,8,False,True
TS-11691,Drucker/Scanner,Niedrig,S. Wagner,2026-05-07T08:12:00,2026-05-07T11:25:02.180078,3.22,8,False,True
TS-11692,Drucker/Scanner,Niedrig,S. Wagner,2026-05-12T08:55:00,2026-05-12T12:02:21.116800,3.12,8,False,False
TS-11693,Benutzerverwaltung,Niedrig,A. Bauer,2026-03-11T17:23:00,2026-03-11T19:03:20.911003,1.67,6,False,True
TS-11694,Drucker/Scanner,Mittel,S. Wagner,2026-01-19T11:12:00,2026-01-19T15:43:16.242760,4.52,8,False,False
TS-11695,Interne Fernbetreuung,Mittel,M. Fischer,2026-05-13T09:17:00,2026-05-13T15:53:13.207754,6.6,12,False,False
TS-11696,Benutzerverwaltung,Niedrig,K. Krueger,2026-04-14T08:35:00,2026-04-14T11:50:41.268177,3.26,6,False,False
TS-11697,Drucker/Scanner,Niedrig,J. Schulz,2026-04-02T09:09:00,2026-04-02T17:05:35.677537,7.94,8,False,False
TS-11698,Benutzerverwaltung,Niedrig,S. Wagner,2026-02-10T14:24:00,2026-02-10T19:33:44.089052,5.16,6,False,False
TS-11699,Benutzerverwaltung,Niedrig,A. Bauer,2026-01-13T07:28:00,2026-01-13T12:41:03.665731,5.22,6,False,True
TS-11700,Benutzerverwaltung,Mittel,M. Fischer,2026-05-07T10:15:00,2026-05-07T10:32:10.901845,0.29,6,False,False
TS-11701,Interne Fernbetreuung,Niedrig,L. Hoffmann,2026-01-13T13:59:00,2026-01-13T15:05:10.113984,1.1,12,False,False
TS-11702,Interne Fernbetreuung,Mittel,K. Krueger,2026-04-27T18:57:00,2026-04-27T20:55:49.130648,1.98,12,False,False
TS-11703,Benutzerverwaltung,Niedrig,J. Schulz,2026-03-23T10:38:00,2026-03-23T14:53:42.803652,4.26,6,False,True
TS-11704,Drucker/Scanner,Hoch,J. Schulz,2026-02-12T15:35:00,2026-02-12T18:36:11.426985,3.02,8,False,False
TS-11705,Drucker/Scanner,Mittel,S. Wagner,2026-03-18T18:53:00,2026-03-19T00:57:35.141732,6.08,8,False,False
TS-11706,Drucker/Scanner,Niedrig,J. Schulz,2026-05-21T09:38:00,2026-05-21T12:08:54.653291,2.52,8,False,False
TS-11707,Drucker/Scanner,Hoch,J. Schulz,2026-05-19T16:49:00,2026-05-19T19:45:41.415628,2.94,8,False,False
TS-11708,Benutzerverwaltung,Mittel,A. Bauer,2026-01-28T13:39:00,2026-01-28T17:58:01.579939,4.32,6,False,True
TS-11709,Drucker/Scanner,Mittel,L. Hoffmann,2026-03-05T17:43:00,2026-03-05T23:48:46.949910,6.1,8,False,False
TS-11710,Benutzerverwaltung,Mittel,S. Wagner,2026-02-17T10:37:00,2026-02-17T13:56:41.764690,3.33,6,False,True
TS-11711,Exchange-Umfeld,Niedrig,S. Wagner,2026-04-15T16:06:00,2026-04-15T16:21:00,0.25,12,False,False
TS-11712,Drucker/Scanner,Niedrig,S. Wagner,2026-05-20T13:45:00,2026-05-20T18:22:37.923819,4.63,8,False,False
TS-11713,Exchange-Umfeld,Mittel,M. Fischer,2026-04-21T11:26:00,2026-04-21T20:27:42.928608,9.03,12,False,False
TS-11714,Exchange-Umfeld,Hoch,S. Wagner,2026-04-15T16:43:00,2026-04-16T07:23:25.741019,14.67,12,True,False
TS-11715,Interne Fernbetreuung,Mittel,J. Schulz,2026-03-18T09:13:00,2026-03-18T16:45:29.110273,7.54,12,False,False
TS-11716,Drucker/Scanner,Mittel,L. Hoffmann,2026-06-12T11:47:00,2026-06-12T17:02:39.263053,5.26,8,False,False
TS-11717,Exchange-Umfeld,Mittel,A. Bauer,2026-01-05T14:32:00,2026-01-05T21:18:02.603719,6.77,12,False,False
TS-11718,Benutzerverwaltung,Niedrig,K. Krueger,2026-06-22T15:32:00,2026-06-22T19:30:05.381041,3.97,6,False,False
TS-11719,Drucker/Scanner,Mittel,A. Bauer,2026-03-27T12:41:00,2026-03-27T18:16:09.503093,5.59,8,False,False
TS-11720,Drucker/Scanner,Niedrig,S. Wagner,2026-03-31T11:10:00,2026-03-31T16:33:31.617916,5.39,8,False,False
TS-11721,Interne Fernbetreuung,Niedrig,S. Wagner,2026-04-16T14:09:00,2026-04-16T23:53:14.008846,9.74,12,False,False
TS-11722,Exchange-Umfeld,Hoch,M. Fischer,2026-03-27T08:13:00,2026-03-27T11:33:45.060982,3.35,12,False,False
TS-11723,Drucker/Scanner,Mittel,K. Krueger,2026-01-15T10:33:00,2026-01-15T11:58:18.457810,1.42,8,False,True
TS-11724,Drucker/Scanner,Niedrig,S. Wagner,2026-05-05T16:57:00,2026-05-05T21:42:52.369083,4.76,8,False,False
TS-11725,Drucker/Scanner,Mittel,A. Bauer,2026-03-30T07:21:00,2026-03-30T12:50:26.838867,5.49,8,False,True
TS-11726,Drucker/Scanner,Niedrig,J. Schulz,2026-02-16T15:44:00,2026-02-16T19:31:56.833505,3.8,8,False,True
TS-11727,Exchange-Umfeld,Niedrig,S. Wagner,2026-03-19T12:59:00,2026-03-20T02:19:29.803880,13.34,12,True,False
TS-11728,Benutzerverwaltung,Mittel,J. Schulz,2026-01-14T09:10:00,2026-01-14T11:45:05.342912,2.58,6,False,True
TS-11729,Benutzerverwaltung,Mittel,M. Fischer,2026-02-23T09:29:00,2026-02-23T12:17:55.416265,2.82,6,False,True
TS-11730,Benutzerverwaltung,Niedrig,M. Fischer,2026-01-13T07:14:00,2026-01-13T08:02:25.050580,0.81,6,False,True
TS-11731,Interne Fernbetreuung,Niedrig,S. Wagner,2026-05-26T11:56:00,2026-05-26T20:40:54.163553,8.75,12,False,False
TS-11732,Drucker/Scanner,Mittel,L. Hoffmann,2026-06-11T13:01:00,2026-06-11T15:10:45.210435,2.16,8,False,False
TS-11733,Drucker/Scanner,Niedrig,L. Hoffmann,2026-03-26T18:38:00,2026-03-27T00:07:35.519934,5.49,8,False,False
TS-11734,Drucker/Scanner,Mittel,K. Krueger,2026-04-27T18:07:00,2026-04-27T21:02:32.957875,2.93,8,False,False
TS-11735,Benutzerverwaltung,Niedrig,A. Bauer,2026-02-11T18:49:00,2026-02-11T20:22:15.850385,1.55,6,False,False
TS-11736,Exchange-Umfeld,Niedrig,K. Krueger,2026-03-13T16:42:00,2026-03-14T06:12:02.418475,13.5,12,True,False
TS-11737,Benutzerverwaltung,Mittel,J. Schulz,2026-01-30T18:34:00,2026-01-30T21:21:57.698995,2.8,6,False,False
TS-11738,Exchange-Umfeld,Mittel,J. Schulz,2026-05-15T18:23:00,2026-05-16T03:48:25.705394,9.42,12,False,False
TS-11739,Exchange-Umfeld,Niedrig,J. Schulz,2026-02-02T12:30:00,2026-02-02T16:37:46.104107,4.13,12,False,False
TS-11740,Interne Fernbetreuung,Mittel,M. Fischer,2026-01-12T18:47:00,2026-01-13T00:12:13.981968,5.42,12,False,False
TS-11741,Benutzerverwaltung,Mittel,A. Bauer,2026-05-25T13:10:00,2026-05-25T15:54:17.232368,2.74,6,False,True
TS-11742,Drucker/Scanner,Niedrig,M. Fischer,2026-02-23T18:29:00,2026-02-23T23:43:50.558806,5.25,8,False,False
TS-11743,Drucker/Scanner,Mittel,K. Krueger,2026-05-22T07:23:00,2026-05-22T14:07:18.762858,6.74,8,False,False
TS-11744,Interne Fernbetreuung,Niedrig,M. Fischer,2026-05-13T10:44:00,2026-05-13T18:51:34.042556,8.13,12,False,False
TS-11745,Drucker/Scanner,Hoch,J. Schulz,2026-04-16T12:51:00,2026-04-16T18:03:43.555066,5.21,8,False,True
TS-11746,Drucker/Scanner,Mittel,A. Bauer,2026-01-16T18:41:00,2026-01-16T22:00:24.879788,3.32,8,False,False
TS-11747,Interne Fernbetreuung,Niedrig,J. Schulz,2026-04-06T14:43:00,2026-04-06T14:58:00,0.25,12,False,False
TS-11748,Drucker/Scanner,Hoch,K. Krueger,2026-02-13T10:28:00,2026-02-13T17:28:06.571508,7.0,8,False,False
TS-11749,Benutzerverwaltung,Niedrig,K. Krueger,2026-03-31T14:58:00,2026-03-31T18:27:02.372965,3.48,6,False,True
TS-11750,Interne Fernbetreuung,Hoch,K. Krueger,2026-05-26T15:24:00,2026-05-26T23:52:59.333849,8.48,12,False,False
TS-11751,Benutzerverwaltung,Mittel,M. Fischer,2026-04-15T14:25:00,2026-04-15T15:17:16.460167,0.87,6,False,False
TS-11752,Interne Fernbetreuung,Hoch,J. Schulz,2026-02-20T18:02:00,2026-02-21T00:19:24.066747,6.29,12,False,False
TS-11753,Benutzerverwaltung,Mittel,J. Schulz,2026-06-16T10:57:00,2026-06-16T14:11:35.948295,3.24,6,False,False
TS-11754,Drucker/Scanner,Mittel,M. Fischer,2026-06-30T10:07:00,2026-06-30T15:34:04.157268,5.45,8,False,True
TS-11755,Exchange-Umfeld,Niedrig,L. Hoffmann,2026-06-02T10:22:00,2026-06-02T20:30:47.472333,10.15,12,False,False
TS-11756,Benutzerverwaltung,Niedrig,A. Bauer,2026-04-01T14:23:00,2026-04-01T18:10:02.871969,3.78,6,False,False
TS-11757,Benutzerverwaltung,Hoch,A. Bauer,2026-04-14T08:44:00,2026-04-14T12:40:45.631241,3.95,6,False,False
TS-11758,Exchange-Umfeld,Niedrig,A. Bauer,2026-01-27T11:58:00,2026-01-27T18:57:24.451881,6.99,12,False,False
TS-11759,Interne Fernbetreuung,Niedrig,S. Wagner,2026-05-21T14:17:00,2026-05-21T22:37:04.181415,8.33,12,False,False
TS-11760,Exchange-Umfeld,Niedrig,K. Krueger,2026-05-26T13:02:00,2026-05-27T01:32:49.451101,12.51,12,True,False
TS-11761,Interne Fernbetreuung,Mittel,J. Schulz,2026-05-07T17:48:00,2026-05-07T18:03:00,0.25,12,False,False
TS-11762,Drucker/Scanner,Mittel,S. Wagner,2026-06-03T11:01:00,2026-06-03T16:36:18.473467,5.59,8,False,False
TS-11763,Drucker/Scanner,Niedrig,S. Wagner,2026-05-26T10:31:00,2026-05-26T17:12:43.208277,6.7,8,False,True
TS-11764,Interne Fernbetreuung,Niedrig,M. Fischer,2026-05-04T12:15:00,2026-05-04T21:40:49.318859,9.43,12,False,False
TS-11765,Benutzerverwaltung,Niedrig,S. Wagner,2026-06-18T16:12:00,2026-06-18T20:20:29.646292,4.14,6,False,True
TS-11766,Drucker/Scanner,Hoch,A. Bauer,2026-04-07T14:57:00,2026-04-07T22:18:48.796798,7.36,8,False,True
TS-11767,Exchange-Umfeld,Mittel,M. Fischer,2026-03-04T16:20:00,2026-03-05T10:08:09.521400,17.8,12,True,False
TS-11768,Interne Fernbetreuung,Hoch,S. Wagner,2026-03-16T14:32:00,2026-03-16T20:41:17.126945,6.15,12,False,False
TS-11769,Drucker/Scanner,Mittel,J. Schulz,2026-04-07T08:10:00,2026-04-07T10:41:38.744444,2.53,8,False,True
TS-11770,Exchange-Umfeld,Mittel,M. Fischer,2026-01-08T09:48:00,2026-01-08T20:40:27.856038,10.87,12,False,False
TS-11771,Benutzerverwaltung,Mittel,M. Fischer,2026-01-28T08:53:00,2026-01-28T10:51:47.150354,1.98,6,False,True
TS-11772,Drucker/Scanner,Niedrig,M. Fischer,2026-06-10T11:56:00,2026-06-10T14:08:02.175680,2.2,8,False,False
TS-11773,Benutzerverwaltung,Niedrig,L. Hoffmann,2026-02-11T13:40:00,2026-02-11T18:28:14.311838,4.8,6,False,False
TS-11774,Drucker/Scanner,Mittel,J. Schulz,2026-02-13T13:02:00,2026-02-13T14:42:34.212391,1.68,8,False,True
TS-11775,Benutzerverwaltung,Niedrig,L. Hoffmann,2026-01-07T11:11:00,2026-01-07T15:07:22.161245,3.94,6,False,True
TS-11776,Exchange-Umfeld,Mittel,S. Wagner,2026-03-31T11:36:00,2026-03-31T19:45:25.882493,8.16,12,False,False
TS-11777,Exchange-Umfeld,Niedrig,J. Schulz,2026-06-09T16:03:00,2026-06-10T01:04:40.918399,9.03,12,False,False
TS-11778,Drucker/Scanner,Niedrig,S. Wagner,2026-03-05T07:31:00,2026-03-05T14:45:19.022946,7.24,8,False,False
TS-11779,Exchange-Umfeld,Hoch,K. Krueger,2026-01-27T09:52:00,2026-01-27T15:28:38.457741,5.61,12,False,False
TS-11780,Benutzerverwaltung,Niedrig,A. Bauer,2026-01-14T13:57:00,2026-01-14T15:08:10.300765,1.19,6,False,False
TS-11781,Drucker/Scanner,Niedrig,M. Fischer,2026-02-06T16:18:00,2026-02-06T21:49:53.562072,5.53,8,False,False
TS-11782,Exchange-Umfeld,Niedrig,M. Fischer,2026-01-02T07:27:00,2026-01-02T20:19:40.654878,12.88,12,True,False
TS-11783,Drucker/Scanner,Mittel,S. Wagner,2026-01-06T11:40:00,2026-01-06T17:12:33.531235,5.54,8,False,False
TS-11784,Drucker/Scanner,Niedrig,S. Wagner,2026-03-25T16:32:00,2026-03-25T21:46:28.919235,5.24,8,False,False
TS-11785,Exchange-Umfeld,Niedrig,L. Hoffmann,2026-05-25T15:18:00,2026-05-25T22:37:03.805609,7.32,12,False,False
TS-11786,Drucker/Scanner,Niedrig,L. Hoffmann,2026-04-17T18:46:00,2026-04-17T22:25:01.591439,3.65,8,False,False
TS-11787,Drucker/Scanner,Niedrig,J. Schulz,2026-03-20T15:04:00,2026-03-20T18:30:19.103013,3.44,8,False,True
TS-11788,Interne Fernbetreuung,Niedrig,M. Fischer,2026-02-18T12:26:00,2026-02-18T14:03:58.809155,1.63,12,False,False
TS-11789,Benutzerverwaltung,Niedrig,A. Bauer,2026-01-27T07:34:00,2026-01-27T10:43:55.473340,3.17,6,False,False
TS-11790,Drucker/Scanner,Hoch,A. Bauer,2026-01-26T17:08:00,2026-01-26T22:27:14.012235,5.32,8,False,False
TS-11791,Benutzerverwaltung,Mittel,S. Wagner,2026-06-30T13:29:00,2026-06-30T16:14:29.434694,2.76,6,False,False
TS-11792,Drucker/Scanner,Hoch,L. Hoffmann,2026-05-26T16:13:00,2026-05-26T16:28:00,0.25,8,False,True
TS-11793,Exchange-Umfeld,Hoch,K. Krueger,2026-01-02T17:35:00,2026-01-03T06:08:42.030426,12.56,12,True,False
TS-11794,Interne Fernbetreuung,Niedrig,M. Fischer,2026-03-03T13:01:00,2026-03-03T20:09:41.598241,7.14,12,False,False
TS-11795,Drucker/Scanner,Mittel,L. Hoffmann,2026-01-15T14:21:00,2026-01-15T15:11:03.129112,0.83,8,False,False
TS-11796,Exchange-Umfeld,Niedrig,A. Bauer,2026-05-11T18:56:00,2026-05-12T02:23:20.543885,7.46,12,False,False
TS-11797,Exchange-Umfeld,Mittel,K. Krueger,2026-04-23T07:21:00,2026-04-23T19:07:57.555897,11.78,12,False,False
TS-11798,Drucker/Scanner,Mittel,S. Wagner,2026-02-02T09:38:00,2026-02-02T09:53:00,0.25,8,False,True
TS-11799,Benutzerverwaltung,Mittel,S. Wagner,2026-06-30T11:52:00,2026-06-30T12:31:14.796780,0.65,6,False,True
TS-11800,Exchange-Umfeld,Hoch,M. Fischer,2026-04-29T12:09:00,2026-04-30T03:42:02.909677,15.55,12,True,False
TS-11801,Benutzerverwaltung,Mittel,L. Hoffmann,2026-02-20T10:05:00,2026-02-20T13:04:23.001235,2.99,6,False,True
TS-11802,Benutzerverwaltung,Niedrig,M. Fischer,2026-03-11T08:11:00,2026-03-11T11:26:47.207385,3.26,6,False,True
TS-11803,Exchange-Umfeld,Hoch,S. Wagner,2026-06-24T18:36:00,2026-06-25T03:02:04.374903,8.43,12,False,False
TS-11804,Exchange-Umfeld,Mittel,L. Hoffmann,2026-01-14T10:34:00,2026-01-14T15:16:42.174503,4.71,12,False,False
TS-11805,Drucker/Scanner,Niedrig,A. Bauer,2026-06-26T17:40:00,2026-06-26T22:34:37.360876,4.91,8,False,False
TS-11806,Benutzerverwaltung,Hoch,M. Fischer,2026-01-14T18:30:00,2026-01-14T23:19:57.293824,4.83,6,False,True
TS-11807,Exchange-Umfeld,Niedrig,A. Bauer,2026-03-27T11:14:00,2026-03-27T21:46:41.746594,10.54,12,False,False
TS-11808,Benutzerverwaltung,Niedrig,S. Wagner,2026-03-27T13:26:00,2026-03-27T14:41:26.645491,1.26,6,False,False
TS-11809,Benutzerverwaltung,Niedrig,S. Wagner,2026-06-12T10:06:00,2026-06-12T16:23:34.584061,6.29,6,True,False
TS-11810,Drucker/Scanner,Niedrig,K. Krueger,2026-05-08T11:35:00,2026-05-08T16:13:18.700787,4.64,8,False,True
TS-11811,Exchange-Umfeld,Mittel,L. Hoffmann,2026-02-13T17:58:00,2026-02-13T21:36:04.290054,3.63,12,False,False
TS-11812,Interne Fernbetreuung,Mittel,L. Hoffmann,2026-01-01T09:06:00,2026-01-01T10:51:31.987324,1.76,12,False,False
TS-11813,Exchange-Umfeld,Mittel,A. Bauer,2026-03-17T15:29:00,2026-03-17T19:58:27.182159,4.49,12,False,False
TS-11814,Exchange-Umfeld,Hoch,L. Hoffmann,2026-05-26T10:51:00,2026-05-26T11:06:00,0.25,12,False,False
TS-11815,Benutzerverwaltung,Mittel,L. Hoffmann,2026-04-20T11:15:00,2026-04-20T14:44:10.856117,3.49,6,False,True
TS-11816,Interne Fernbetreuung,Niedrig,J. Schulz,2026-04-07T09:40:00,2026-04-07T14:28:56.314640,4.82,12,False,False
TS-11817,Drucker/Scanner,Niedrig,A. Bauer,2026-06-15T09:07:00,2026-06-15T14:23:54.086858,5.28,8,False,True
TS-11818,Benutzerverwaltung,Mittel,L. Hoffmann,2026-04-14T15:06:00,2026-04-14T17:52:49.855291,2.78,6,False,True
TS-11819,Exchange-Umfeld,Mittel,A. Bauer,2026-03-19T11:44:00,2026-03-19T18:59:45.247909,7.26,12,False,False
TS-11820,Benutzerverwaltung,Niedrig,M. Fischer,2026-01-29T12:36:00,2026-01-29T14:51:44.570767,2.26,6,False,True
TS-11821,Exchange-Umfeld,Niedrig,S. Wagner,2026-06-04T17:42:00,2026-06-05T06:14:34.521081,12.54,12,True,False
TS-11822,Drucker/Scanner,Niedrig,K. Krueger,2026-04-17T18:44:00,2026-04-17T22:13:04.654838,3.48,8,False,False
TS-11823,Exchange-Umfeld,Niedrig,A. Bauer,2026-05-06T10:42:00,2026-05-06T14:47:14.084610,4.09,12,False,False
TS-11824,Interne Fernbetreuung,Mittel,L. Hoffmann,2026-04-08T07:01:00,2026-04-08T12:19:12.619708,5.3,12,False,False
TS-11825,Exchange-Umfeld,Niedrig,K. Krueger,2026-04-29T11:59:00,2026-04-29T21:52:11.491242,9.89,12,False,False
TS-11826,Benutzerverwaltung,Niedrig,S. Wagner,2026-04-27T18:45:00,2026-04-27T21:24:52.247314,2.66,6,False,False
TS-11827,Benutzerverwaltung,Niedrig,M. Fischer,2026-03-04T15:05:00,2026-03-04T17:14:22.608277,2.16,6,False,True
TS-11828,Drucker/Scanner,Niedrig,A. Bauer,2026-03-19T10:58:00,2026-03-19T14:48:00.783576,3.83,8,False,False
TS-11829,Interne Fernbetreuung,Niedrig,L. Hoffmann,2026-01-16T08:01:00,2026-01-16T12:35:25.693376,4.57,12,False,False
TS-11830,Exchange-Umfeld,Niedrig,J. Schulz,2026-04-15T10:01:00,2026-04-15T22:37:02.161635,12.6,12,True,False
TS-11831,Interne Fernbetreuung,Mittel,K. Krueger,2026-03-26T15:48:00,2026-03-26T17:39:12.571652,1.85,12,False,False
TS-11832,Benutzerverwaltung,Mittel,L. Hoffmann,2026-05-04T07:42:00,2026-05-04T10:07:14.270301,2.42,6,False,False
TS-11833,Exchange-Umfeld,Niedrig,S. Wagner,2026-01-14T17:49:00,2026-01-14T23:32:44.509314,5.73,12,False,False
TS-11834,Exchange-Umfeld,Hoch,L. Hoffmann,2026-05-07T17:34:00,2026-05-07T20:32:13.833522,2.97,12,False,False
TS-11835,Drucker/Scanner,Mittel,L. Hoffmann,2026-06-30T07:04:00,2026-06-30T10:17:42.010097,3.23,8,False,False
TS-11836,Drucker/Scanner,Niedrig,S. Wagner,2026-05-15T11:54:00,2026-05-15T19:46:26.569729,7.87,8,False,True
TS-11837,Interne Fernbetreuung,Mittel,J. Schulz,2026-03-09T14:39:00,2026-03-09T21:34:49.604553,6.93,12,False,False
TS-11838,Exchange-Umfeld,Hoch,L. Hoffmann,2026-06-09T07:49:00,2026-06-09T20:55:21.558399,13.11,12,True,False
TS-11839,Benutzerverwaltung,Hoch,M. Fischer,2026-04-14T13:32:00,2026-04-14T14:34:57.610034,1.05,6,False,True
TS-11840,Benutzerverwaltung,Niedrig,A. Bauer,2026-04-02T16:11:00,2026-04-02T20:16:03.735400,4.08,6,False,True
TS-11841,Drucker/Scanner,Hoch,L. Hoffmann,2026-04-03T15:46:00,2026-04-03T17:36:42.208268,1.85,8,False,False
TS-11842,Benutzerverwaltung,Mittel,K. Krueger,2026-06-10T14:28:00,2026-06-10T15:21:08.357489,0.89,6,False,False
TS-11843,Exchange-Umfeld,Niedrig,K. Krueger,2026-03-20T12:26:00,2026-03-20T21:55:56.645727,9.5,12,False,False
TS-11844,Drucker/Scanner,Hoch,M. Fischer,2026-03-13T14:53:00,2026-03-13T19:38:07.863649,4.75,8,False,False
TS-11845,Drucker/Scanner,Niedrig,M. Fischer,2026-05-21T15:35:00,2026-05-21T18:27:34.204996,2.88,8,False,False
TS-11846,Interne Fernbetreuung,Mittel,M. Fischer,2026-05-21T14:50:00,2026-05-21T17:32:20.887748,2.71,12,False,False
TS-11847,Drucker/Scanner,Niedrig,A. Bauer,2026-06-08T17:49:00,2026-06-08T23:05:46.933660,5.28,8,False,True
TS-11848,Exchange-Umfeld,Niedrig,L. Hoffmann,2026-02-27T10:46:00,2026-02-27T22:58:17.148184,12.2,12,True,False
TS-11849,Exchange-Umfeld,Niedrig,J. Schulz,2026-05-12T09:34:00,2026-05-12T12:58:21.442275,3.41,12,False,False
TS-11850,Benutzerverwaltung,Niedrig,L. Hoffmann,2026-03-16T13:43:00,2026-03-16T15:04:32.556403,1.36,6,False,False
TS-11851,Exchange-Umfeld,Niedrig,J. Schulz,2026-04-29T12:21:00,2026-04-29T14:44:10.361839,2.39,12,False,False
TS-11852,Interne Fernbetreuung,Niedrig,K. Krueger,2026-02-02T09:18:00,2026-02-02T13:11:43.767784,3.9,12,False,False
TS-11853,Exchange-Umfeld,Hoch,L. Hoffmann,2026-03-26T18:49:00,2026-03-27T01:53:24.665514,7.07,12,False,False
TS-11854,Drucker/Scanner,Mittel,M. Fischer,2026-05-22T16:47:00,2026-05-22T21:01:19.456872,4.24,8,False,False
TS-11855,Benutzerverwaltung,Niedrig,L. Hoffmann,2026-01-08T13:10:00,2026-01-08T16:11:58.264300,3.03,6,False,False
TS-11856,Benutzerverwaltung,Niedrig,M. Fischer,2026-06-08T07:46:00,2026-06-08T10:56:08.718655,3.17,6,False,False
TS-11857,Exchange-Umfeld,Niedrig,K. Krueger,2026-05-05T18:07:00,2026-05-06T01:26:38.766630,7.33,12,False,False
TS-11858,Interne Fernbetreuung,Niedrig,A. Bauer,2026-01-05T15:07:00,2026-01-06T00:17:03.023585,9.17,12,False,False
TS-11859,Drucker/Scanner,Mittel,L. Hoffmann,2026-02-05T08:12:00,2026-02-05T15:12:22.045710,7.01,8,False,False
TS-11860,Interne Fernbetreuung,Niedrig,A. Bauer,2026-05-07T16:11:00,2026-05-07T17:06:24.704859,0.92,12,False,False
TS-11861,Interne Fernbetreuung,Niedrig,A. Bauer,2026-05-25T17:12:00,2026-05-25T18:36:28.039664,1.41,12,False,False
TS-11862,Benutzerverwaltung,Mittel,M. Fischer,2026-01-09T15:12:00,2026-01-09T20:25:04.137384,5.22,6,False,True
TS-11863,Interne Fernbetreuung,Hoch,A. Bauer,2026-05-11T07:43:00,2026-05-11T15:49:44.500772,8.11,12,False,False
TS-11864,Exchange-Umfeld,Niedrig,A. Bauer,2026-01-08T09:23:00,2026-01-08T16:58:27.533627,7.59,12,False,False
TS-11865,Benutzerverwaltung,Mittel,K. Krueger,2026-05-29T13:39:00,2026-05-29T15:31:09.993358,1.87,6,False,False
TS-11866,Benutzerverwaltung,Mittel,S. Wagner,2026-02-27T08:52:00,2026-02-27T10:10:06.837299,1.3,6,False,False
TS-11867,Benutzerverwaltung,Mittel,M. Fischer,2026-04-02T12:47:00,2026-04-02T14:37:10.170837,1.84,6,False,True
TS-11868,Interne Fernbetreuung,Mittel,K. Krueger,2026-04-07T16:51:00,2026-04-08T03:34:38.914232,10.73,12,False,False
TS-11869,Interne Fernbetreuung,Niedrig,A. Bauer,2026-04-03T14:18:00,2026-04-03T19:19:01.647883,5.02,12,False,False
TS-11870,Exchange-Umfeld,Mittel,A. Bauer,2026-06-10T12:47:00,2026-06-11T00:33:50.684838,11.78,12,False,False
TS-11871,Interne Fernbetreuung,Niedrig,A. Bauer,2026-03-31T09:45:00,2026-03-31T20:07:22.864777,10.37,12,False,False
TS-11872,Benutzerverwaltung,Mittel,M. Fischer,2026-06-12T09:45:00,2026-06-12T11:53:43.782966,2.15,6,False,True
TS-11873,Exchange-Umfeld,Niedrig,L. Hoffmann,2026-05-19T14:30:00,2026-05-19T21:36:17.408567,7.1,12,False,False
TS-11874,Interne Fernbetreuung,Niedrig,M. Fischer,2026-05-18T13:07:00,2026-05-19T00:49:44.499339,11.71,12,False,False
TS-11875,Exchange-Umfeld,Mittel,S. Wagner,2026-02-03T16:32:00,2026-02-04T04:11:21.669483,11.66,12,False,False
TS-11876,Exchange-Umfeld,Niedrig,K. Krueger,2026-06-19T09:42:00,2026-06-19T19:10:35.941264,9.48,12,False,False
TS-11877,Exchange-Umfeld,Hoch,A. Bauer,2026-02-24T11:53:00,2026-02-24T17:35:23.745680,5.71,12,False,False
TS-11878,Drucker/Scanner,Niedrig,A. Bauer,2026-05-20T14:29:00,2026-05-20T14:44:00,0.25,8,False,False
TS-11879,Benutzerverwaltung,Mittel,J. Schulz,2026-06-03T10:50:00,2026-06-03T12:21:51.472088,1.53,6,False,False
TS-11880,Exchange-Umfeld,Niedrig,K. Krueger,2026-05-27T17:35:00,2026-05-28T02:14:34.884903,8.66,12,False,False
TS-11881,Drucker/Scanner,Niedrig,L. Hoffmann,2026-01-15T08:15:00,2026-01-15T13:15:27.514462,5.01,8,False,False
TS-11882,Interne Fernbetreuung,Niedrig,J. Schulz,2026-05-19T14:31:00,2026-05-19T17:43:03.020999,3.2,12,False,False
TS-11883,Drucker/Scanner,Niedrig,J. Schulz,2026-06-12T14:42:00,2026-06-12T18:35:38.205729,3.89,8,False,True
TS-11884,Drucker/Scanner,Mittel,M. Fischer,2026-02-03T16:32:00,2026-02-03T20:10:27.271399,3.64,8,False,False
TS-11885,Drucker/Scanner,Niedrig,K. Krueger,2026-06-10T07:19:00,2026-06-10T16:50:08.329858,9.52,8,True,False
TS-11886,Drucker/Scanner,Niedrig,L. Hoffmann,2026-05-13T16:12:00,2026-05-13T21:43:43.423146,5.53,8,False,False
TS-11887,Drucker/Scanner,Niedrig,S. Wagner,2026-03-19T10:18:00,2026-03-19T11:25:10.705761,1.12,8,False,True
TS-11888,Exchange-Umfeld,Mittel,M. Fischer,2026-06-24T18:54:00,2026-06-25T02:02:26.588281,7.14,12,False,False
TS-11889,Exchange-Umfeld,Niedrig,S. Wagner,2026-04-07T09:11:00,2026-04-07T17:35:16.537368,8.4,12,False,False
TS-11890,Exchange-Umfeld,Niedrig,L. Hoffmann,2026-01-12T12:46:00,2026-01-12T20:21:27.653101,7.59,12,False,False
TS-11891,Interne Fernbetreuung,Mittel,K. Krueger,2026-02-13T18:59:00,2026-02-13T22:54:28.732769,3.92,12,False,False
TS-11892,Exchange-Umfeld,Niedrig,J. Schulz,2026-06-29T07:12:00,2026-06-29T21:31:47.311105,14.33,12,True,False
TS-11893,Drucker/Scanner,Mittel,M. Fischer,2026-01-23T08:44:00,2026-01-23T13:07:46.742980,4.4,8,False,True
TS-11894,Benutzerverwaltung,Niedrig,M. Fischer,2026-02-24T10:47:00,2026-02-24T12:50:13.890878,2.05,6,False,True
TS-11895,Exchange-Umfeld,Niedrig,A. Bauer,2026-02-11T07:35:00,2026-02-11T17:11:28.369087,9.61,12,False,False
TS-11896,Benutzerverwaltung,Mittel,J. Schulz,2026-04-15T13:52:00,2026-04-15T15:11:48.137632,1.33,6,False,True
TS-11897,Exchange-Umfeld,Mittel,L. Hoffmann,2026-06-22T15:35:00,2026-06-23T06:35:35.696729,15.01,12,True,False
TS-11898,Interne Fernbetreuung,Niedrig,J. Schulz,2026-06-12T08:15:00,2026-06-12T15:06:19.814761,6.86,12,False,False
TS-11899,Benutzerverwaltung,Mittel,S. Wagner,2026-03-13T07:36:00,2026-03-13T11:01:04.476587,3.42,6,False,False
TS-11900,Exchange-Umfeld,Niedrig,S. Wagner,2026-01-27T17:19:00,2026-01-28T04:55:36.589215,11.61,12,False,False
TS-11901,Benutzerverwaltung,Hoch,L. Hoffmann,2026-03-16T17:49:00,2026-03-16T20:44:44.540966,2.93,6,False,False
TS-11902,Drucker/Scanner,Niedrig,J. Schulz,2026-05-20T14:30:00,2026-05-20T16:07:19.696538,1.62,8,False,False
TS-11903,Drucker/Scanner,Hoch,L. Hoffmann,2026-03-03T14:20:00,2026-03-03T21:09:21.373156,6.82,8,False,True
TS-11904,Exchange-Umfeld,Niedrig,S. Wagner,2026-05-04T07:01:00,2026-05-04T18:36:11.375221,11.59,12,False,False
TS-11905,Drucker/Scanner,Mittel,L. Hoffmann,2026-02-09T14:30:00,2026-02-09T16:15:13.022439,1.75,8,False,False
TS-11906,Drucker/Scanner,Hoch,A. Bauer,2026-01-14T07:53:00,2026-01-14T11:33:38.615579,3.68,8,False,False
TS-11907,Interne Fernbetreuung,Niedrig,S. Wagner,2026-04-17T12:25:00,2026-04-17T19:58:36.400069,7.56,12,False,False
TS-11908,Drucker/Scanner,Hoch,M. Fischer,2026-03-13T13:48:00,2026-03-13T18:21:53.839756,4.56,8,False,True
TS-11909,Interne Fernbetreuung,Niedrig,A. Bauer,2026-03-25T13:58:00,2026-03-25T21:18:54.788637,7.35,12,False,False
TS-11910,Benutzerverwaltung,Hoch,K. Krueger,2026-02-18T09:29:00,2026-02-18T10:39:53.492004,1.18,6,False,True
TS-11911,Interne Fernbetreuung,Hoch,M. Fischer,2026-03-23T18:20:00,2026-03-24T01:02:09.811935,6.7,12,False,False
TS-11912,Exchange-Umfeld,Mittel,J. Schulz,2026-02-16T18:30:00,2026-02-17T02:57:53.759927,8.46,12,False,False
TS-11913,Drucker/Scanner,Hoch,L. Hoffmann,2026-01-23T11:06:00,2026-01-23T13:20:17.130640,2.24,8,False,True
TS-11914,Drucker/Scanner,Niedrig,M. Fischer,2026-06-05T18:37:00,2026-06-05T23:47:40.907738,5.18,8,False,False
TS-11915,Exchange-Umfeld,Niedrig,L. Hoffmann,2026-03-03T16:11:00,2026-03-04T01:18:26.034241,9.12,12,False,False
TS-11916,Interne Fernbetreuung,Niedrig,S. Wagner,2026-02-04T17:44:00,2026-02-05T01:31:31.516869,7.79,12,False,False
TS-11917,Exchange-Umfeld,Niedrig,L. Hoffmann,2026-06-05T17:31:00,2026-06-06T00:40:43.269891,7.16,12,False,False
TS-11918,Benutzerverwaltung,Niedrig,J. Schulz,2026-01-27T10:29:00,2026-01-27T15:20:35.419782,4.86,6,False,True
TS-11919,Drucker/Scanner,Niedrig,J. Schulz,2026-06-08T16:32:00,2026-06-08T22:44:39.495943,6.21,8,False,True
TS-11920,Exchange-Umfeld,Hoch,K. Krueger,2026-06-05T17:38:00,2026-06-05T21:56:17.106754,4.3,12,False,False
TS-11921,Drucker/Scanner,Niedrig,S. Wagner,2026-03-11T09:54:00,2026-03-11T17:25:22.877998,7.52,8,False,True
TS-11922,Benutzerverwaltung,Niedrig,M. Fischer,2026-01-07T07:59:00,2026-01-07T09:44:56.259462,1.77,6,False,False
TS-11923,Drucker/Scanner,Niedrig,A. Bauer,2026-05-11T15:17:00,2026-05-11T21:45:03.723267,6.47,8,False,True
TS-11924,Benutzerverwaltung,Niedrig,S. Wagner,2026-02-12T12:36:00,2026-02-12T16:23:05.890308,3.78,6,False,False
TS-11925,Exchange-Umfeld,Mittel,L. Hoffmann,2026-01-27T11:02:00,2026-01-27T22:22:55.645663,11.35,12,False,False
TS-11926,Interne Fernbetreuung,Mittel,J. Schulz,2026-01-08T12:36:00,2026-01-08T13:17:25.938239,0.69,12,False,False
TS-11927,Benutzerverwaltung,Niedrig,K. Krueger,2026-06-01T16:44:00,2026-06-01T18:16:04.605503,1.53,6,False,False
TS-11928,Interne Fernbetreuung,Hoch,K. Krueger,2026-03-17T11:49:00,2026-03-17T18:58:18.186011,7.16,12,False,False
TS-11929,Benutzerverwaltung,Niedrig,J. Schulz,2026-06-25T12:32:00,2026-06-25T13:27:56.270855,0.93,6,False,True
TS-11930,Exchange-Umfeld,Mittel,M. Fischer,2026-06-04T07:04:00,2026-06-04T23:02:40.205549,15.98,12,True,False
TS-11931,Interne Fernbetreuung,Niedrig,L. Hoffmann,2026-04-14T14:14:00,2026-04-15T00:51:02.493957,10.62,12,False,False
TS-11932,Benutzerverwaltung,Mittel,K. Krueger,2026-05-15T16:23:00,2026-05-15T20:18:39.032922,3.93,6,False,True
TS-11933,Drucker/Scanner,Niedrig,J. Schulz,2026-06-16T16:41:00,2026-06-16T17:34:11.329395,0.89,8,False,True
TS-11934,Drucker/Scanner,Hoch,A. Bauer,2026-04-09T14:09:00,2026-04-09T16:26:53.555643,2.3,8,False,False
TS-11935,Exchange-Umfeld,Niedrig,M. Fischer,2026-02-02T18:51:00,2026-02-03T01:51:05.663388,7.0,12,False,False
TS-11936,Interne Fernbetreuung,Mittel,L. Hoffmann,2026-05-29T08:03:00,2026-05-29T10:26:27.603012,2.39,12,False,False
TS-11937,Benutzerverwaltung,Niedrig,J. Schulz,2026-02-12T18:53:00,2026-02-12T21:01:29.192503,2.14,6,False,False
TS-11938,Exchange-Umfeld,Mittel,K. Krueger,2026-04-29T15:23:00,2026-04-29T21:14:25.226863,5.86,12,False,False
TS-11939,Exchange-Umfeld,Niedrig,L. Hoffmann,2026-04-22T14:51:00,2026-04-22T21:55:45.308345,7.08,12,False,False
TS-11940,Exchange-Umfeld,Niedrig,S. Wagner,2026-04-14T16:08:00,2026-04-15T05:22:14.869987,13.24,12,True,False
TS-11941,Drucker/Scanner,Mittel,S. Wagner,2026-03-17T10:03:00,2026-03-17T11:51:43.216032,1.81,8,False,True
TS-11942,Interne Fernbetreuung,Mittel,A. Bauer,2026-02-19T10:09:00,2026-02-19T18:27:29.711575,8.31,12,False,False
TS-11943,Drucker/Scanner,Niedrig,K. Krueger,2026-02-17T18:28:00,2026-02-17T22:07:06.709802,3.65,8,False,True
TS-11944,Exchange-Umfeld,Niedrig,S. Wagner,2026-04-30T07:50:00,2026-04-30T20:40:13.825196,12.84,12,True,False
TS-11945,Exchange-Umfeld,Niedrig,K. Krueger,2026-01-26T11:59:00,2026-01-26T21:13:45.082700,9.25,12,False,False
TS-11946,Benutzerverwaltung,Mittel,S. Wagner,2026-02-06T12:14:00,2026-02-06T18:22:02.255671,6.13,6,True,False
TS-11947,Drucker/Scanner,Niedrig,K. Krueger,2026-02-20T11:26:00,2026-02-20T20:45:45.335300,9.33,8,True,True
TS-11948,Drucker/Scanner,Niedrig,A. Bauer,2026-06-10T14:07:00,2026-06-10T14:22:00,0.25,8,False,True
TS-11949,Drucker/Scanner,Niedrig,A. Bauer,2026-03-13T16:48:00,2026-03-13T19:19:13.205140,2.52,8,False,True
TS-11950,Interne Fernbetreuung,Mittel,J. Schulz,2026-01-27T09:46:00,2026-01-27T16:41:30.525557,6.93,12,False,False
TS-11951,Drucker/Scanner,Niedrig,J. Schulz,2026-01-28T13:57:00,2026-01-28T18:17:28.729019,4.34,8,False,True
TS-11952,Drucker/Scanner,Niedrig,S. Wagner,2026-04-24T17:02:00,2026-04-24T18:12:36.521343,1.18,8,False,False
TS-11953,Benutzerverwaltung,Niedrig,L. Hoffmann,2026-06-09T14:30:00,2026-06-09T15:18:58.196786,0.82,6,False,False
TS-11954,Interne Fernbetreuung,Niedrig,J. Schulz,2026-01-22T11:17:00,2026-01-22T22:22:43.813943,11.1,12,False,False
TS-11955,Exchange-Umfeld,Hoch,M. Fischer,2026-02-10T09:40:00,2026-02-10T20:24:12.344480,10.74,12,False,False
TS-11956,Interne Fernbetreuung,Niedrig,M. Fischer,2026-01-12T13:43:00,2026-01-12T22:01:55.249950,8.32,12,False,False
TS-11957,Drucker/Scanner,Niedrig,M. Fischer,2026-05-15T15:05:00,2026-05-15T18:51:38.801389,3.78,8,False,False
TS-11958,Interne Fernbetreuung,Niedrig,J. Schulz,2026-02-06T09:09:00,2026-02-06T18:43:48.356654,9.58,12,False,False
TS-11959,Benutzerverwaltung,Hoch,M. Fischer,2026-03-18T10:03:00,2026-03-18T14:58:14.075826,4.92,6,False,True
TS-11960,Drucker/Scanner,Mittel,K. Krueger,2026-01-27T15:38:00,2026-01-27T22:09:00.868008,6.52,8,False,True
TS-11961,Interne Fernbetreuung,Niedrig,K. Krueger,2026-06-22T08:02:00,2026-06-22T15:58:31.821307,7.94,12,False,False
TS-11962,Interne Fernbetreuung,Niedrig,A. Bauer,2026-03-20T13:59:00,2026-03-20T16:46:00.499434,2.78,12,False,False
TS-11963,Exchange-Umfeld,Mittel,S. Wagner,2026-03-30T15:38:00,2026-03-31T07:01:27.313462,15.39,12,True,False
TS-11964,Drucker/Scanner,Hoch,A. Bauer,2026-02-27T11:16:00,2026-02-27T11:59:35.961129,0.73,8,False,True
TS-11965,Benutzerverwaltung,Niedrig,A. Bauer,2026-01-27T11:45:00,2026-01-27T13:37:56.541637,1.88,6,False,False
TS-11966,Interne Fernbetreuung,Niedrig,K. Krueger,2026-02-04T07:58:00,2026-02-04T14:38:13.674576,6.67,12,False,False
TS-11967,Drucker/Scanner,Mittel,S. Wagner,2026-04-17T08:17:00,2026-04-17T11:41:20.451724,3.41,8,False,False
TS-11968,Exchange-Umfeld,Mittel,M. Fischer,2026-04-06T12:20:00,2026-04-06T15:29:14.115338,3.15,12,False,False
TS-11969,Interne Fernbetreuung,Niedrig,J. Schulz,2026-04-21T14:31:00,2026-04-22T01:37:08.591224,11.1,12,False,False
TS-11970,Exchange-Umfeld,Niedrig,A. Bauer,2026-03-27T16:52:00,2026-03-28T04:14:15.702274,11.37,12,False,False
TS-11971,Benutzerverwaltung,Niedrig,K. Krueger,2026-04-23T12:37:00,2026-04-23T15:58:25.385149,3.36,6,False,True
TS-11972,Exchange-Umfeld,Niedrig,M. Fischer,2026-03-23T11:40:00,2026-03-24T00:41:39.569588,13.03,12,True,False
TS-11973,Exchange-Umfeld,Niedrig,K. Krueger,2026-01-30T07:08:00,2026-01-30T13:49:38.959600,6.69,12,False,False
TS-11974,Benutzerverwaltung,Mittel,K. Krueger,2026-06-25T07:01:00,2026-06-25T10:03:07.161343,3.04,6,False,True
TS-11975,Benutzerverwaltung,Niedrig,M. Fischer,2026-03-13T11:44:00,2026-03-13T13:46:57.290728,2.05,6,False,False
TS-11976,Benutzerverwaltung,Hoch,M. Fischer,2026-03-12T08:36:00,2026-03-12T11:27:25.466685,2.86,6,False,False
TS-11977,Exchange-Umfeld,Niedrig,J. Schulz,2026-05-05T17:40:00,2026-05-06T07:08:40.457285,13.48,12,True,False
TS-11978,Drucker/Scanner,Mittel,A. Bauer,2026-05-26T18:50:00,2026-05-26T20:02:07.996937,1.2,8,False,False
TS-11979,Drucker/Scanner,Niedrig,S. Wagner,2026-03-10T07:06:00,2026-03-10T13:25:51.112093,6.33,8,False,True
TS-11980,Exchange-Umfeld,Mittel,A. Bauer,2026-05-15T13:48:00,2026-05-15T21:17:27.849312,7.49,12,False,False
TS-11981,Drucker/Scanner,Hoch,J. Schulz,2026-06-16T18:39:00,2026-06-16T23:14:16.192708,4.59,8,False,True
TS-11982,Benutzerverwaltung,Niedrig,K. Krueger,2026-05-20T09:39:00,2026-05-20T13:25:20.679656,3.77,6,False,False
TS-11983,Benutzerverwaltung,Mittel,L. Hoffmann,2026-03-13T11:44:00,2026-03-13T17:49:02.312149,6.08,6,True,False
TS-11984,Benutzerverwaltung,Niedrig,A. Bauer,2026-04-06T08:47:00,2026-04-06T13:08:29.109449,4.36,6,False,False
TS-11985,Benutzerverwaltung,Niedrig,M. Fischer,2026-06-22T17:22:00,2026-06-23T00:00:28.344417,6.64,6,True,False
TS-11986,Drucker/Scanner,Niedrig,K. Krueger,2026-06-08T07:46:00,2026-06-08T10:55:33.037152,3.16,8,False,True
TS-11987,Benutzerverwaltung,Niedrig,K. Krueger,2026-05-14T12:26:00,2026-05-14T15:52:02.181792,3.43,6,False,False
TS-11988,Drucker/Scanner,Mittel,M. Fischer,2026-04-30T10:02:00,2026-04-30T15:39:40.895853,5.63,8,False,True
TS-11989,Drucker/Scanner,Hoch,A. Bauer,2026-02-27T10:35:00,2026-02-27T14:02:21.910290,3.46,8,False,False
TS-11990,Benutzerverwaltung,Mittel,J. Schulz,2026-05-15T17:48:00,2026-05-15T22:30:43.066838,4.71,6,False,False
TS-11991,Drucker/Scanner,Niedrig,M. Fischer,2026-02-19T16:46:00,2026-02-19T22:34:04.031886,5.8,8,False,True
TS-11992,Benutzerverwaltung,Mittel,J. Schulz,2026-04-27T13:53:00,2026-04-27T15:31:33.416038,1.64,6,False,True
TS-11993,Benutzerverwaltung,Niedrig,K. Krueger,2026-01-16T12:05:00,2026-01-16T16:49:49.079660,4.75,6,False,True
TS-11994,Drucker/Scanner,Mittel,K. Krueger,2026-06-23T17:23:00,2026-06-24T00:08:17.595207,6.75,8,False,False
TS-11995,Drucker/Scanner,Mittel,K. Krueger,2026-03-30T11:48:00,2026-03-30T15:47:08.207222,3.99,8,False,False
TS-11996,Interne Fernbetreuung,Mittel,L. Hoffmann,2026-05-11T09:15:00,2026-05-11T17:23:36.490841,8.14,12,False,False
TS-11997,Drucker/Scanner,Niedrig,A. Bauer,2026-02-04T12:25:00,2026-02-04T16:38:27.688261,4.22,8,False,False
TS-11998,Exchange-Umfeld,Niedrig,K. Krueger,2026-01-19T15:16:00,2026-01-19T23:52:02.702611,8.6,12,False,False
TS-11999,Benutzerverwaltung,Hoch,A. Bauer,2026-02-05T08:36:00,2026-02-05T12:26:28.959011,3.84,6,False,True
TS-12000,Drucker/Scanner,Mittel,S. Wagner,2026-01-12T14:40:00,2026-01-12T21:42:56.355967,7.05,8,False,False
TS-12001,Drucker/Scanner,Niedrig,S. Wagner,2026-04-06T18:24:00,2026-04-06T23:52:12.798468,5.47,8,False,True
TS-12002,Benutzerverwaltung,Niedrig,K. Krueger,2026-05-15T14:17:00,2026-05-15T16:17:58.393280,2.02,6,False,True
TS-12003,Drucker/Scanner,Mittel,M. Fischer,2026-05-14T13:29:00,2026-05-14T14:41:57.275638,1.22,8,False,True
TS-12004,Benutzerverwaltung,Niedrig,L. Hoffmann,2026-04-03T17:34:00,2026-04-03T19:28:32.715365,1.91,6,False,False
TS-12005,Drucker/Scanner,Mittel,S. Wagner,2026-03-13T17:14:00,2026-03-13T21:07:03.167866,3.88,8,False,True
TS-12006,Drucker/Scanner,Mittel,M. Fischer,2026-05-08T11:12:00,2026-05-08T16:22:49.197360,5.18,8,False,False
TS-12007,Benutzerverwaltung,Hoch,A. Bauer,2026-01-12T08:43:00,2026-01-12T08:58:00,0.25,6,False,True
TS-12008,Benutzerverwaltung,Mittel,M. Fischer,2026-02-20T08:24:00,2026-02-20T12:19:28.243432,3.92,6,False,True
TS-12009,Benutzerverwaltung,Hoch,A. Bauer,2026-05-05T13:45:00,2026-05-05T18:41:27.245474,4.94,6,False,False
TS-12010,Exchange-Umfeld,Hoch,L. Hoffmann,2026-03-23T16:20:00,2026-03-24T07:31:17.491669,15.19,12,True,False
TS-12011,Drucker/Scanner,Mittel,L. Hoffmann,2026-03-04T17:30:00,2026-03-04T21:47:15.263336,4.29,8,False,False
TS-12012,Drucker/Scanner,Niedrig,J. Schulz,2026-02-16T08:55:00,2026-02-16T12:45:21.974586,3.84,8,False,False
TS-12013,Benutzerverwaltung,Mittel,K. Krueger,2026-01-07T08:04:00,2026-01-07T09:10:03.301271,1.1,6,False,False
TS-12014,Drucker/Scanner,Niedrig,A. Bauer,2026-05-22T14:32:00,2026-05-22T17:03:01.737276,2.52,8,False,False
TS-12015,Interne Fernbetreuung,Hoch,M. Fischer,2026-04-28T18:59:00,2026-04-28T22:06:11.259570,3.12,12,False,False
TS-12016,Drucker/Scanner,Niedrig,J. Schulz,2026-06-26T12:20:00,2026-06-26T15:52:13.433251,3.54,8,False,False
TS-12017,Drucker/Scanner,Hoch,M. Fischer,2026-05-19T10:29:00,2026-05-19T17:17:00.855281,6.8,8,False,True
TS-12018,Benutzerverwaltung,Mittel,K. Krueger,2026-04-21T08:14:00,2026-04-21T11:29:58.617481,3.27,6,False,True
TS-12019,Benutzerverwaltung,Mittel,M. Fischer,2026-02-04T18:48:00,2026-02-04T22:24:33.108748,3.61,6,False,True
TS-12020,Exchange-Umfeld,Niedrig,K. Krueger,2026-06-05T07:15:00,2026-06-05T12:06:54.086545,4.87,12,False,False
TS-12021,Benutzerverwaltung,Niedrig,J. Schulz,2026-02-17T18:52:00,2026-02-17T23:50:18.060761,4.97,6,False,False
TS-12022,Interne Fernbetreuung,Niedrig,S. Wagner,2026-05-14T16:34:00,2026-05-14T21:26:58.060777,4.88,12,False,False
TS-12023,Drucker/Scanner,Niedrig,L. Hoffmann,2026-04-01T16:56:00,2026-04-01T20:00:51.334748,3.08,8,False,False
TS-12024,Interne Fernbetreuung,Niedrig,A. Bauer,2026-05-22T08:26:00,2026-05-22T14:04:17.080870,5.64,12,False,False
TS-12025,Drucker/Scanner,Niedrig,K. Krueger,2026-03-27T09:42:00,2026-03-27T14:55:39.426359,5.23,8,False,False
TS-12026,Interne Fernbetreuung,Mittel,A. Bauer,2026-03-30T12:35:00,2026-03-30T12:50:00,0.25,12,False,False
TS-12027,Interne Fernbetreuung,Niedrig,A. Bauer,2026-06-30T09:45:00,2026-06-30T14:31:05.082798,4.77,12,False,False
TS-12028,Interne Fernbetreuung,Niedrig,S. Wagner,2026-05-15T17:19:00,2026-05-15T23:20:24.170888,6.02,12,False,False
TS-12029,Exchange-Umfeld,Hoch,A. Bauer,2026-01-05T14:34:00,2026-01-06T04:05:57.104090,13.53,12,True,False
TS-12030,Drucker/Scanner,Niedrig,L. Hoffmann,2026-03-18T16:14:00,2026-03-18T19:38:54.067895,3.42,8,False,True
TS-12031,Drucker/Scanner,Hoch,S. Wagner,2026-02-17T18:42:00,2026-02-17T20:52:07.815288,2.17,8,False,False
TS-12032,Exchange-Umfeld,Hoch,L. Hoffmann,2026-03-09T07:26:00,2026-03-09T16:46:16.066822,9.34,12,False,False
TS-12033,Drucker/Scanner,Hoch,A. Bauer,2026-06-19T10:19:00,2026-06-19T14:17:29.029539,3.97,8,False,True
TS-12034,Benutzerverwaltung,Niedrig,S. Wagner,2026-01-14T12:14:00,2026-01-14T14:54:21.921701,2.67,6,False,False
TS-12035,Drucker/Scanner,Mittel,M. Fischer,2026-01-07T13:58:00,2026-01-07T19:52:35.830527,5.91,8,False,False
TS-12036,Interne Fernbetreuung,Niedrig,A. Bauer,2026-01-01T12:19:00,2026-01-01T14:58:07.585033,2.65,12,False,False
TS-12037,Drucker/Scanner,Mittel,S. Wagner,2026-05-15T09:34:00,2026-05-15T12:01:24.248912,2.46,8,False,False
TS-12038,Drucker/Scanner,Niedrig,K. Krueger,2026-03-02T13:37:00,2026-03-02T16:13:56.846588,2.62,8,False,True
TS-12039,Benutzerverwaltung,Mittel,K. Krueger,2026-02-24T15:59:00,2026-02-24T17:50:46.846142,1.86,6,False,False
TS-12040,Benutzerverwaltung,Hoch,S. Wagner,2026-04-14T14:13:00,2026-04-14T17:50:34.371550,3.63,6,False,False
TS-12041,Exchange-Umfeld,Niedrig,A. Bauer,2026-03-04T11:49:00,2026-03-04T13:28:18.007186,1.66,12,False,False
TS-12042,Drucker/Scanner,Hoch,M. Fischer,2026-05-26T09:56:00,2026-05-26T15:21:12.431032,5.42,8,False,True
TS-12043,Drucker/Scanner,Niedrig,A. Bauer,2026-05-29T09:40:00,2026-05-29T09:55:00,0.25,8,False,False
TS-12044,Benutzerverwaltung,Hoch,S. Wagner,2026-04-27T18:56:00,2026-04-27T20:45:05.742437,1.82,6,False,False
TS-12045,Drucker/Scanner,Mittel,S. Wagner,2026-05-21T16:15:00,2026-05-21T18:55:45.252651,2.68,8,False,True
TS-12046,Drucker/Scanner,Niedrig,K. Krueger,2026-04-14T14:15:00,2026-04-14T19:23:04.122628,5.13,8,False,False
TS-12047,Exchange-Umfeld,Hoch,M. Fischer,2026-01-19T16:31:00,2026-01-19T19:41:52.664897,3.18,12,False,False
TS-12048,Exchange-Umfeld,Mittel,A. Bauer,2026-06-16T08:29:00,2026-06-16T14:12:20.742197,5.72,12,False,False
TS-12049,Interne Fernbetreuung,Niedrig,A. Bauer,2026-05-15T15:32:00,2026-05-16T01:11:38.860460,9.66,12,False,False
TS-12050,Drucker/Scanner,Mittel,M. Fischer,2026-02-04T17:53:00,2026-02-04T20:15:19.318177,2.37,8,False,True
TS-12051,Benutzerverwaltung,Niedrig,S. Wagner,2026-04-24T13:51:00,2026-04-24T16:02:51.843481,2.2,6,False,True
TS-12052,Drucker/Scanner,Niedrig,A. Bauer,2026-01-20T17:32:00,2026-01-20T18:11:01.415008,0.65,8,False,False
TS-12053,Drucker/Scanner,Niedrig,M. Fischer,2026-04-02T11:56:00,2026-04-02T16:35:21.295617,4.66,8,False,False
TS-12054,Exchange-Umfeld,Hoch,L. Hoffmann,2026-06-25T13:04:00,2026-06-25T17:26:56.159127,4.38,12,False,False
TS-12055,Drucker/Scanner,Hoch,K. Krueger,2026-03-25T09:44:00,2026-03-25T10:34:25.058072,0.84,8,False,False
TS-12056,Interne Fernbetreuung,Hoch,M. Fischer,2026-05-13T07:23:00,2026-05-13T18:34:15.709338,11.19,12,False,False
TS-12057,Drucker/Scanner,Niedrig,A. Bauer,2026-06-05T15:59:00,2026-06-05T21:51:22.771537,5.87,8,False,False
TS-12058,Exchange-Umfeld,Niedrig,S. Wagner,2026-02-12T17:59:00,2026-02-13T06:21:35.046686,12.38,12,True,False
TS-12059,Drucker/Scanner,Mittel,J. Schulz,2026-03-31T10:02:00,2026-03-31T14:02:04.291032,4.0,8,False,False
TS-12060,Interne Fernbetreuung,Mittel,A. Bauer,2026-04-07T08:07:00,2026-04-07T11:19:08.145153,3.2,12,False,False
TS-12061,Drucker/Scanner,Mittel,A. Bauer,2026-06-04T15:29:00,2026-06-04T21:20:21.640352,5.86,8,False,True
TS-12062,Benutzerverwaltung,Niedrig,M. Fischer,2026-03-11T15:38:00,2026-03-11T18:54:40.996850,3.28,6,False,False
TS-12063,Benutzerverwaltung,Niedrig,S. Wagner,2026-06-10T17:36:00,2026-06-10T20:40:58.783676,3.08,6,False,False
TS-12064,Drucker/Scanner,Niedrig,A. Bauer,2026-01-20T10:37:00,2026-01-20T10:52:00,0.25,8,False,True
TS-12065,Benutzerverwaltung,Niedrig,L. Hoffmann,2026-06-23T07:35:00,2026-06-23T10:10:13.927262,2.59,6,False,True
TS-12066,Benutzerverwaltung,Niedrig,M. Fischer,2026-01-23T16:56:00,2026-01-23T20:30:36.115840,3.58,6,False,False
TS-12067,Drucker/Scanner,Mittel,L. Hoffmann,2026-04-28T13:09:00,2026-04-28T17:59:44.969185,4.85,8,False,True
TS-12068,Drucker/Scanner,Niedrig,L. Hoffmann,2026-05-07T13:53:00,2026-05-07T20:53:03.282345,7.0,8,False,False
TS-12069,Benutzerverwaltung,Hoch,M. Fischer,2026-05-28T11:05:00,2026-05-28T13:43:29.852574,2.64,6,False,False
TS-12070,Exchange-Umfeld,Mittel,L. Hoffmann,2026-02-27T07:15:00,2026-02-27T09:59:02.379888,2.73,12,False,False
TS-12071,Drucker/Scanner,Niedrig,M. Fischer,2026-03-25T14:37:00,2026-03-25T18:10:20.313581,3.56,8,False,False
TS-12072,Interne Fernbetreuung,Mittel,S. Wagner,2026-02-12T14:47:00,2026-02-12T18:27:00.286981,3.67,12,False,False
TS-12073,Exchange-Umfeld,Hoch,K. Krueger,2026-05-12T07:45:00,2026-05-12T12:26:55.172891,4.7,12,False,False
TS-12074,Drucker/Scanner,Mittel,A. Bauer,2026-05-06T09:10:00,2026-05-06T12:27:18.611468,3.29,8,False,False
TS-12075,Exchange-Umfeld,Mittel,L. Hoffmann,2026-03-18T10:51:00,2026-03-18T18:20:27.012872,7.49,12,False,False
TS-12076,Drucker/Scanner,Niedrig,M. Fischer,2026-03-23T08:44:00,2026-03-23T09:40:34.269924,0.94,8,False,False
TS-12077,Interne Fernbetreuung,Hoch,A. Bauer,2026-05-12T16:48:00,2026-05-12T18:55:09.365909,2.12,12,False,False
TS-12078,Interne Fernbetreuung,Mittel,K. Krueger,2026-02-16T11:51:00,2026-02-16T13:45:07.051544,1.9,12,False,False
TS-12079,Exchange-Umfeld,Hoch,S. Wagner,2026-01-08T12:45:00,2026-01-08T20:16:19.079822,7.52,12,False,False
TS-12080,Drucker/Scanner,Mittel,A. Bauer,2026-04-28T14:24:00,2026-04-28T19:24:00.699678,5.0,8,False,True
TS-12081,Benutzerverwaltung,Niedrig,A. Bauer,2026-06-03T08:05:00,2026-06-03T11:25:22.766597,3.34,6,False,False
TS-12082,Benutzerverwaltung,Hoch,K. Krueger,2026-04-08T17:30:00,2026-04-08T22:48:57.894964,5.32,6,False,False
TS-12083,Benutzerverwaltung,Mittel,L. Hoffmann,2026-02-24T11:31:00,2026-02-24T14:24:51.971737,2.9,6,False,False
TS-12084,Drucker/Scanner,Mittel,J. Schulz,2026-02-26T07:50:00,2026-02-26T11:22:53.194162,3.55,8,False,True
TS-12085,Drucker/Scanner,Niedrig,S. Wagner,2026-01-27T11:17:00,2026-01-27T17:37:59.906962,6.35,8,False,False
TS-12086,Interne Fernbetreuung,Niedrig,M. Fischer,2026-05-01T10:31:00,2026-05-01T17:41:33.381222,7.18,12,False,False
TS-12087,Exchange-Umfeld,Hoch,L. Hoffmann,2026-05-18T08:17:00,2026-05-18T20:13:10.026262,11.94,12,False,False
TS-12088,Exchange-Umfeld,Mittel,A. Bauer,2026-02-11T12:15:00,2026-02-11T17:04:35.153666,4.83,12,False,False
TS-12089,Drucker/Scanner,Hoch,K. Krueger,2026-01-08T07:37:00,2026-01-08T12:16:46.958668,4.66,8,False,False
TS-12090,Drucker/Scanner,Niedrig,A. Bauer,2026-04-13T07:02:00,2026-04-13T11:51:59.386927,4.83,8,False,False
TS-12091,Interne Fernbetreuung,Niedrig,K. Krueger,2026-01-14T18:45:00,2026-01-15T01:11:18.054401,6.44,12,False,False
TS-12092,Benutzerverwaltung,Mittel,L. Hoffmann,2026-02-09T12:33:00,2026-02-09T13:22:12.003325,0.82,6,False,False
TS-12093,Interne Fernbetreuung,Niedrig,L. Hoffmann,2026-06-29T17:04:00,2026-06-29T21:36:45.331791,4.55,12,False,False
TS-12094,Drucker/Scanner,Niedrig,K. Krueger,2026-06-02T14:56:00,2026-06-02T19:14:22.799830,4.31,8,False,False
TS-12095,Exchange-Umfeld,Mittel,K. Krueger,2026-03-25T16:29:00,2026-03-26T07:59:31.256114,15.51,12,True,False
TS-12096,Benutzerverwaltung,Niedrig,S. Wagner,2026-06-02T17:15:00,2026-06-02T20:33:43.130436,3.31,6,False,False
TS-12097,Drucker/Scanner,Hoch,K. Krueger,2026-03-10T12:14:00,2026-03-10T15:57:07.852380,3.72,8,False,True
TS-12098,Exchange-Umfeld,Niedrig,A. Bauer,2026-02-18T08:28:00,2026-02-18T11:05:05.640719,2.62,12,False,False
TS-12099,Interne Fernbetreuung,Niedrig,S. Wagner,2026-06-17T15:13:00,2026-06-17T21:17:05.091966,6.07,12,False,False
TS-12100,Exchange-Umfeld,Niedrig,J. Schulz,2026-03-19T18:08:00,2026-03-20T01:30:03.547284,7.37,12,False,False
TS-12101,Benutzerverwaltung,Niedrig,J. Schulz,2026-02-25T16:32:00,2026-02-25T16:47:00,0.25,6,False,False
TS-12102,Exchange-Umfeld,Niedrig,K. Krueger,2026-01-01T10:50:00,2026-01-01T23:19:49.549062,12.5,12,True,False
TS-12103,Interne Fernbetreuung,Niedrig,K. Krueger,2026-04-21T17:35:00,2026-04-21T17:50:00,0.25,12,False,False
TS-12104,Benutzerverwaltung,Niedrig,J. Schulz,2026-02-09T09:41:00,2026-02-09T09:57:54.840859,0.28,6,False,False
TS-12105,Interne Fernbetreuung,Niedrig,J. Schulz,2026-02-25T17:01:00,2026-02-25T20:23:09.965245,3.37,12,False,False
TS-12106,Drucker/Scanner,Niedrig,L. Hoffmann,2026-03-12T07:53:00,2026-03-12T10:23:42.375986,2.51,8,False,False
TS-12107,Benutzerverwaltung,Mittel,K. Krueger,2026-05-08T09:05:00,2026-05-08T11:19:27.114002,2.24,6,False,False
TS-12108,Interne Fernbetreuung,Niedrig,K. Krueger,2026-05-26T10:29:00,2026-05-26T12:54:28.280854,2.42,12,False,False
TS-12109,Exchange-Umfeld,Niedrig,A. Bauer,2026-01-30T13:28:00,2026-01-31T00:20:46.495191,10.88,12,False,False
TS-12110,Drucker/Scanner,Mittel,S. Wagner,2026-06-12T10:39:00,2026-06-12T14:20:09.726341,3.69,8,False,True
TS-12111,Benutzerverwaltung,Mittel,A. Bauer,2026-03-04T17:48:00,2026-03-04T21:38:53.394559,3.85,6,False,False
TS-12112,Drucker/Scanner,Mittel,J. Schulz,2026-03-27T07:34:00,2026-03-27T10:51:53.551596,3.3,8,False,True
TS-12113,Exchange-Umfeld,Niedrig,K. Krueger,2026-04-14T13:41:00,2026-04-15T09:30:22.523604,19.82,12,True,False
TS-12114,Drucker/Scanner,Mittel,J. Schulz,2026-06-04T11:44:00,2026-06-04T20:29:38.571802,8.76,8,True,True
TS-12115,Interne Fernbetreuung,Niedrig,S. Wagner,2026-04-27T17:58:00,2026-04-27T21:13:42.932954,3.26,12,False,False
TS-12116,Drucker/Scanner,Niedrig,M. Fischer,2026-05-08T18:14:00,2026-05-08T22:06:51.682777,3.88,8,False,True
TS-12117,Interne Fernbetreuung,Mittel,S. Wagner,2026-05-08T07:05:00,2026-05-08T11:51:23.856600,4.77,12,False,False
TS-12118,Drucker/Scanner,Niedrig,A. Bauer,2026-06-29T17:50:00,2026-06-29T19:15:23.407743,1.42,8,False,True
TS-12119,Interne Fernbetreuung,Niedrig,L. Hoffmann,2026-03-30T17:46:00,2026-03-30T20:07:52.516573,2.36,12,False,False
TS-12120,Exchange-Umfeld,Niedrig,A. Bauer,2026-02-23T17:55:00,2026-02-24T03:02:27.054009,9.12,12,False,False
TS-12121,Exchange-Umfeld,Hoch,L. Hoffmann,2026-04-24T08:27:00,2026-04-24T21:43:24.889714,13.27,12,True,False
TS-12122,Benutzerverwaltung,Niedrig,L. Hoffmann,2026-04-15T17:11:00,2026-04-15T20:22:34.821570,3.19,6,False,True
TS-12123,Benutzerverwaltung,Niedrig,L. Hoffmann,2026-03-26T07:09:00,2026-03-26T11:28:11.722139,4.32,6,False,False
TS-12124,Benutzerverwaltung,Niedrig,S. Wagner,2026-06-23T11:56:00,2026-06-23T15:06:24.509663,3.17,6,False,False
TS-12125,Interne Fernbetreuung,Hoch,A. Bauer,2026-06-30T08:23:00,2026-06-30T14:40:20.717262,6.29,12,False,False
TS-12126,Exchange-Umfeld,Niedrig,L. Hoffmann,2026-04-20T18:10:00,2026-04-21T09:07:17.381015,14.95,12,True,False
TS-12127,Exchange-Umfeld,Mittel,K. Krueger,2026-06-19T11:11:00,2026-06-19T20:45:34.494455,9.58,12,False,False
TS-12128,Interne Fernbetreuung,Niedrig,K. Krueger,2026-02-04T12:04:00,2026-02-04T14:59:09.826129,2.92,12,False,False
TS-12129,Interne Fernbetreuung,Niedrig,J. Schulz,2026-03-25T09:37:00,2026-03-25T19:47:45.739378,10.18,12,False,False
TS-12130,Benutzerverwaltung,Mittel,J. Schulz,2026-06-10T18:09:00,2026-06-10T21:02:32.288330,2.89,6,False,False
TS-12131,Benutzerverwaltung,Niedrig,A. Bauer,2026-06-02T13:59:00,2026-06-02T18:12:27.286552,4.22,6,False,False
TS-12132,Interne Fernbetreuung,Niedrig,S. Wagner,2026-06-25T07:24:00,2026-06-25T16:28:44.293584,9.08,12,False,False
TS-12133,Benutzerverwaltung,Niedrig,A. Bauer,2026-02-13T07:20:00,2026-02-13T07:35:00,0.25,6,False,False
TS-12134,Exchange-Umfeld,Mittel,M. Fischer,2026-05-21T15:01:00,2026-05-22T04:51:54.102462,13.85,12,True,False
TS-12135,Drucker/Scanner,Niedrig,K. Krueger,2026-01-16T15:51:00,2026-01-16T20:05:26.856148,4.24,8,False,True
TS-12136,Drucker/Scanner,Mittel,M. Fischer,2026-01-29T14:36:00,2026-01-29T21:47:29.234001,7.19,8,False,True
TS-12137,Benutzerverwaltung,Niedrig,J. Schulz,2026-04-28T11:53:00,2026-04-28T13:46:00.898734,1.88,6,False,False
TS-12138,Benutzerverwaltung,Mittel,S. Wagner,2026-03-12T13:29:00,2026-03-12T16:31:15.490227,3.04,6,False,False
TS-12139,Exchange-Umfeld,Niedrig,A. Bauer,2026-06-30T13:24:00,2026-07-01T02:54:10.512883,13.5,12,True,False
TS-12140,Drucker/Scanner,Niedrig,M. Fischer,2026-01-14T15:43:00,2026-01-14T20:20:41.411051,4.63,8,False,False
TS-12141,Drucker/Scanner,Niedrig,K. Krueger,2026-03-17T10:07:00,2026-03-17T16:29:57.831105,6.38,8,False,False
TS-12142,Exchange-Umfeld,Niedrig,K. Krueger,2026-01-08T09:30:00,2026-01-08T17:48:57.404862,8.32,12,False,False
TS-12143,Benutzerverwaltung,Niedrig,K. Krueger,2026-06-01T15:21:00,2026-06-01T19:40:11.781177,4.32,6,False,False
TS-12144,Interne Fernbetreuung,Niedrig,S. Wagner,2026-06-01T14:18:00,2026-06-01T21:42:56.533202,7.42,12,False,False
TS-12145,Exchange-Umfeld,Mittel,M. Fischer,2026-05-13T09:50:00,2026-05-13T20:10:40.246237,10.34,12,False,False
TS-12146,Exchange-Umfeld,Mittel,K. Krueger,2026-01-13T11:34:00,2026-01-13T20:28:42.265493,8.91,12,False,False
TS-12147,Interne Fernbetreuung,Niedrig,J. Schulz,2026-02-11T18:29:00,2026-02-11T21:27:32.776513,2.98,12,False,False
TS-12148,Drucker/Scanner,Niedrig,S. Wagner,2026-02-25T16:11:00,2026-02-25T22:00:06.504604,5.82,8,False,False
TS-12149,Drucker/Scanner,Mittel,K. Krueger,2026-04-09T09:09:00,2026-04-09T14:39:30.760276,5.51,8,False,False
TS-12150,Benutzerverwaltung,Niedrig,L. Hoffmann,2026-01-19T13:12:00,2026-01-19T16:41:02.990776,3.48,6,False,False
TS-12151,Benutzerverwaltung,Mittel,A. Bauer,2026-04-08T14:51:00,2026-04-08T18:59:09.324310,4.14,6,False,False
TS-12152,Benutzerverwaltung,Niedrig,A. Bauer,2026-06-15T15:28:00,2026-06-15T17:15:35.063102,1.79,6,False,True
TS-12153,Interne Fernbetreuung,Niedrig,S. Wagner,2026-01-27T17:44:00,2026-01-28T03:37:49.173610,9.9,12,False,False
TS-12154,Exchange-Umfeld,Hoch,K. Krueger,2026-02-17T07:29:00,2026-02-17T19:43:02.962163,12.23,12,True,False
TS-12155,Benutzerverwaltung,Mittel,K. Krueger,2026-02-18T15:10:00,2026-02-18T18:08:32.942836,2.98,6,False,True
TS-12156,Drucker/Scanner,Niedrig,A. Bauer,2026-06-23T12:12:00,2026-06-23T14:55:51.854264,2.73,8,False,False
TS-12157,Drucker/Scanner,Niedrig,L. Hoffmann,2026-03-02T18:02:00,2026-03-02T21:45:00.866710,3.72,8,False,False
TS-12158,Benutzerverwaltung,Niedrig,S. Wagner,2026-01-21T09:41:00,2026-01-21T14:24:00.268748,4.72,6,False,False
TS-12159,Exchange-Umfeld,Hoch,K. Krueger,2026-06-24T16:10:00,2026-06-24T21:03:21.932839,4.89,12,False,False
TS-12160,Exchange-Umfeld,Niedrig,M. Fischer,2026-03-13T17:15:00,2026-03-14T01:08:10.896667,7.89,12,False,False
TS-12161,Interne Fernbetreuung,Hoch,L. Hoffmann,2026-03-09T11:13:00,2026-03-10T00:33:57.259938,13.35,12,True,False
TS-12162,Benutzerverwaltung,Hoch,K. Krueger,2026-05-07T08:57:00,2026-05-07T14:30:44.333148,5.56,6,False,False
TS-12163,Benutzerverwaltung,Niedrig,K. Krueger,2026-06-03T15:38:00,2026-06-03T16:53:19.175736,1.26,6,False,True
TS-12164,Exchange-Umfeld,Hoch,M. Fischer,2026-05-08T09:00:00,2026-05-08T20:24:10.810492,11.4,12,False,False
TS-12165,Benutzerverwaltung,Niedrig,M. Fischer,2026-03-30T15:49:00,2026-03-30T18:26:52.522531,2.63,6,False,False
TS-12166,Interne Fernbetreuung,Mittel,K. Krueger,2026-05-22T13:18:00,2026-05-23T03:02:42.747661,13.75,12,True,False
TS-12167,Interne Fernbetreuung,Niedrig,A. Bauer,2026-04-29T08:59:00,2026-04-29T12:26:39.442772,3.46,12,False,False
TS-12168,Exchange-Umfeld,Niedrig,M. Fischer,2026-05-28T07:28:00,2026-05-28T16:34:50.090782,9.11,12,False,False
TS-12169,Drucker/Scanner,Niedrig,J. Schulz,2026-02-17T08:27:00,2026-02-17T14:03:02.996809,5.6,8,False,False
TS-12170,Exchange-Umfeld,Niedrig,L. Hoffmann,2026-05-29T13:18:00,2026-05-29T22:07:40.333503,8.83,12,False,False
TS-12171,Exchange-Umfeld,Niedrig,J. Schulz,2026-03-23T14:17:00,2026-03-24T01:51:56.539066,11.58,12,False,False
TS-12172,Exchange-Umfeld,Niedrig,A. Bauer,2026-03-16T08:55:00,2026-03-16T17:13:19.065544,8.31,12,False,False
TS-12173,Benutzerverwaltung,Niedrig,S. Wagner,2026-04-24T10:23:00,2026-04-24T15:10:05.612688,4.78,6,False,True
TS-12174,Drucker/Scanner,Mittel,A. Bauer,2026-01-15T14:24:00,2026-01-15T18:47:18.627323,4.39,8,False,True
TS-12175,Interne Fernbetreuung,Niedrig,S. Wagner,2026-01-01T17:03:00,2026-01-01T22:49:43.148775,5.78,12,False,False
TS-12176,Drucker/Scanner,Hoch,K. Krueger,2026-02-27T07:30:00,2026-02-27T11:33:41.411745,4.06,8,False,False
TS-12177,Drucker/Scanner,Mittel,L. Hoffmann,2026-04-17T08:58:00,2026-04-17T12:43:50.991438,3.76,8,False,True
TS-12178,Exchange-Umfeld,Niedrig,L. Hoffmann,2026-02-10T14:28:00,2026-02-11T01:40:30.129516,11.21,12,False,False
TS-12179,Benutzerverwaltung,Niedrig,J. Schulz,2026-05-29T17:30:00,2026-05-29T22:39:54.689444,5.17,6,False,True
TS-12180,Benutzerverwaltung,Mittel,J. Schulz,2026-05-21T17:02:00,2026-05-21T18:39:19.070196,1.62,6,False,True
TS-12181,Exchange-Umfeld,Niedrig,S. Wagner,2026-01-28T10:33:00,2026-01-28T23:57:09.862923,13.4,12,True,False
TS-12182,Benutzerverwaltung,Hoch,A. Bauer,2026-06-08T17:20:00,2026-06-08T22:31:18.387074,5.19,6,False,False
TS-12183,Drucker/Scanner,Hoch,A. Bauer,2026-03-16T09:07:00,2026-03-16T15:17:21.376958,6.17,8,False,True
TS-12184,Drucker/Scanner,Mittel,L. Hoffmann,2026-05-25T10:07:00,2026-05-25T13:19:04.018611,3.2,8,False,False
TS-12185,Drucker/Scanner,Niedrig,L. Hoffmann,2026-01-02T12:59:00,2026-01-02T15:11:41.669724,2.21,8,False,False
TS-12186,Drucker/Scanner,Niedrig,S. Wagner,2026-02-13T10:46:00,2026-02-13T16:06:06.715760,5.34,8,False,True
TS-12187,Drucker/Scanner,Niedrig,K. Krueger,2026-01-23T13:11:00,2026-01-23T17:25:23.574559,4.24,8,False,True
TS-12188,Benutzerverwaltung,Mittel,K. Krueger,2026-02-23T16:13:00,2026-02-23T17:17:53.358691,1.08,6,False,False
TS-12189,Benutzerverwaltung,Niedrig,M. Fischer,2026-05-01T08:30:00,2026-05-01T13:22:23.353637,4.87,6,False,False
TS-12190,Exchange-Umfeld,Mittel,M. Fischer,2026-01-07T10:05:00,2026-01-07T21:32:50.023228,11.46,12,False,False
TS-12191,Benutzerverwaltung,Hoch,L. Hoffmann,2026-05-08T09:23:00,2026-05-08T12:32:15.887714,3.15,6,False,True
TS-12192,Drucker/Scanner,Niedrig,M. Fischer,2026-06-17T08:23:00,2026-06-17T12:59:38.278778,4.61,8,False,False
TS-12193,Drucker/Scanner,Hoch,J. Schulz,2026-04-10T10:05:00,2026-04-10T11:32:56.496453,1.47,8,False,False
TS-12194,Benutzerverwaltung,Mittel,M. Fischer,2026-02-17T16:26:00,2026-02-17T20:23:27.496045,3.96,6,False,False
TS-12195,Drucker/Scanner,Niedrig,L. Hoffmann,2026-05-15T12:23:00,2026-05-15T19:27:28.969516,7.07,8,False,True
TS-12196,Exchange-Umfeld,Mittel,K. Krueger,2026-03-10T07:30:00,2026-03-10T16:32:03.150745,9.03,12,False,False
TS-12197,Benutzerverwaltung,Niedrig,S. Wagner,2026-01-08T15:43:00,2026-01-08T17:23:45.826748,1.68,6,False,False
TS-12198,Drucker/Scanner,Hoch,J. Schulz,2026-01-06T16:11:00,2026-01-06T19:49:46.464814,3.65,8,False,False
TS-12199,Exchange-Umfeld,Hoch,S. Wagner,2026-04-13T16:59:00,2026-04-13T22:55:21.286927,5.94,12,False,False
TS-12200,Benutzerverwaltung,Niedrig,K. Krueger,2026-03-23T13:52:00,2026-03-23T16:41:19.372200,2.82,6,False,False
TS-12201,Benutzerverwaltung,Mittel,L. Hoffmann,2026-01-30T18:41:00,2026-01-30T20:34:41.648658,1.89,6,False,False
TS-12202,Exchange-Umfeld,Hoch,S. Wagner,2026-03-17T14:35:00,2026-03-17T20:36:35.451926,6.03,12,False,False
TS-12203,Benutzerverwaltung,Niedrig,S. Wagner,2026-01-07T14:52:00,2026-01-07T19:48:39.942032,4.94,6,False,False
TS-12204,Drucker/Scanner,Niedrig,M. Fischer,2026-03-25T15:31:00,2026-03-25T16:18:47.842117,0.8,8,False,True
TS-12205,Drucker/Scanner,Niedrig,A. Bauer,2026-04-10T17:58:00,2026-04-10T21:48:42.599893,3.85,8,False,True
TS-12206,Drucker/Scanner,Niedrig,L. Hoffmann,2026-03-06T08:10:00,2026-03-06T12:25:26.591508,4.26,8,False,True
TS-12207,Drucker/Scanner,Niedrig,M. Fischer,2026-05-19T07:04:00,2026-05-19T11:11:34.994969,4.13,8,False,True
TS-12208,Exchange-Umfeld,Hoch,M. Fischer,2026-01-28T16:54:00,2026-01-29T04:42:32.028645,11.81,12,False,False
TS-12209,Drucker/Scanner,Niedrig,M. Fischer,2026-04-23T15:20:00,2026-04-23T15:35:00,0.25,8,False,False
TS-12210,Drucker/Scanner,Mittel,S. Wagner,2026-01-05T14:49:00,2026-01-05T18:09:53.518086,3.35,8,False,False
TS-12211,Benutzerverwaltung,Hoch,L. Hoffmann,2026-03-16T07:46:00,2026-03-16T08:01:00,0.25,6,False,True
TS-12212,Benutzerverwaltung,Mittel,K. Krueger,2026-02-25T14:58:00,2026-02-25T18:58:57.068610,4.02,6,False,False
TS-12213,Interne Fernbetreuung,Mittel,L. Hoffmann,2026-01-01T08:04:00,2026-01-01T11:14:58.203772,3.18,12,False,False
TS-12214,Drucker/Scanner,Mittel,S. Wagner,2026-03-24T07:38:00,2026-03-24T14:06:33.226022,6.48,8,False,True
TS-12215,Benutzerverwaltung,Niedrig,A. Bauer,2026-04-22T14:18:00,2026-04-22T18:41:54.422499,4.4,6,False,False
TS-12216,Interne Fernbetreuung,Niedrig,M. Fischer,2026-01-12T08:44:00,2026-01-12T09:56:15.491204,1.2,12,False,False
TS-12217,Interne Fernbetreuung,Hoch,J. Schulz,2026-05-20T18:30:00,2026-05-20T22:50:01.743219,4.33,12,False,False
TS-12218,Drucker/Scanner,Niedrig,A. Bauer,2026-03-18T08:49:00,2026-03-18T13:41:59.860101,4.88,8,False,False
TS-12219,Benutzerverwaltung,Hoch,L. Hoffmann,2026-03-13T12:03:00,2026-03-13T15:26:14.895994,3.39,6,False,False
TS-12220,Benutzerverwaltung,Mittel,M. Fischer,2026-06-12T15:56:00,2026-06-12T20:21:21.540144,4.42,6,False,False
TS-12221,Interne Fernbetreuung,Hoch,J. Schulz,2026-06-02T07:42:00,2026-06-02T12:07:43.771964,4.43,12,False,False
TS-12222,Benutzerverwaltung,Niedrig,K. Krueger,2026-02-10T14:20:00,2026-02-10T18:19:02.610046,3.98,6,False,True
TS-12223,Benutzerverwaltung,Niedrig,J. Schulz,2026-04-10T10:47:00,2026-04-10T12:06:26.226338,1.32,6,False,False
TS-12224,Interne Fernbetreuung,Hoch,J. Schulz,2026-04-08T07:39:00,2026-04-08T16:58:47.262607,9.33,12,False,False
TS-12225,Drucker/Scanner,Mittel,A. Bauer,2026-02-24T09:43:00,2026-02-24T15:08:38.510783,5.43,8,False,True
TS-12226,Benutzerverwaltung,Niedrig,K. Krueger,2026-05-25T11:07:00,2026-05-25T16:08:00.896951,5.02,6,False,False
TS-12227,Exchange-Umfeld,Hoch,M. Fischer,2026-06-30T13:09:00,2026-07-01T02:32:45.515512,13.4,12,True,False
TS-12228,Benutzerverwaltung,Mittel,S. Wagner,2026-06-30T16:44:00,2026-06-30T20:30:05.384022,3.77,6,False,False
TS-12229,Exchange-Umfeld,Niedrig,M. Fischer,2026-02-02T14:39:00,2026-02-02T23:21:59.979215,8.72,12,False,False
TS-12230,Interne Fernbetreuung,Mittel,J. Schulz,2026-02-20T08:49:00,2026-02-20T13:53:56.915509,5.08,12,False,False
TS-12231,Drucker/Scanner,Niedrig,L. Hoffmann,2026-06-25T09:17:00,2026-06-25T13:06:50.670518,3.83,8,False,False
TS-12232,Drucker/Scanner,Niedrig,S. Wagner,2026-01-28T08:52:00,2026-01-28T13:13:04.159040,4.35,8,False,True
TS-12233,Interne Fernbetreuung,Niedrig,A. Bauer,2026-02-18T15:55:00,2026-02-18T20:49:04.927967,4.9,12,False,False
TS-12234,Exchange-Umfeld,Niedrig,A. Bauer,2026-03-04T07:27:00,2026-03-04T13:45:38.930834,6.31,12,False,False
TS-12235,Exchange-Umfeld,Niedrig,S. Wagner,2026-06-22T08:23:00,2026-06-22T14:31:05.648066,6.13,12,False,False
TS-12236,Benutzerverwaltung,Hoch,A. Bauer,2026-06-29T08:01:00,2026-06-29T11:21:36.597285,3.34,6,False,False
TS-12237,Interne Fernbetreuung,Hoch,S. Wagner,2026-06-01T11:41:00,2026-06-01T17:27:20.030675,5.77,12,False,False
TS-12238,Interne Fernbetreuung,Niedrig,S. Wagner,2026-05-13T12:13:00,2026-05-13T19:50:35.569954,7.63,12,False,False
TS-12239,Drucker/Scanner,Mittel,A. Bauer,2026-06-08T16:07:00,2026-06-08T20:15:51.897939,4.15,8,False,False
TS-12240,Drucker/Scanner,Hoch,K. Krueger,2026-05-28T10:24:00,2026-05-28T13:27:11.968369,3.05,8,False,True
TS-12241,Drucker/Scanner,Mittel,S. Wagner,2026-03-26T18:42:00,2026-03-26T21:49:12.021758,3.12,8,False,False
TS-12242,Exchange-Umfeld,Hoch,K. Krueger,2026-01-08T10:52:00,2026-01-08T17:45:05.223296,6.88,12,False,False
TS-12243,Exchange-Umfeld,Hoch,M. Fischer,2026-04-06T15:47:00,2026-04-06T18:18:54.519911,2.53,12,False,False
TS-12244,Drucker/Scanner,Hoch,S. Wagner,2026-05-06T18:39:00,2026-05-06T20:48:24.036024,2.16,8,False,True
TS-12245,Exchange-Umfeld,Niedrig,A. Bauer,2026-06-23T15:49:00,2026-06-23T21:32:27.912833,5.72,12,False,False
TS-12246,Interne Fernbetreuung,Niedrig,A. Bauer,2026-06-18T11:39:00,2026-06-18T16:55:50.733938,5.28,12,False,False
TS-12247,Drucker/Scanner,Hoch,M. Fischer,2026-03-10T13:25:00,2026-03-10T18:37:28.685205,5.21,8,False,False
TS-12248,Drucker/Scanner,Niedrig,J. Schulz,2026-06-03T18:10:00,2026-06-04T00:40:21.384955,6.51,8,False,True
TS-12249,Exchange-Umfeld,Niedrig,A. Bauer,2026-01-22T11:08:00,2026-01-22T23:50:02.922901,12.7,12,True,False
TS-12250,Drucker/Scanner,Mittel,J. Schulz,2026-03-10T18:53:00,2026-03-11T02:51:26.258263,7.97,8,False,False
TS-12251,Drucker/Scanner,Mittel,A. Bauer,2026-02-04T18:58:00,2026-02-05T00:52:20.795392,5.91,8,False,True
TS-12252,Interne Fernbetreuung,Niedrig,M. Fischer,2026-05-05T10:46:00,2026-05-05T19:38:58.711882,8.88,12,False,False
TS-12253,Drucker/Scanner,Mittel,A. Bauer,2026-01-07T17:35:00,2026-01-07T20:09:54.092504,2.58,8,False,True
TS-12254,Benutzerverwaltung,Niedrig,K. Krueger,2026-04-27T10:38:00,2026-04-27T13:27:36.051128,2.83,6,False,False
TS-12255,Drucker/Scanner,Mittel,K. Krueger,2026-05-12T18:14:00,2026-05-12T20:19:43.966112,2.1,8,False,True
TS-12256,Benutzerverwaltung,Hoch,K. Krueger,2026-05-25T09:41:00,2026-05-25T11:48:28.405083,2.12,6,False,False
TS-12257,Benutzerverwaltung,Niedrig,L. Hoffmann,2026-06-17T15:51:00,2026-06-17T18:37:28.543306,2.77,6,False,True
TS-12258,Drucker/Scanner,Hoch,S. Wagner,2026-05-07T10:46:00,2026-05-07T15:40:51.172481,4.91,8,False,False
TS-12259,Drucker/Scanner,Niedrig,L. Hoffmann,2026-04-07T07:25:00,2026-04-07T10:42:43.846724,3.3,8,False,False
TS-12260,Benutzerverwaltung,Mittel,K. Krueger,2026-01-06T11:07:00,2026-01-06T12:59:17.211375,1.87,6,False,False
TS-12261,Exchange-Umfeld,Niedrig,A. Bauer,2026-06-19T09:27:00,2026-06-19T21:04:46.793198,11.63,12,False,False
TS-12262,Interne Fernbetreuung,Niedrig,M. Fischer,2026-01-12T13:36:00,2026-01-12T18:56:37.781041,5.34,12,False,False
TS-12263,Drucker/Scanner,Niedrig,A. Bauer,2026-05-12T07:36:00,2026-05-12T12:02:51.135552,4.45,8,False,True
TS-12264,Drucker/Scanner,Mittel,S. Wagner,2026-04-21T13:28:00,2026-04-21T19:27:49.604921,6.0,8,False,False
TS-12265,Interne Fernbetreuung,Mittel,S. Wagner,2026-02-10T11:17:00,2026-02-10T17:15:53.766005,5.98,12,False,False
TS-12266,Benutzerverwaltung,Niedrig,A. Bauer,2026-05-08T11:07:00,2026-05-08T15:58:45.041113,4.86,6,False,True
TS-12267,Interne Fernbetreuung,Niedrig,J. Schulz,2026-01-15T13:18:00,2026-01-15T22:37:50.153996,9.33,12,False,False
TS-12268,Drucker/Scanner,Mittel,M. Fischer,2026-01-08T16:12:00,2026-01-08T21:22:40.519657,5.18,8,False,False
TS-12269,Benutzerverwaltung,Hoch,K. Krueger,2026-04-08T17:24:00,2026-04-08T22:01:36.517452,4.63,6,False,False
TS-12270,Exchange-Umfeld,Niedrig,M. Fischer,2026-05-12T07:17:00,2026-05-12T19:53:39.817889,12.61,12,True,False
TS-12271,Interne Fernbetreuung,Mittel,M. Fischer,2026-04-02T11:36:00,2026-04-02T16:00:58.412880,4.42,12,False,False
TS-12272,Drucker/Scanner,Mittel,A. Bauer,2026-04-14T11:47:00,2026-04-14T15:29:11.197490,3.7,8,False,False
TS-12273,Drucker/Scanner,Mittel,L. Hoffmann,2026-02-02T13:57:00,2026-02-02T18:21:35.559833,4.41,8,False,False
TS-12274,Interne Fernbetreuung,Mittel,M. Fischer,2026-06-10T09:20:00,2026-06-10T09:35:00,0.25,12,False,False
TS-12275,Interne Fernbetreuung,Niedrig,S. Wagner,2026-01-15T09:26:00,2026-01-15T18:53:30.738045,9.46,12,False,False
TS-12276,Interne Fernbetreuung,Niedrig,J. Schulz,2026-04-14T14:30:00,2026-04-14T20:12:13.241808,5.7,12,False,False
TS-12277,Drucker/Scanner,Niedrig,J. Schulz,2026-04-09T10:52:00,2026-04-09T13:57:03.705229,3.08,8,False,False
TS-12278,Drucker/Scanner,Mittel,J. Schulz,2026-05-28T15:03:00,2026-05-28T16:48:57.250505,1.77,8,False,False
TS-12279,Exchange-Umfeld,Niedrig,L. Hoffmann,2026-03-25T15:41:00,2026-03-26T04:43:00.778204,13.03,12,True,False
TS-12280,Exchange-Umfeld,Niedrig,L. Hoffmann,2026-01-01T13:09:00,2026-01-02T07:34:04.401561,18.42,12,True,False
TS-12281,Interne Fernbetreuung,Niedrig,J. Schulz,2026-02-02T18:12:00,2026-02-03T04:44:30.520490,10.54,12,False,False
TS-12282,Exchange-Umfeld,Mittel,A. Bauer,2026-04-27T13:31:00,2026-04-27T19:40:30.437083,6.16,12,False,False
TS-12283,Interne Fernbetreuung,Niedrig,J. Schulz,2026-01-23T18:11:00,2026-01-24T03:47:23.155375,9.61,12,False,False
TS-12284,Drucker/Scanner,Mittel,M. Fischer,2026-01-27T09:56:00,2026-01-27T13:44:29.025338,3.81,8,False,True
TS-12285,Drucker/Scanner,Mittel,M. Fischer,2026-04-01T12:18:00,2026-04-01T18:12:15.079484,5.9,8,False,True
TS-12286,Benutzerverwaltung,Niedrig,L. Hoffmann,2026-02-24T09:17:00,2026-02-24T13:28:27.281627,4.19,6,False,True
TS-12287,Drucker/Scanner,Niedrig,J. Schulz,2026-01-28T17:06:00,2026-01-28T22:10:42.999903,5.08,8,False,False
TS-12288,Exchange-Umfeld,Niedrig,A. Bauer,2026-04-10T10:24:00,2026-04-10T11:21:40.060253,0.96,12,False,False
TS-12289,Drucker/Scanner,Hoch,L. Hoffmann,2026-05-28T10:12:00,2026-05-28T10:27:00,0.25,8,False,False
TS-12290,Benutzerverwaltung,Niedrig,K. Krueger,2026-01-20T17:41:00,2026-01-20T19:41:24.757941,2.01,6,False,False
TS-12291,Drucker/Scanner,Hoch,M. Fischer,2026-02-17T08:46:00,2026-02-17T12:20:12.264708,3.57,8,False,False
TS-12292,Interne Fernbetreuung,Mittel,L. Hoffmann,2026-03-24T13:31:00,2026-03-24T21:16:02.893692,7.75,12,False,False
TS-12293,Interne Fernbetreuung,Niedrig,K. Krueger,2026-05-01T17:12:00,2026-05-01T21:29:17.099133,4.29,12,False,False
TS-12294,Interne Fernbetreuung,Hoch,A. Bauer,2026-01-07T11:03:00,2026-01-07T20:53:26.278154,9.84,12,False,False
TS-12295,Interne Fernbetreuung,Niedrig,A. Bauer,2026-01-02T18:55:00,2026-01-02T22:07:04.275566,3.2,12,False,False
TS-12296,Exchange-Umfeld,Niedrig,K. Krueger,2026-06-03T14:55:00,2026-06-04T01:18:51.689803,10.4,12,False,False
TS-12297,Exchange-Umfeld,Mittel,L. Hoffmann,2026-03-11T18:51:00,2026-03-12T05:52:24.335262,11.02,12,False,False
TS-12298,Drucker/Scanner,Mittel,J. Schulz,2026-02-19T07:37:00,2026-02-19T15:00:08.410989,7.39,8,False,True
TS-12299,Benutzerverwaltung,Mittel,A. Bauer,2026-06-10T14:08:00,2026-06-10T16:26:09.070970,2.3,6,False,True
TS-12300,Benutzerverwaltung,Mittel,J. Schulz,2026-02-16T13:39:00,2026-02-16T14:55:28.447658,1.27,6,False,True
TS-12301,Interne Fernbetreuung,Niedrig,S. Wagner,2026-05-13T18:08:00,2026-05-14T01:26:17.189585,7.3,12,False,False
TS-12302,Exchange-Umfeld,Niedrig,L. Hoffmann,2026-03-13T18:20:00,2026-03-14T09:53:01.941789,15.55,12,True,False
TS-12303,Exchange-Umfeld,Niedrig,S. Wagner,2026-03-10T11:57:00,2026-03-10T18:16:33.556510,6.33,12,False,False
TS-12304,Drucker/Scanner,Niedrig,M. Fischer,2026-04-02T14:19:00,2026-04-02T15:23:27.873637,1.07,8,False,True
TS-12305,Benutzerverwaltung,Niedrig,S. Wagner,2026-02-16T14:02:00,2026-02-16T16:53:48.528269,2.86,6,False,True
TS-12306,Benutzerverwaltung,Niedrig,J. Schulz,2026-01-23T08:22:00,2026-01-23T12:58:05.757152,4.6,6,False,True
TS-12307,Exchange-Umfeld,Niedrig,S. Wagner,2026-05-12T15:11:00,2026-05-12T22:19:13.553912,7.14,12,False,False
TS-12308,Drucker/Scanner,Hoch,K. Krueger,2026-06-10T07:57:00,2026-06-10T14:00:21.707095,6.06,8,False,True
TS-12309,Drucker/Scanner,Hoch,K. Krueger,2026-05-04T14:37:00,2026-05-04T14:52:00,0.25,8,False,False
TS-12310,Exchange-Umfeld,Niedrig,K. Krueger,2026-03-05T10:18:00,2026-03-05T18:36:10.281986,8.3,12,False,False
TS-12311,Exchange-Umfeld,Niedrig,J. Schulz,2026-01-23T09:25:00,2026-01-23T22:45:23.550413,13.34,12,True,False
TS-12312,Drucker/Scanner,Niedrig,J. Schulz,2026-05-07T08:37:00,2026-05-07T14:10:26.852567,5.56,8,False,False
TS-12313,Benutzerverwaltung,Hoch,M. Fischer,2026-05-18T17:16:00,2026-05-18T18:42:38.728540,1.44,6,False,True
TS-12314,Benutzerverwaltung,Hoch,K. Krueger,2026-05-26T15:40:00,2026-05-26T18:37:29.017076,2.96,6,False,False
TS-12315,Exchange-Umfeld,Hoch,M. Fischer,2026-05-20T08:20:00,2026-05-20T19:45:50.020046,11.43,12,False,False
TS-12316,Interne Fernbetreuung,Niedrig,K. Krueger,2026-01-01T18:12:00,2026-01-02T00:13:51.657862,6.03,12,False,False
TS-12317,Interne Fernbetreuung,Hoch,L. Hoffmann,2026-05-21T14:55:00,2026-05-21T19:26:59.358480,4.53,12,False,False
TS-12318,Interne Fernbetreuung,Hoch,L. Hoffmann,2026-06-11T16:11:00,2026-06-11T23:02:38.112435,6.86,12,False,False
TS-12319,Drucker/Scanner,Niedrig,K. Krueger,2026-06-12T11:52:00,2026-06-12T14:09:30.586955,2.29,8,False,False
TS-12320,Interne Fernbetreuung,Mittel,S. Wagner,2026-03-18T14:25:00,2026-03-18T20:24:21.876099,5.99,12,False,False
TS-12321,Interne Fernbetreuung,Niedrig,L. Hoffmann,2026-04-06T07:18:00,2026-04-06T18:41:41.691325,11.39,12,False,False
TS-12322,Drucker/Scanner,Niedrig,J. Schulz,2026-04-01T11:53:00,2026-04-01T14:09:17.016579,2.27,8,False,False
TS-12323,Interne Fernbetreuung,Niedrig,S. Wagner,2026-01-13T17:08:00,2026-01-14T00:42:24.715597,7.57,12,False,False
TS-12324,Exchange-Umfeld,Niedrig,L. Hoffmann,2026-01-26T15:32:00,2026-01-27T02:05:33.214135,10.56,12,False,False
TS-12325,Drucker/Scanner,Niedrig,L. Hoffmann,2026-04-07T17:26:00,2026-04-07T21:58:13.322702,4.54,8,False,False
TS-12326,Drucker/Scanner,Hoch,S. Wagner,2026-03-10T16:31:00,2026-03-10T19:32:50.124404,3.03,8,False,True
TS-12327,Benutzerverwaltung,Niedrig,A. Bauer,2026-02-12T18:13:00,2026-02-12T20:59:30.895176,2.78,6,False,False
TS-12328,Benutzerverwaltung,Hoch,A. Bauer,2026-03-20T17:08:00,2026-03-20T22:03:44.161591,4.93,6,False,True
TS-12329,Drucker/Scanner,Niedrig,K. Krueger,2026-05-05T08:28:00,2026-05-05T11:21:08.407033,2.89,8,False,False
TS-12330,Benutzerverwaltung,Mittel,K. Krueger,2026-02-04T11:25:00,2026-02-04T16:24:49.140192,5.0,6,False,True
TS-12331,Drucker/Scanner,Mittel,S. Wagner,2026-02-17T09:56:00,2026-02-17T16:41:44.135950,6.76,8,False,True
TS-12332,Benutzerverwaltung,Niedrig,K. Krueger,2026-04-27T11:32:00,2026-04-27T17:15:58.533609,5.73,6,False,True
TS-12333,Interne Fernbetreuung,Niedrig,L. Hoffmann,2026-04-14T08:51:00,2026-04-14T17:59:40.862586,9.14,12,False,False
TS-12334,Exchange-Umfeld,Mittel,S. Wagner,2026-02-23T16:23:00,2026-02-23T23:04:24.281367,6.69,12,False,False
TS-12335,Interne Fernbetreuung,Mittel,K. Krueger,2026-05-26T15:23:00,2026-05-26T23:23:15.944246,8.0,12,False,False
TS-12336,Interne Fernbetreuung,Niedrig,K. Krueger,2026-06-24T17:59:00,2026-06-25T06:17:09.244087,12.3,12,True,False
TS-12337,Benutzerverwaltung,Niedrig,K. Krueger,2026-02-17T17:21:00,2026-02-17T19:20:10.162040,1.99,6,False,True
TS-12338,Benutzerverwaltung,Hoch,L. Hoffmann,2026-01-26T07:40:00,2026-01-26T09:25:25.438257,1.76,6,False,True
TS-12339,Benutzerverwaltung,Niedrig,L. Hoffmann,2026-05-06T08:07:00,2026-05-06T13:14:37.640523,5.13,6,False,False
TS-12340,Drucker/Scanner,Niedrig,A. Bauer,2026-05-11T12:01:00,2026-05-11T17:03:31.901184,5.04,8,False,False
TS-12341,Benutzerverwaltung,Niedrig,L. Hoffmann,2026-01-22T11:30:00,2026-01-22T13:54:24.599887,2.41,6,False,False
TS-12342,Exchange-Umfeld,Mittel,M. Fischer,2026-06-22T18:11:00,2026-06-23T05:10:22.968849,10.99,12,False,False
TS-12343,Drucker/Scanner,Mittel,M. Fischer,2026-02-09T13:45:00,2026-02-09T17:00:09.091229,3.25,8,False,False
TS-12344,Exchange-Umfeld,Niedrig,K. Krueger,2026-06-25T14:48:00,2026-06-25T22:41:03.283708,7.88,12,False,False
TS-12345,Interne Fernbetreuung,Mittel,L. Hoffmann,2026-05-22T13:08:00,2026-05-22T17:09:14.108888,4.02,12,False,False
TS-12346,Benutzerverwaltung,Hoch,M. Fischer,2026-02-24T15:53:00,2026-02-24T16:35:03.191682,0.7,6,False,False
TS-12347,Exchange-Umfeld,Niedrig,A. Bauer,2026-02-05T09:35:00,2026-02-05T20:19:55.412945,10.75,12,False,False
TS-12348,Drucker/Scanner,Niedrig,A. Bauer,2026-03-24T14:22:00,2026-03-24T16:59:30.917364,2.63,8,False,True
TS-12349,Drucker/Scanner,Hoch,J. Schulz,2026-03-12T16:38:00,2026-03-12T17:50:20.105337,1.21,8,False,True
TS-12350,Interne Fernbetreuung,Niedrig,M. Fischer,2026-03-04T08:25:00,2026-03-04T11:33:18.877306,3.14,12,False,False
TS-12351,Interne Fernbetreuung,Mittel,A. Bauer,2026-02-13T15:12:00,2026-02-14T00:15:53.173457,9.06,12,False,False
TS-12352,Interne Fernbetreuung,Niedrig,L. Hoffmann,2026-02-19T15:19:00,2026-02-19T22:04:13.750641,6.75,12,False,False
TS-12353,Interne Fernbetreuung,Niedrig,L. Hoffmann,2026-06-09T10:23:00,2026-06-09T17:54:07.834310,7.52,12,False,False
TS-12354,Interne Fernbetreuung,Niedrig,A. Bauer,2026-05-19T11:11:00,2026-05-19T12:01:11.870349,0.84,12,False,False
TS-12355,Drucker/Scanner,Hoch,K. Krueger,2026-06-05T16:57:00,2026-06-05T22:58:26.414814,6.02,8,False,False
TS-12356,Interne Fernbetreuung,Niedrig,J. Schulz,2026-03-26T17:43:00,2026-03-27T07:35:34.703801,13.88,12,True,False
TS-12357,Drucker/Scanner,Niedrig,M. Fischer,2026-06-25T15:16:00,2026-06-25T19:28:25.977659,4.21,8,False,False
TS-12358,Benutzerverwaltung,Mittel,L. Hoffmann,2026-05-21T11:14:00,2026-05-21T14:35:49.623938,3.36,6,False,True
TS-12359,Interne Fernbetreuung,Niedrig,A. Bauer,2026-05-25T07:43:00,2026-05-25T09:52:07.413453,2.15,12,False,False
TS-12360,Interne Fernbetreuung,Mittel,M. Fischer,2026-01-13T10:22:00,2026-01-13T18:15:35.238542,7.89,12,False,False
TS-12361,Benutzerverwaltung,Niedrig,L. Hoffmann,2026-02-10T18:12:00,2026-02-10T22:41:57.586711,4.5,6,False,False
TS-12362,Benutzerverwaltung,Hoch,L. Hoffmann,2026-02-18T16:25:00,2026-02-18T18:50:17.819659,2.42,6,False,False
TS-12363,Drucker/Scanner,Niedrig,L. Hoffmann,2026-01-05T13:10:00,2026-01-05T17:35:17.634100,4.42,8,False,False
TS-12364,Benutzerverwaltung,Niedrig,L. Hoffmann,2026-05-07T12:08:00,2026-05-07T14:53:16.110093,2.75,6,False,False
TS-12365,Benutzerverwaltung,Niedrig,A. Bauer,2026-06-08T10:30:00,2026-06-08T13:32:36.117845,3.04,6,False,False
TS-12366,Interne Fernbetreuung,Hoch,K. Krueger,2026-04-24T18:29:00,2026-04-25T02:28:38.278916,7.99,12,False,False
TS-12367,Drucker/Scanner,Niedrig,A. Bauer,2026-01-29T09:17:00,2026-01-29T10:41:02.849160,1.4,8,False,False
TS-12368,Exchange-Umfeld,Mittel,S. Wagner,2026-06-11T07:30:00,2026-06-11T18:39:08.270370,11.15,12,False,False
TS-12369,Exchange-Umfeld,Mittel,J. Schulz,2026-04-13T14:19:00,2026-04-14T05:42:48.649063,15.4,12,True,False
TS-12370,Drucker/Scanner,Mittel,S. Wagner,2026-04-15T18:30:00,2026-04-15T22:00:50.122870,3.51,8,False,True
TS-12371,Drucker/Scanner,Mittel,L. Hoffmann,2026-04-03T18:38:00,2026-04-03T22:33:00.109384,3.92,8,False,False
TS-12372,Drucker/Scanner,Niedrig,L. Hoffmann,2026-01-02T09:45:00,2026-01-02T12:20:24.623754,2.59,8,False,True
TS-12373,Interne Fernbetreuung,Niedrig,J. Schulz,2026-06-25T14:57:00,2026-06-25T17:53:58.233827,2.95,12,False,False
TS-12374,Exchange-Umfeld,Niedrig,M. Fischer,2026-02-26T07:31:00,2026-02-26T16:17:15.440511,8.77,12,False,False
TS-12375,Exchange-Umfeld,Hoch,S. Wagner,2026-01-20T14:29:00,2026-01-20T20:26:06.701754,5.95,12,False,False
TS-12376,Drucker/Scanner,Niedrig,J. Schulz,2026-05-26T13:12:00,2026-05-26T19:39:21.802433,6.46,8,False,True
TS-12377,Benutzerverwaltung,Niedrig,L. Hoffmann,2026-01-22T12:06:00,2026-01-22T15:32:16.688095,3.44,6,False,False
TS-12378,Benutzerverwaltung,Mittel,A. Bauer,2026-03-10T09:05:00,2026-03-10T12:16:30.090848,3.19,6,False,True
TS-12379,Drucker/Scanner,Niedrig,M. Fischer,2026-03-27T07:52:00,2026-03-27T09:52:42.289185,2.01,8,False,False
TS-12380,Drucker/Scanner,Hoch,A. Bauer,2026-02-20T14:12:00,2026-02-20T18:52:01.521256,4.67,8,False,True
TS-12381,Benutzerverwaltung,Hoch,A. Bauer,2026-04-09T10:36:00,2026-04-09T13:04:14.481038,2.47,6,False,True
TS-12382,Benutzerverwaltung,Mittel,S. Wagner,2026-02-06T08:43:00,2026-02-06T11:56:58.619106,3.23,6,False,True
TS-12383,Benutzerverwaltung,Mittel,J. Schulz,2026-01-05T08:52:00,2026-01-05T14:04:26.006161,5.21,6,False,True
TS-12384,Benutzerverwaltung,Mittel,M. Fischer,2026-05-06T08:48:00,2026-05-06T11:27:55.290543,2.67,6,False,False
TS-12385,Interne Fernbetreuung,Hoch,S. Wagner,2026-03-18T08:14:00,2026-03-18T15:36:26.612570,7.37,12,False,False
TS-12386,Interne Fernbetreuung,Hoch,A. Bauer,2026-06-29T07:58:00,2026-06-29T12:06:24.433398,4.14,12,False,False
TS-12387,Drucker/Scanner,Hoch,S. Wagner,2026-06-02T17:22:00,2026-06-02T19:58:41.265545,2.61,8,False,False
TS-12388,Benutzerverwaltung,Mittel,A. Bauer,2026-01-16T10:22:00,2026-01-16T13:56:27.949890,3.57,6,False,False
TS-12389,Benutzerverwaltung,Niedrig,J. Schulz,2026-06-16T12:44:00,2026-06-16T15:59:56.410215,3.27,6,False,False
TS-12390,Benutzerverwaltung,Mittel,S. Wagner,2026-03-17T12:02:00,2026-03-17T13:52:18.519652,1.84,6,False,False
TS-12391,Drucker/Scanner,Hoch,K. Krueger,2026-06-08T08:54:00,2026-06-08T10:39:38.460476,1.76,8,False,True
TS-12392,Benutzerverwaltung,Niedrig,K. Krueger,2026-05-27T07:22:00,2026-05-27T11:41:22.997337,4.32,6,False,True
TS-12393,Drucker/Scanner,Niedrig,M. Fischer,2026-06-17T15:45:00,2026-06-17T19:47:48.183208,4.05,8,False,False
TS-12394,Benutzerverwaltung,Niedrig,J. Schulz,2026-01-22T14:17:00,2026-01-22T15:42:49.619121,1.43,6,False,True
TS-12395,Exchange-Umfeld,Niedrig,K. Krueger,2026-05-11T14:28:00,2026-05-12T00:17:33.959309,9.83,12,False,False
TS-12396,Benutzerverwaltung,Mittel,S. Wagner,2026-02-18T15:25:00,2026-02-18T18:44:43.270500,3.33,6,False,True
TS-12397,Benutzerverwaltung,Mittel,L. Hoffmann,2026-02-12T10:56:00,2026-02-12T15:40:49.266729,4.75,6,False,False
TS-12398,Exchange-Umfeld,Niedrig,K. Krueger,2026-01-21T11:36:00,2026-01-21T17:38:41.470366,6.04,12,False,False
TS-12399,Drucker/Scanner,Hoch,M. Fischer,2026-06-04T13:59:00,2026-06-04T17:22:35.364631,3.39,8,False,True
TS-12400,Exchange-Umfeld,Niedrig,K. Krueger,2026-05-29T17:27:00,2026-05-30T07:59:28.847083,14.54,12,True,False
TS-12401,Drucker/Scanner,Niedrig,M. Fischer,2026-02-03T16:16:00,2026-02-03T16:58:51.194198,0.71,8,False,False
TS-12402,Drucker/Scanner,Niedrig,L. Hoffmann,2026-04-27T18:21:00,2026-04-27T21:06:43.238104,2.76,8,False,True
TS-12403,Interne Fernbetreuung,Hoch,K. Krueger,2026-01-19T08:22:00,2026-01-19T09:55:57.508212,1.57,12,False,False
TS-12404,Interne Fernbetreuung,Mittel,M. Fischer,2026-06-18T14:34:00,2026-06-18T19:29:57.171437,4.93,12,False,False
TS-12405,Interne Fernbetreuung,Niedrig,K. Krueger,2026-06-15T08:35:00,2026-06-15T14:53:31.198615,6.31,12,False,False
TS-12406,Drucker/Scanner,Niedrig,M. Fischer,2026-06-25T07:47:00,2026-06-25T13:19:20.552170,5.54,8,False,False
TS-12407,Benutzerverwaltung,Mittel,J. Schulz,2026-04-28T09:05:00,2026-04-28T10:46:45.994994,1.7,6,False,False
TS-12408,Exchange-Umfeld,Niedrig,L. Hoffmann,2026-06-26T18:39:00,2026-06-27T04:24:51.648941,9.76,12,False,False
TS-12409,Benutzerverwaltung,Niedrig,L. Hoffmann,2026-06-29T08:12:00,2026-06-29T09:09:11.270048,0.95,6,False,False
TS-12410,Drucker/Scanner,Niedrig,A. Bauer,2026-03-31T13:58:00,2026-03-31T21:22:34.109871,7.41,8,False,False
TS-12411,Benutzerverwaltung,Mittel,K. Krueger,2026-03-31T13:20:00,2026-03-31T15:45:02.916118,2.42,6,False,False
TS-12412,Exchange-Umfeld,Mittel,J. Schulz,2026-05-01T16:47:00,2026-05-01T23:17:10.104159,6.5,12,False,False
TS-12413,Benutzerverwaltung,Niedrig,S. Wagner,2026-03-30T10:54:00,2026-03-30T15:37:12.842242,4.72,6,False,False
TS-12414,Exchange-Umfeld,Niedrig,L. Hoffmann,2026-01-21T18:20:00,2026-01-22T05:30:12.300195,11.17,12,False,False
TS-12415,Benutzerverwaltung,Niedrig,A. Bauer,2026-03-11T10:36:00,2026-03-11T12:59:33.928713,2.39,6,False,False
TS-12416,Interne Fernbetreuung,Niedrig,S. Wagner,2026-02-20T17:14:00,2026-02-20T18:07:33.805935,0.89,12,False,False
TS-12417,Exchange-Umfeld,Niedrig,S. Wagner,2026-02-19T14:06:00,2026-02-19T23:05:58.745016,9.0,12,False,False
TS-12418,Exchange-Umfeld,Niedrig,A. Bauer,2026-03-16T09:32:00,2026-03-16T20:33:50.149217,11.03,12,False,False
TS-12419,Benutzerverwaltung,Hoch,A. Bauer,2026-04-16T16:23:00,2026-04-16T20:15:52.783769,3.88,6,False,True
TS-12420,Drucker/Scanner,Niedrig,L. Hoffmann,2026-06-09T07:49:00,2026-06-09T12:24:46.663510,4.6,8,False,False
TS-12421,Benutzerverwaltung,Hoch,K. Krueger,2026-01-06T14:10:00,2026-01-06T15:51:15.131038,1.69,6,False,False
TS-12422,Benutzerverwaltung,Niedrig,M. Fischer,2026-03-31T13:08:00,2026-03-31T16:01:37.179046,2.89,6,False,False
TS-12423,Drucker/Scanner,Niedrig,M. Fischer,2026-02-18T17:00:00,2026-02-18T19:05:57.653872,2.1,8,False,False
TS-12424,Drucker/Scanner,Mittel,K. Krueger,2026-02-18T15:30:00,2026-02-18T19:39:32.958921,4.16,8,False,False
TS-12425,Drucker/Scanner,Niedrig,A. Bauer,2026-02-13T08:53:00,2026-02-13T11:31:33.357995,2.64,8,False,False
TS-12426,Benutzerverwaltung,Mittel,K. Krueger,2026-03-10T16:27:00,2026-03-10T18:45:50.113412,2.31,6,False,True
TS-12427,Interne Fernbetreuung,Hoch,K. Krueger,2026-01-26T12:53:00,2026-01-26T18:27:04.980616,5.57,12,False,False
TS-12428,Drucker/Scanner,Niedrig,L. Hoffmann,2026-04-29T13:18:00,2026-04-29T18:38:08.843552,5.34,8,False,True
TS-12429,Benutzerverwaltung,Hoch,L. Hoffmann,2026-02-26T08:06:00,2026-02-26T13:00:59.659618,4.92,6,False,False
TS-12430,Benutzerverwaltung,Mittel,K. Krueger,2026-05-14T09:14:00,2026-05-14T13:07:56.714052,3.9,6,False,False
TS-12431,Interne Fernbetreuung,Hoch,M. Fischer,2026-04-06T09:09:00,2026-04-06T09:24:00,0.25,12,False,False
TS-12432,Drucker/Scanner,Niedrig,M. Fischer,2026-06-22T11:14:00,2026-06-22T13:30:13.259011,2.27,8,False,False
TS-12433,Benutzerverwaltung,Niedrig,M. Fischer,2026-02-18T12:23:00,2026-02-18T16:04:25.245054,3.69,6,False,True
TS-12434,Drucker/Scanner,Niedrig,A. Bauer,2026-06-08T08:53:00,2026-06-08T13:39:46.822917,4.78,8,False,True
TS-12435,Benutzerverwaltung,Niedrig,S. Wagner,2026-03-03T13:10:00,2026-03-03T17:21:35.642657,4.19,6,False,True
TS-12436,Exchange-Umfeld,Mittel,M. Fischer,2026-02-16T15:54:00,2026-02-17T03:39:03.250202,11.75,12,False,False
TS-12437,Exchange-Umfeld,Mittel,L. Hoffmann,2026-02-23T07:42:00,2026-02-23T19:17:02.239308,11.58,12,False,False
TS-12438,Drucker/Scanner,Niedrig,K. Krueger,2026-06-22T18:34:00,2026-06-23T00:36:35.685726,6.04,8,False,False
TS-12439,Benutzerverwaltung,Niedrig,S. Wagner,2026-06-25T08:06:00,2026-06-25T10:40:24.018518,2.57,6,False,False
TS-12440,Exchange-Umfeld,Niedrig,J. Schulz,2026-02-11T08:18:00,2026-02-11T23:16:05.403161,14.97,12,True,False
TS-12441,Benutzerverwaltung,Mittel,L. Hoffmann,2026-01-20T07:54:00,2026-01-20T09:52:30.734073,1.98,6,False,False
TS-12442,Benutzerverwaltung,Niedrig,A. Bauer,2026-05-28T11:36:00,2026-05-28T17:04:44.599390,5.48,6,False,True
TS-12443,Benutzerverwaltung,Niedrig,A. Bauer,2026-01-20T15:16:00,2026-01-20T19:22:49.026513,4.11,6,False,False
TS-12444,Drucker/Scanner,Niedrig,K. Krueger,2026-06-15T15:47:00,2026-06-15T21:24:04.440869,5.62,8,False,False
TS-12445,Drucker/Scanner,Niedrig,K. Krueger,2026-01-13T09:22:00,2026-01-13T10:52:20.173470,1.51,8,False,True
TS-12446,Interne Fernbetreuung,Niedrig,M. Fischer,2026-04-17T11:46:00,2026-04-17T18:06:49.089166,6.35,12,False,False
TS-12447,Benutzerverwaltung,Mittel,M. Fischer,2026-06-22T16:38:00,2026-06-22T19:26:01.782622,2.8,6,False,False
TS-12448,Interne Fernbetreuung,Niedrig,K. Krueger,2026-03-19T14:00:00,2026-03-19T20:25:27.511936,6.42,12,False,False
TS-12449,Exchange-Umfeld,Mittel,J. Schulz,2026-03-27T10:03:00,2026-03-27T17:26:45.435190,7.4,12,False,False
TS-12450,Benutzerverwaltung,Mittel,M. Fischer,2026-05-13T16:17:00,2026-05-13T19:34:27.226223,3.29,6,False,False
TS-12451,Benutzerverwaltung,Niedrig,K. Krueger,2026-01-05T12:14:00,2026-01-05T13:32:15.617920,1.3,6,False,False
TS-12452,Benutzerverwaltung,Niedrig,S. Wagner,2026-05-19T17:55:00,2026-05-19T19:00:49.530096,1.1,6,False,False
TS-12453,Interne Fernbetreuung,Mittel,A. Bauer,2026-06-11T12:30:00,2026-06-11T12:45:00,0.25,12,False,False
TS-12454,Exchange-Umfeld,Mittel,S. Wagner,2026-02-24T17:10:00,2026-02-25T01:55:16.425965,8.75,12,False,False
TS-12455,Interne Fernbetreuung,Niedrig,S. Wagner,2026-03-06T13:39:00,2026-03-07T00:51:51.329103,11.21,12,False,False
TS-12456,Benutzerverwaltung,Mittel,J. Schulz,2026-06-18T08:51:00,2026-06-18T11:28:13.471672,2.62,6,False,False
TS-12457,Benutzerverwaltung,Hoch,S. Wagner,2026-01-16T13:39:00,2026-01-16T16:36:43.776562,2.96,6,False,False
TS-12458,Drucker/Scanner,Mittel,L. Hoffmann,2026-05-22T12:41:00,2026-05-22T16:39:10.406168,3.97,8,False,True
TS-12459,Exchange-Umfeld,Mittel,K. Krueger,2026-05-25T07:13:00,2026-05-25T07:28:00,0.25,12,False,False
TS-12460,Drucker/Scanner,Mittel,K. Krueger,2026-06-17T17:05:00,2026-06-17T19:21:47.340809,2.28,8,False,False
TS-12461,Exchange-Umfeld,Niedrig,M. Fischer,2026-03-25T16:29:00,2026-03-26T02:41:41.124203,10.21,12,False,False
TS-12462,Exchange-Umfeld,Hoch,A. Bauer,2026-05-18T17:12:00,2026-05-19T04:58:38.591964,11.78,12,False,False
TS-12463,Exchange-Umfeld,Niedrig,K. Krueger,2026-01-26T15:34:00,2026-01-26T23:25:30.751486,7.86,12,False,False
TS-12464,Interne Fernbetreuung,Niedrig,J. Schulz,2026-06-18T17:35:00,2026-06-19T03:14:16.264723,9.65,12,False,False
TS-12465,Drucker/Scanner,Niedrig,J. Schulz,2026-05-18T10:33:00,2026-05-18T11:40:44.718728,1.13,8,False,True
TS-12466,Benutzerverwaltung,Niedrig,J. Schulz,2026-04-01T07:34:00,2026-04-01T12:11:46.953472,4.63,6,False,False
TS-12467,Benutzerverwaltung,Mittel,L. Hoffmann,2026-02-13T10:36:00,2026-02-13T12:05:32.489148,1.49,6,False,False
TS-12468,Benutzerverwaltung,Niedrig,L. Hoffmann,2026-04-29T07:05:00,2026-04-29T11:00:49.268417,3.93,6,False,False
TS-12469,Benutzerverwaltung,Niedrig,M. Fischer,2026-04-28T10:03:00,2026-04-28T13:05:00.253885,3.03,6,False,False
TS-12470,Drucker/Scanner,Niedrig,M. Fischer,2026-03-17T16:51:00,2026-03-17T20:48:23.393677,3.96,8,False,True
TS-12471,Drucker/Scanner,Mittel,M. Fischer,2026-03-11T18:58:00,2026-03-11T19:31:17.454805,0.55,8,False,True
TS-12472,Interne Fernbetreuung,Mittel,S. Wagner,2026-03-18T08:11:00,2026-03-18T11:21:54.108261,3.18,12,False,False
TS-12473,Interne Fernbetreuung,Mittel,A. Bauer,2026-06-24T14:12:00,2026-06-24T20:10:33.559527,5.98,12,False,False
TS-12474,Exchange-Umfeld,Mittel,S. Wagner,2026-02-24T16:11:00,2026-02-24T20:40:17.422063,4.49,12,False,False
TS-12475,Interne Fernbetreuung,Niedrig,L. Hoffmann,2026-02-05T12:13:00,2026-02-05T15:10:07.647796,2.95,12,False,False
TS-12476,Benutzerverwaltung,Mittel,A. Bauer,2026-05-01T14:12:00,2026-05-01T15:54:33.627249,1.71,6,False,False
TS-12477,Drucker/Scanner,Niedrig,A. Bauer,2026-06-24T13:09:00,2026-06-24T17:27:32.926191,4.31,8,False,True
TS-12478,Exchange-Umfeld,Mittel,J. Schulz,2026-06-17T13:42:00,2026-06-17T23:44:17.051018,10.04,12,False,False
TS-12479,Drucker/Scanner,Mittel,A. Bauer,2026-02-09T12:42:00,2026-02-09T12:57:51.256575,0.26,8,False,False
TS-12480,Benutzerverwaltung,Niedrig,K. Krueger,2026-06-24T12:08:00,2026-06-24T14:16:54.639371,2.15,6,False,True
TS-12481,Interne Fernbetreuung,Hoch,J. Schulz,2026-04-15T07:52:00,2026-04-15T17:29:13.478569,9.62,12,False,False
TS-12482,Exchange-Umfeld,Niedrig,J. Schulz,2026-04-03T14:50:00,2026-04-03T23:54:21.731800,9.07,12,False,False
TS-12483,Exchange-Umfeld,Niedrig,A. Bauer,2026-06-15T07:07:00,2026-06-15T11:07:46.700949,4.01,12,False,False
TS-12484,Drucker/Scanner,Mittel,M. Fischer,2026-01-21T15:37:00,2026-01-21T17:35:55.116697,1.98,8,False,True
TS-12485,Benutzerverwaltung,Niedrig,K. Krueger,2026-05-14T11:26:00,2026-05-14T14:25:09.530335,2.99,6,False,False
TS-12486,Benutzerverwaltung,Niedrig,K. Krueger,2026-04-06T11:20:00,2026-04-06T11:35:00,0.25,6,False,True
TS-12487,Drucker/Scanner,Mittel,S. Wagner,2026-01-15T18:36:00,2026-01-15T21:25:27.044100,2.82,8,False,False
TS-12488,Interne Fernbetreuung,Niedrig,J. Schulz,2026-04-06T10:14:00,2026-04-06T17:53:26.058054,7.66,12,False,False
TS-12489,Benutzerverwaltung,Niedrig,A. Bauer,2026-04-27T11:03:00,2026-04-27T15:15:26.529359,4.21,6,False,False
TS-12490,Benutzerverwaltung,Mittel,M. Fischer,2026-03-31T08:52:00,2026-03-31T11:46:57.723783,2.92,6,False,False
TS-12491,Interne Fernbetreuung,Niedrig,J. Schulz,2026-04-23T15:23:00,2026-04-23T20:38:55.190738,5.27,12,False,False
TS-12492,Benutzerverwaltung,Niedrig,K. Krueger,2026-05-20T15:10:00,2026-05-20T17:28:01.930231,2.3,6,False,False
TS-12493,Drucker/Scanner,Hoch,J. Schulz,2026-01-09T09:43:00,2026-01-09T10:33:49.363756,0.85,8,False,False
TS-12494,Exchange-Umfeld,Niedrig,J. Schulz,2026-02-27T15:01:00,2026-02-28T02:52:00.249884,11.85,12,False,False
TS-12495,Drucker/Scanner,Mittel,J. Schulz,2026-05-06T11:58:00,2026-05-06T14:45:44.780251,2.8,8,False,False
TS-12496,Exchange-Umfeld,Niedrig,A. Bauer,2026-06-26T09:22:00,2026-06-26T17:44:47.746131,8.38,12,False,False
TS-12497,Benutzerverwaltung,Mittel,K. Krueger,2026-06-01T09:39:00,2026-06-01T09:54:00,0.25,6,False,False
TS-12498,Drucker/Scanner,Mittel,M. Fischer,2026-02-13T18:07:00,2026-02-13T21:46:21.676309,3.66,8,False,False
TS-12499,Interne Fernbetreuung,Niedrig,K. Krueger,2026-01-30T14:37:00,2026-01-31T00:36:34.672373,9.99,12,False,False
TS-12500,Exchange-Umfeld,Niedrig,M. Fischer,2026-04-15T16:32:00,2026-04-15T18:52:47.845053,2.35,12,False,False
TS-12501,Interne Fernbetreuung,Niedrig,J. Schulz,2026-05-25T08:23:00,2026-05-25T13:16:48.694429,4.9,12,False,False
TS-12502,Exchange-Umfeld,Mittel,M. Fischer,2026-03-11T07:17:00,2026-03-11T20:20:45.894174,13.06,12,True,False
TS-12503,Drucker/Scanner,Niedrig,S. Wagner,2026-03-12T16:20:00,2026-03-12T20:42:24.506479,4.37,8,False,False
TS-12504,Exchange-Umfeld,Mittel,K. Krueger,2026-01-16T07:52:00,2026-01-16T18:38:51.971026,10.78,12,False,False
TS-12505,Benutzerverwaltung,Niedrig,S. Wagner,2026-02-03T15:33:00,2026-02-03T15:48:00,0.25,6,False,False
TS-12506,Drucker/Scanner,Mittel,J. Schulz,2026-02-09T08:43:00,2026-02-09T11:46:16.135354,3.05,8,False,True
TS-12507,Interne Fernbetreuung,Hoch,M. Fischer,2026-06-02T11:18:00,2026-06-02T12:44:28.474744,1.44,12,False,False
TS-12508,Drucker/Scanner,Hoch,K. Krueger,2026-06-29T12:16:00,2026-06-29T19:35:11.705249,7.32,8,False,False
TS-12509,Drucker/Scanner,Niedrig,S. Wagner,2026-05-01T10:51:00,2026-05-01T13:41:11.055836,2.84,8,False,True
TS-12510,Exchange-Umfeld,Niedrig,K. Krueger,2026-03-16T17:29:00,2026-03-17T06:40:44.495988,13.2,12,True,False
TS-12511,Benutzerverwaltung,Niedrig,K. Krueger,2026-06-30T17:30:00,2026-06-30T19:25:05.501038,1.92,6,False,False
TS-12512,Drucker/Scanner,Mittel,K. Krueger,2026-06-04T09:35:00,2026-06-04T15:01:32.422370,5.44,8,False,False
TS-12513,Drucker/Scanner,Mittel,S. Wagner,2026-05-18T13:14:00,2026-05-18T15:59:21.426511,2.76,8,False,False
TS-12514,Interne Fernbetreuung,Niedrig,S. Wagner,2026-05-29T17:01:00,2026-05-29T23:04:05.495669,6.05,12,False,False
TS-12515,Drucker/Scanner,Mittel,L. Hoffmann,2026-03-06T07:08:00,2026-03-06T11:00:07.724282,3.87,8,False,True
TS-12516,Drucker/Scanner,Niedrig,M. Fischer,2026-03-06T11:31:00,2026-03-06T19:00:30.883343,7.49,8,False,False
TS-12517,Exchange-Umfeld,Mittel,M. Fischer,2026-04-06T08:50:00,2026-04-06T18:43:10.482356,9.89,12,False,False
TS-12518,Drucker/Scanner,Niedrig,S. Wagner,2026-02-18T11:45:00,2026-02-18T17:22:48.126988,5.63,8,False,False
TS-12519,Drucker/Scanner,Mittel,L. Hoffmann,2026-02-23T07:31:00,2026-02-23T10:32:45.555591,3.03,8,False,True
TS-12520,Drucker/Scanner,Niedrig,L. Hoffmann,2026-02-13T10:23:00,2026-02-13T15:38:18.659942,5.26,8,False,False
TS-12521,Interne Fernbetreuung,Mittel,M. Fischer,2026-02-20T09:03:00,2026-02-20T18:20:35.343632,9.29,12,False,False
TS-12522,Drucker/Scanner,Mittel,A. Bauer,2026-05-18T16:57:00,2026-05-18T20:37:49.546012,3.68,8,False,True
TS-12523,Benutzerverwaltung,Mittel,L. Hoffmann,2026-04-01T16:03:00,2026-04-01T20:10:49.466530,4.13,6,False,False
TS-12524,Benutzerverwaltung,Hoch,S. Wagner,2026-03-23T15:16:00,2026-03-23T20:03:19.069423,4.79,6,False,True
TS-12525,Benutzerverwaltung,Hoch,J. Schulz,2026-02-04T10:27:00,2026-02-04T13:16:51.327885,2.83,6,False,True
TS-12526,Benutzerverwaltung,Niedrig,A. Bauer,2026-03-26T08:18:00,2026-03-26T08:36:05.501242,0.3,6,False,True
TS-12527,Drucker/Scanner,Niedrig,L. Hoffmann,2026-02-23T16:52:00,2026-02-23T23:36:15.606236,6.74,8,False,False
TS-12528,Benutzerverwaltung,Niedrig,K. Krueger,2026-01-29T17:33:00,2026-01-29T21:15:18.407556,3.71,6,False,True
TS-12529,Benutzerverwaltung,Niedrig,A. Bauer,2026-04-30T14:53:00,2026-04-30T18:35:48.773899,3.71,6,False,False
TS-12530,Drucker/Scanner,Mittel,M. Fischer,2026-01-13T07:45:00,2026-01-13T10:33:17.887172,2.8,8,False,False
TS-12531,Benutzerverwaltung,Niedrig,A. Bauer,2026-03-17T17:27:00,2026-03-17T21:44:10.194663,4.29,6,False,True
TS-12532,Exchange-Umfeld,Niedrig,A. Bauer,2026-05-04T18:13:00,2026-05-05T03:27:01.778695,9.23,12,False,False
TS-12533,Interne Fernbetreuung,Mittel,M. Fischer,2026-02-06T14:44:00,2026-02-07T00:48:25.264858,10.07,12,False,False
TS-12534,Interne Fernbetreuung,Mittel,J. Schulz,2026-04-13T07:14:00,2026-04-13T07:29:00,0.25,12,False,False
TS-12535,Exchange-Umfeld,Mittel,A. Bauer,2026-02-02T12:26:00,2026-02-02T20:45:40.085866,8.33,12,False,False
TS-12536,Exchange-Umfeld,Niedrig,J. Schulz,2026-01-15T16:01:00,2026-01-16T06:12:18.481171,14.19,12,True,False
TS-12537,Benutzerverwaltung,Hoch,K. Krueger,2026-03-17T17:33:00,2026-03-17T20:33:19.179367,3.01,6,False,True
TS-12538,Exchange-Umfeld,Hoch,L. Hoffmann,2026-06-26T13:09:00,2026-06-26T22:57:05.406375,9.8,12,False,False
TS-12539,Benutzerverwaltung,Mittel,A. Bauer,2026-03-13T17:14:00,2026-03-13T21:34:16.979953,4.34,6,False,True
TS-12540,Exchange-Umfeld,Niedrig,K. Krueger,2026-04-06T12:50:00,2026-04-06T23:35:44.592433,10.76,12,False,False
TS-12541,Drucker/Scanner,Niedrig,L. Hoffmann,2026-06-11T13:00:00,2026-06-11T17:03:52.286541,4.06,8,False,False
TS-12542,Benutzerverwaltung,Mittel,M. Fischer,2026-03-31T18:23:00,2026-03-31T21:59:32.257672,3.61,6,False,True
TS-12543,Exchange-Umfeld,Niedrig,K. Krueger,2026-01-09T14:43:00,2026-01-10T02:35:58.167738,11.88,12,False,False
TS-12544,Benutzerverwaltung,Niedrig,L. Hoffmann,2026-05-05T15:35:00,2026-05-05T19:24:05.138092,3.82,6,False,True
TS-12545,Benutzerverwaltung,Niedrig,A. Bauer,2026-01-19T18:46:00,2026-01-19T23:24:06.847479,4.64,6,False,False
TS-12546,Benutzerverwaltung,Niedrig,S. Wagner,2026-03-05T07:28:00,2026-03-05T10:49:59.164995,3.37,6,False,False
TS-12547,Interne Fernbetreuung,Niedrig,L. Hoffmann,2026-02-09T11:44:00,2026-02-09T19:28:25.061299,7.74,12,False,False
TS-12548,Drucker/Scanner,Hoch,K. Krueger,2026-03-24T15:06:00,2026-03-24T17:54:57.628318,2.82,8,False,False
TS-12549,Drucker/Scanner,Niedrig,S. Wagner,2026-01-08T18:37:00,2026-01-08T19:28:29.202596,0.86,8,False,True
TS-12550,Benutzerverwaltung,Niedrig,M. Fischer,2026-03-26T09:58:00,2026-03-26T10:52:13.335110,0.9,6,False,False
TS-12551,Benutzerverwaltung,Niedrig,L. Hoffmann,2026-03-30T07:00:00,2026-03-30T11:32:50.206280,4.55,6,False,False
TS-12552,Exchange-Umfeld,Niedrig,M. Fischer,2026-04-23T17:16:00,2026-04-23T22:25:39.075125,5.16,12,False,False
TS-12553,Benutzerverwaltung,Niedrig,A. Bauer,2026-01-30T12:16:00,2026-01-30T16:50:38.108468,4.58,6,False,False
TS-12554,Drucker/Scanner,Mittel,S. Wagner,2026-03-12T13:49:00,2026-03-12T15:24:55.701438,1.6,8,False,False
TS-12555,Benutzerverwaltung,Hoch,J. Schulz,2026-01-06T12:39:00,2026-01-06T13:49:42.369269,1.18,6,False,True
TS-12556,Drucker/Scanner,Niedrig,M. Fischer,2026-03-02T12:21:00,2026-03-02T17:16:45.726785,4.93,8,False,False
TS-12557,Exchange-Umfeld,Hoch,S. Wagner,2026-05-12T16:55:00,2026-05-12T22:21:35.415679,5.44,12,False,False
TS-12558,Drucker/Scanner,Niedrig,A. Bauer,2026-03-04T16:35:00,2026-03-04T17:49:20.929313,1.24,8,False,False
TS-12559,Drucker/Scanner,Niedrig,M. Fischer,2026-06-23T13:35:00,2026-06-23T17:16:11.509777,3.69,8,False,False
TS-12560,Benutzerverwaltung,Hoch,K. Krueger,2026-06-26T17:50:00,2026-06-26T18:17:24.734864,0.46,6,False,False
TS-12561,Interne Fernbetreuung,Niedrig,A. Bauer,2026-01-09T15:36:00,2026-01-09T18:57:00.149783,3.35,12,False,False
TS-12562,Exchange-Umfeld,Mittel,A. Bauer,2026-05-27T18:57:00,2026-05-28T04:42:24.664375,9.76,12,False,False
TS-12563,Benutzerverwaltung,Mittel,L. Hoffmann,2026-04-29T18:00:00,2026-04-29T20:09:42.387221,2.16,6,False,True
TS-12564,Interne Fernbetreuung,Niedrig,K. Krueger,2026-04-10T09:59:00,2026-04-10T20:39:33.097493,10.68,12,False,False
TS-12565,Benutzerverwaltung,Mittel,J. Schulz,2026-06-12T13:28:00,2026-06-12T16:19:09.423340,2.85,6,False,True
TS-12566,Drucker/Scanner,Niedrig,L. Hoffmann,2026-05-04T13:03:00,2026-05-04T16:58:24.136752,3.92,8,False,True
TS-12567,Exchange-Umfeld,Hoch,A. Bauer,2026-06-10T17:37:00,2026-06-10T20:31:25.132814,2.91,12,False,False
TS-12568,Benutzerverwaltung,Mittel,M. Fischer,2026-03-03T07:23:00,2026-03-03T11:36:08.005031,4.22,6,False,False
TS-12569,Interne Fernbetreuung,Niedrig,M. Fischer,2026-01-23T17:10:00,2026-01-24T01:01:07.170270,7.85,12,False,False
TS-12570,Drucker/Scanner,Niedrig,K. Krueger,2026-04-07T08:16:00,2026-04-07T10:03:28.795613,1.79,8,False,False
TS-12571,Benutzerverwaltung,Mittel,L. Hoffmann,2026-02-18T18:53:00,2026-02-18T21:39:09.499257,2.77,6,False,False
TS-12572,Benutzerverwaltung,Mittel,M. Fischer,2026-04-29T10:25:00,2026-04-29T12:32:29.888426,2.12,6,False,True
TS-12573,Interne Fernbetreuung,Hoch,S. Wagner,2026-01-20T18:39:00,2026-01-21T05:59:12.604359,11.34,12,False,False
TS-12574,Benutzerverwaltung,Mittel,M. Fischer,2026-04-29T13:02:00,2026-04-29T17:35:32.510010,4.56,6,False,False
TS-12575,Interne Fernbetreuung,Mittel,L. Hoffmann,2026-06-25T11:38:00,2026-06-25T14:23:19.794082,2.76,12,False,False
TS-12576,Drucker/Scanner,Hoch,S. Wagner,2026-04-02T10:10:00,2026-04-02T12:13:32.366988,2.06,8,False,False
TS-12577,Interne Fernbetreuung,Niedrig,S. Wagner,2026-04-13T12:50:00,2026-04-13T20:28:46.979598,7.65,12,False,False
TS-12578,Drucker/Scanner,Hoch,S. Wagner,2026-02-04T16:04:00,2026-02-04T22:39:00.005399,6.58,8,False,False
TS-12579,Drucker/Scanner,Niedrig,S. Wagner,2026-04-23T18:12:00,2026-04-24T00:28:08.433876,6.27,8,False,False
TS-12580,Drucker/Scanner,Mittel,S. Wagner,2026-02-23T14:26:00,2026-02-23T23:08:31.138277,8.71,8,True,False
TS-12581,Benutzerverwaltung,Hoch,S. Wagner,2026-05-22T09:06:00,2026-05-22T11:17:39.121137,2.19,6,False,False
TS-12582,Exchange-Umfeld,Mittel,M. Fischer,2026-04-01T09:12:00,2026-04-01T19:46:23.136447,10.57,12,False,False
TS-12583,Benutzerverwaltung,Niedrig,L. Hoffmann,2026-04-17T15:20:00,2026-04-17T17:58:10.588425,2.64,6,False,True
TS-12584,Drucker/Scanner,Mittel,S. Wagner,2026-03-11T13:44:00,2026-03-11T18:27:41.859644,4.73,8,False,False
TS-12585,Drucker/Scanner,Niedrig,A. Bauer,2026-01-29T18:31:00,2026-01-29T18:46:00,0.25,8,False,False
TS-12586,Benutzerverwaltung,Niedrig,L. Hoffmann,2026-01-12T16:49:00,2026-01-12T17:51:33.720680,1.04,6,False,True
TS-12587,Benutzerverwaltung,Niedrig,K. Krueger,2026-04-01T16:52:00,2026-04-01T19:50:13.203803,2.97,6,False,False
TS-12588,Drucker/Scanner,Hoch,M. Fischer,2026-05-05T16:14:00,2026-05-05T22:03:45.535898,5.83,8,False,True
TS-12589,Exchange-Umfeld,Niedrig,S. Wagner,2026-04-20T10:25:00,2026-04-20T21:33:06.746199,11.14,12,False,False
TS-12590,Interne Fernbetreuung,Niedrig,K. Krueger,2026-04-07T18:56:00,2026-04-08T03:24:00.820226,8.47,12,False,False
TS-12591,Benutzerverwaltung,Hoch,S. Wagner,2026-02-18T10:33:00,2026-02-18T11:58:51.475250,1.43,6,False,True
TS-12592,Drucker/Scanner,Mittel,L. Hoffmann,2026-05-13T14:38:00,2026-05-13T17:11:08.699181,2.55,8,False,True
TS-12593,Drucker/Scanner,Niedrig,S. Wagner,2026-02-09T07:14:00,2026-02-09T10:17:05.164626,3.05,8,False,False
TS-12594,Interne Fernbetreuung,Hoch,M. Fischer,2026-02-16T17:48:00,2026-02-17T05:24:40.549728,11.61,12,False,False
TS-12595,Drucker/Scanner,Mittel,S. Wagner,2026-06-24T11:25:00,2026-06-24T16:26:09.201300,5.02,8,False,True
TS-12596,Exchange-Umfeld,Niedrig,L. Hoffmann,2026-02-12T12:01:00,2026-02-13T03:07:09.123637,15.1,12,True,False
TS-12597,Exchange-Umfeld,Mittel,S. Wagner,2026-04-14T16:06:00,2026-04-15T02:45:05.810541,10.65,12,False,False
TS-12598,Drucker/Scanner,Mittel,S. Wagner,2026-06-24T11:15:00,2026-06-24T14:44:32.862606,3.49,8,False,False
TS-12599,Drucker/Scanner,Niedrig,J. Schulz,2026-05-11T12:51:00,2026-05-11T16:13:51.777325,3.38,8,False,True
TS-12600,Benutzerverwaltung,Mittel,M. Fischer,2026-06-08T09:39:00,2026-06-08T09:56:46.341280,0.3,6,False,True
TS-12601,Exchange-Umfeld,Mittel,J. Schulz,2026-02-06T08:49:00,2026-02-06T17:40:45.739846,8.86,12,False,False
TS-12602,Drucker/Scanner,Mittel,A. Bauer,2026-05-19T16:26:00,2026-05-19T18:46:16.206988,2.34,8,False,False
TS-12603,Interne Fernbetreuung,Niedrig,S. Wagner,2026-05-27T18:17:00,2026-05-27T18:32:00,0.25,12,False,False
TS-12604,Benutzerverwaltung,Niedrig,L. Hoffmann,2026-05-05T17:13:00,2026-05-05T20:54:39.675401,3.69,6,False,True
TS-12605,Exchange-Umfeld,Niedrig,S. Wagner,2026-04-28T15:23:00,2026-04-28T21:53:49.909273,6.51,12,False,False
TS-12606,Benutzerverwaltung,Mittel,J. Schulz,2026-06-24T11:15:00,2026-06-24T13:19:18.195850,2.07,6,False,False
TS-12607,Drucker/Scanner,Niedrig,L. Hoffmann,2026-04-08T13:22:00,2026-04-08T16:31:51.692169,3.16,8,False,True
TS-12608,Exchange-Umfeld,Hoch,S. Wagner,2026-03-06T18:09:00,2026-03-07T00:53:10.971964,6.74,12,False,False
TS-12609,Drucker/Scanner,Mittel,M. Fischer,2026-01-27T16:59:00,2026-01-27T17:44:30.447512,0.76,8,False,False
TS-12610,Exchange-Umfeld,Niedrig,M. Fischer,2026-04-21T16:18:00,2026-04-21T22:01:26.325107,5.72,12,False,False
TS-12611,Drucker/Scanner,Hoch,J. Schulz,2026-06-16T09:39:00,2026-06-16T14:30:41.162021,4.86,8,False,False
TS-12612,Benutzerverwaltung,Niedrig,S. Wagner,2026-01-07T14:13:00,2026-01-07T17:32:16.269455,3.32,6,False,True
TS-12613,Interne Fernbetreuung,Hoch,K. Krueger,2026-05-20T09:23:00,2026-05-20T18:13:20.908612,8.84,12,False,False
TS-12614,Benutzerverwaltung,Hoch,J. Schulz,2026-02-25T15:17:00,2026-02-25T17:01:34.194559,1.74,6,False,False
TS-12615,Interne Fernbetreuung,Hoch,K. Krueger,2026-06-04T14:27:00,2026-06-04T22:00:25.779306,7.56,12,False,False
TS-12616,Benutzerverwaltung,Mittel,L. Hoffmann,2026-04-07T14:14:00,2026-04-07T19:11:36.580013,4.96,6,False,False
TS-12617,Drucker/Scanner,Mittel,L. Hoffmann,2026-03-05T14:07:00,2026-03-05T19:44:12.581501,5.62,8,False,False
TS-12618,Exchange-Umfeld,Mittel,M. Fischer,2026-02-18T08:49:00,2026-02-18T15:09:54.934466,6.35,12,False,False
TS-12619,Exchange-Umfeld,Mittel,L. Hoffmann,2026-03-10T07:18:00,2026-03-10T19:38:12.460958,12.34,12,True,False
TS-12620,Drucker/Scanner,Niedrig,L. Hoffmann,2026-01-15T16:44:00,2026-01-15T22:39:06.050427,5.92,8,False,True
TS-12621,Exchange-Umfeld,Niedrig,A. Bauer,2026-02-02T14:47:00,2026-02-02T22:03:40.188768,7.28,12,False,False
TS-12622,Exchange-Umfeld,Mittel,S. Wagner,2026-06-24T16:00:00,2026-06-24T20:16:44.147432,4.28,12,False,False
TS-12623,Exchange-Umfeld,Niedrig,L. Hoffmann,2026-06-29T10:16:00,2026-06-30T02:15:33.047612,15.99,12,True,False
TS-12624,Benutzerverwaltung,Niedrig,S. Wagner,2026-05-15T12:42:00,2026-05-15T14:49:59.974933,2.13,6,False,True
TS-12625,Benutzerverwaltung,Mittel,L. Hoffmann,2026-03-13T10:23:00,2026-03-13T15:36:37.004293,5.23,6,False,False
TS-12626,Benutzerverwaltung,Niedrig,K. Krueger,2026-03-11T07:43:00,2026-03-11T11:11:27.180885,3.47,6,False,False
TS-12627,Exchange-Umfeld,Niedrig,M. Fischer,2026-05-22T15:31:00,2026-05-23T02:15:15.681679,10.74,12,False,False
TS-12628,Drucker/Scanner,Mittel,M. Fischer,2026-04-14T08:48:00,2026-04-14T13:40:48.292702,4.88,8,False,True
TS-12629,Benutzerverwaltung,Niedrig,L. Hoffmann,2026-02-19T07:56:00,2026-02-19T09:41:47.175821,1.76,6,False,True
TS-12630,Benutzerverwaltung,Hoch,A. Bauer,2026-02-18T09:31:00,2026-02-18T14:56:38.058928,5.43,6,False,True
TS-12631,Interne Fernbetreuung,Niedrig,A. Bauer,2026-06-08T16:48:00,2026-06-08T21:44:36.258966,4.94,12,False,False
TS-12632,Drucker/Scanner,Hoch,S. Wagner,2026-03-11T15:25:00,2026-03-11T20:09:25.661638,4.74,8,False,False
TS-12633,Benutzerverwaltung,Mittel,L. Hoffmann,2026-02-23T16:03:00,2026-02-23T18:38:10.900343,2.59,6,False,True
TS-12634,Interne Fernbetreuung,Niedrig,M. Fischer,2026-05-14T18:44:00,2026-05-15T03:00:00.318850,8.27,12,False,False
TS-12635,Drucker/Scanner,Niedrig,S. Wagner,2026-05-15T10:18:00,2026-05-15T13:53:30.993280,3.59,8,False,False
TS-12636,Benutzerverwaltung,Niedrig,J. Schulz,2026-05-11T07:14:00,2026-05-11T09:34:13.700963,2.34,6,False,False
TS-12637,Benutzerverwaltung,Niedrig,M. Fischer,2026-01-08T17:55:00,2026-01-08T23:24:23.031501,5.49,6,False,False
TS-12638,Interne Fernbetreuung,Niedrig,S. Wagner,2026-03-03T13:19:00,2026-03-03T19:27:55.929550,6.15,12,False,False
TS-12639,Drucker/Scanner,Niedrig,S. Wagner,2026-05-29T09:56:00,2026-05-29T17:31:05.034827,7.58,8,False,True
TS-12640,Exchange-Umfeld,Niedrig,L. Hoffmann,2026-03-31T07:23:00,2026-03-31T20:54:39.891458,13.53,12,True,False
TS-12641,Drucker/Scanner,Niedrig,A. Bauer,2026-04-02T07:00:00,2026-04-02T09:12:22.167520,2.21,8,False,True
TS-12642,Interne Fernbetreuung,Niedrig,K. Krueger,2026-05-28T08:25:00,2026-05-28T09:29:52.182567,1.08,12,False,False
TS-12643,Benutzerverwaltung,Mittel,M. Fischer,2026-04-10T18:13:00,2026-04-10T20:05:16.979853,1.87,6,False,False
TS-12644,Drucker/Scanner,Niedrig,L. Hoffmann,2026-03-20T10:33:00,2026-03-20T15:28:54.514033,4.93,8,False,False
TS-12645,Drucker/Scanner,Niedrig,J. Schulz,2026-02-23T08:34:00,2026-02-23T09:48:28.666690,1.24,8,False,True
TS-12646,Interne Fernbetreuung,Mittel,J. Schulz,2026-03-23T17:44:00,2026-03-24T01:18:12.352254,7.57,12,False,False
TS-12647,Drucker/Scanner,Niedrig,J. Schulz,2026-06-11T10:35:00,2026-06-11T17:35:07.751416,7.0,8,False,True
TS-12648,Interne Fernbetreuung,Mittel,L. Hoffmann,2026-01-14T07:03:00,2026-01-14T10:42:12.948212,3.65,12,False,False
TS-12649,Drucker/Scanner,Niedrig,L. Hoffmann,2026-05-29T16:35:00,2026-05-29T20:53:43.461319,4.31,8,False,False
TS-12650,Benutzerverwaltung,Niedrig,K. Krueger,2026-05-27T18:13:00,2026-05-27T20:14:11.733206,2.02,6,False,False
TS-12651,Exchange-Umfeld,Mittel,L. Hoffmann,2026-05-15T17:29:00,2026-05-15T22:18:34.596907,4.83,12,False,False
TS-12652,Benutzerverwaltung,Mittel,A. Bauer,2026-01-27T07:44:00,2026-01-27T10:51:23.278296,3.12,6,False,False
TS-12653,Benutzerverwaltung,Niedrig,M. Fischer,2026-03-18T18:57:00,2026-03-18T21:38:29.532303,2.69,6,False,True
TS-12654,Interne Fernbetreuung,Mittel,A. Bauer,2026-02-20T07:16:00,2026-02-20T15:28:36.943097,8.21,12,False,False
TS-12655,Interne Fernbetreuung,Hoch,J. Schulz,2026-03-09T16:22:00,2026-03-10T01:02:53.027122,8.68,12,False,False
TS-12656,Benutzerverwaltung,Mittel,A. Bauer,2026-03-10T11:58:00,2026-03-10T14:19:04.508416,2.35,6,False,True
TS-12657,Drucker/Scanner,Mittel,L. Hoffmann,2026-04-10T09:46:00,2026-04-10T11:51:04.422794,2.08,8,False,False
TS-12658,Exchange-Umfeld,Niedrig,S. Wagner,2026-06-05T11:26:00,2026-06-05T18:00:27.003982,6.57,12,False,False
TS-12659,Benutzerverwaltung,Hoch,J. Schulz,2026-04-16T15:05:00,2026-04-16T16:39:43.120378,1.58,6,False,False
TS-12660,Benutzerverwaltung,Hoch,A. Bauer,2026-01-21T09:17:00,2026-01-21T14:01:09.971414,4.74,6,False,False
TS-12661,Drucker/Scanner,Niedrig,K. Krueger,2026-04-02T07:06:00,2026-04-02T12:15:45.384800,5.16,8,False,False
TS-12662,Interne Fernbetreuung,Hoch,K. Krueger,2026-03-02T09:50:00,2026-03-02T11:29:11.899981,1.65,12,False,False
TS-12663,Drucker/Scanner,Niedrig,M. Fischer,2026-03-11T13:16:00,2026-03-11T18:56:37.057144,5.68,8,False,False
TS-12664,Benutzerverwaltung,Niedrig,M. Fischer,2026-01-07T18:15:00,2026-01-07T20:24:21.689065,2.16,6,False,False
TS-12665,Drucker/Scanner,Mittel,M. Fischer,2026-04-23T07:31:00,2026-04-23T09:47:58.422269,2.28,8,False,False
TS-12666,Exchange-Umfeld,Hoch,A. Bauer,2026-06-24T17:40:00,2026-06-25T04:28:22.509862,10.81,12,False,False
TS-12667,Interne Fernbetreuung,Mittel,J. Schulz,2026-06-18T14:13:00,2026-06-18T19:39:47.633951,5.45,12,False,False
TS-12668,Exchange-Umfeld,Mittel,K. Krueger,2026-06-04T16:17:00,2026-06-04T19:45:51.998724,3.48,12,False,False
TS-12669,Drucker/Scanner,Niedrig,A. Bauer,2026-04-01T14:14:00,2026-04-01T18:30:34.796093,4.28,8,False,False
TS-12670,Exchange-Umfeld,Hoch,M. Fischer,2026-01-22T14:53:00,2026-01-23T01:01:03.067262,10.13,12,False,False
TS-12671,Interne Fernbetreuung,Niedrig,K. Krueger,2026-01-09T10:43:00,2026-01-09T20:22:43.672860,9.66,12,False,False
TS-12672,Drucker/Scanner,Mittel,J. Schulz,2026-03-17T07:43:00,2026-03-17T15:31:26.815565,7.81,8,False,True
TS-12673,Exchange-Umfeld,Niedrig,S. Wagner,2026-03-12T14:22:00,2026-03-13T02:13:24.913100,11.86,12,False,False
TS-12674,Benutzerverwaltung,Niedrig,S. Wagner,2026-05-07T09:04:00,2026-05-07T09:42:54.203779,0.65,6,False,True
TS-12675,Benutzerverwaltung,Mittel,M. Fischer,2026-05-07T08:15:00,2026-05-07T08:30:00,0.25,6,False,False
TS-12676,Drucker/Scanner,Mittel,S. Wagner,2026-02-02T11:56:00,2026-02-02T14:21:15.101774,2.42,8,False,False
TS-12677,Exchange-Umfeld,Niedrig,M. Fischer,2026-02-18T15:55:00,2026-02-19T01:38:09.265476,9.72,12,False,False
TS-12678,Interne Fernbetreuung,Niedrig,J. Schulz,2026-06-12T14:54:00,2026-06-12T17:07:35.983941,2.23,12,False,False
TS-12679,Exchange-Umfeld,Niedrig,L. Hoffmann,2026-03-25T14:58:00,2026-03-26T02:50:17.835553,11.87,12,False,False
TS-12680,Drucker/Scanner,Niedrig,L. Hoffmann,2026-02-02T07:50:00,2026-02-02T12:56:53.950091,5.11,8,False,True
TS-12681,Drucker/Scanner,Niedrig,L. Hoffmann,2026-06-16T17:14:00,2026-06-16T18:26:49.146870,1.21,8,False,False
TS-12682,Benutzerverwaltung,Niedrig,M. Fischer,2026-01-01T07:12:00,2026-01-01T11:14:36.645333,4.04,6,False,False
TS-12683,Benutzerverwaltung,Mittel,K. Krueger,2026-02-04T16:11:00,2026-02-04T23:54:26.975225,7.72,6,True,True
TS-12684,Benutzerverwaltung,Niedrig,S. Wagner,2026-06-11T16:54:00,2026-06-11T19:31:23.373748,2.62,6,False,False
TS-12685,Interne Fernbetreuung,Mittel,M. Fischer,2026-03-27T16:03:00,2026-03-28T02:05:41.312106,10.04,12,False,False
TS-12686,Exchange-Umfeld,Niedrig,L. Hoffmann,2026-03-13T15:33:00,2026-03-14T07:25:04.253990,15.87,12,True,False
TS-12687,Drucker/Scanner,Niedrig,K. Krueger,2026-01-13T08:50:00,2026-01-13T13:07:41.347303,4.29,8,False,True
TS-12688,Interne Fernbetreuung,Mittel,S. Wagner,2026-03-04T18:12:00,2026-03-05T01:32:32.488069,7.34,12,False,False
TS-12689,Benutzerverwaltung,Hoch,S. Wagner,2026-04-14T09:57:00,2026-04-14T13:58:19.504051,4.02,6,False,True
TS-12690,Interne Fernbetreuung,Niedrig,K. Krueger,2026-03-19T14:31:00,2026-03-20T01:31:09.251456,11.0,12,False,False
TS-12691,Interne Fernbetreuung,Mittel,L. Hoffmann,2026-01-22T15:15:00,2026-01-23T01:56:51.029481,10.7,12,False,False
TS-12692,Benutzerverwaltung,Hoch,S. Wagner,2026-03-05T18:56:00,2026-03-05T20:08:41.408040,1.21,6,False,False
TS-12693,Drucker/Scanner,Niedrig,J. Schulz,2026-03-26T14:39:00,2026-03-26T17:54:15.685087,3.25,8,False,False
TS-12694,Benutzerverwaltung,Niedrig,M. Fischer,2026-06-18T13:50:00,2026-06-18T16:29:39.724094,2.66,6,False,True
TS-12695,Exchange-Umfeld,Hoch,S. Wagner,2026-02-10T11:35:00,2026-02-10T19:44:24.691577,8.16,12,False,False
TS-12696,Exchange-Umfeld,Hoch,J. Schulz,2026-04-28T15:09:00,2026-04-28T22:34:02.516744,7.42,12,False,False
TS-12697,Interne Fernbetreuung,Mittel,M. Fischer,2026-04-15T15:22:00,2026-04-15T23:18:45.359018,7.95,12,False,False
TS-12698,Benutzerverwaltung,Niedrig,L. Hoffmann,2026-03-20T15:11:00,2026-03-20T17:58:44.159287,2.8,6,False,True
TS-12699,Benutzerverwaltung,Niedrig,S. Wagner,2026-06-09T18:39:00,2026-06-09T21:36:57.089889,2.97,6,False,True
TS-12700,Drucker/Scanner,Hoch,A. Bauer,2026-01-28T16:19:00,2026-01-28T21:17:01.427674,4.97,8,False,False
TS-12701,Drucker/Scanner,Niedrig,A. Bauer,2026-04-24T10:06:00,2026-04-24T11:57:17.655665,1.85,8,False,False
TS-12702,Interne Fernbetreuung,Mittel,M. Fischer,2026-01-19T16:06:00,2026-01-20T02:10:34.445026,10.08,12,False,False
TS-12703,Benutzerverwaltung,Niedrig,M. Fischer,2026-02-06T09:50:00,2026-02-06T14:10:43.236844,4.35,6,False,False
TS-12704,Drucker/Scanner,Hoch,M. Fischer,2026-02-02T07:44:00,2026-02-02T11:03:12.519591,3.32,8,False,True
TS-12705,Interne Fernbetreuung,Mittel,S. Wagner,2026-01-29T10:14:00,2026-01-29T20:20:38.018122,10.11,12,False,False
TS-12706,Interne Fernbetreuung,Niedrig,J. Schulz,2026-05-19T14:37:00,2026-05-19T19:29:06.800264,4.87,12,False,False
TS-12707,Exchange-Umfeld,Hoch,K. Krueger,2026-02-04T15:30:00,2026-02-05T05:05:42.165240,13.6,12,True,False
TS-12708,Exchange-Umfeld,Niedrig,L. Hoffmann,2026-02-17T09:03:00,2026-02-17T12:08:50.741598,3.1,12,False,False
TS-12709,Exchange-Umfeld,Mittel,S. Wagner,2026-02-24T17:58:00,2026-02-25T00:59:16.763912,7.02,12,False,False
TS-12710,Exchange-Umfeld,Niedrig,K. Krueger,2026-02-23T09:48:00,2026-02-23T19:52:44.986238,10.08,12,False,False
TS-12711,Drucker/Scanner,Hoch,S. Wagner,2026-05-25T12:33:00,2026-05-25T17:52:27.462554,5.32,8,False,True
TS-12712,Interne Fernbetreuung,Mittel,M. Fischer,2026-02-13T18:43:00,2026-02-14T02:13:45.145562,7.51,12,False,False
TS-12713,Benutzerverwaltung,Niedrig,K. Krueger,2026-03-23T09:42:00,2026-03-23T12:03:09.847227,2.35,6,False,True
TS-12714,Benutzerverwaltung,Hoch,J. Schulz,2026-03-25T14:02:00,2026-03-25T21:03:00.646573,7.02,6,True,False
TS-12715,Exchange-Umfeld,Hoch,L. Hoffmann,2026-06-24T13:19:00,2026-06-24T20:54:57.607584,7.6,12,False,False
TS-12716,Exchange-Umfeld,Niedrig,K. Krueger,2026-05-11T16:55:00,2026-05-12T02:53:58.337364,9.98,12,False,False
TS-12717,Benutzerverwaltung,Niedrig,S. Wagner,2026-03-02T09:22:00,2026-03-02T11:51:23.736843,2.49,6,False,True
TS-12718,Benutzerverwaltung,Hoch,K. Krueger,2026-04-09T11:59:00,2026-04-09T13:44:21.131634,1.76,6,False,False
TS-12719,Benutzerverwaltung,Mittel,J. Schulz,2026-04-23T18:11:00,2026-04-23T20:16:40.678675,2.09,6,False,False
TS-12720,Drucker/Scanner,Mittel,J. Schulz,2026-06-29T17:07:00,2026-06-29T18:16:58.178540,1.17,8,False,False
TS-12721,Benutzerverwaltung,Niedrig,J. Schulz,2026-03-18T15:17:00,2026-03-18T19:18:10.619909,4.02,6,False,True
TS-12722,Benutzerverwaltung,Mittel,J. Schulz,2026-05-15T10:56:00,2026-05-15T14:20:44.052551,3.41,6,False,False
TS-12723,Exchange-Umfeld,Niedrig,M. Fischer,2026-04-06T16:58:00,2026-04-07T02:07:43.697039,9.16,12,False,False
TS-12724,Benutzerverwaltung,Mittel,M. Fischer,2026-01-26T16:57:00,2026-01-26T19:15:47.131991,2.31,6,False,False
TS-12725,Drucker/Scanner,Niedrig,J. Schulz,2026-01-20T12:40:00,2026-01-20T12:55:00,0.25,8,False,False
TS-12726,Benutzerverwaltung,Mittel,A. Bauer,2026-03-06T07:07:00,2026-03-06T11:41:16.069384,4.57,6,False,True
TS-12727,Interne Fernbetreuung,Mittel,S. Wagner,2026-03-10T09:56:00,2026-03-10T15:47:25.367751,5.86,12,False,False
TS-12728,Exchange-Umfeld,Niedrig,M. Fischer,2026-02-12T14:18:00,2026-02-12T18:12:57.432922,3.92,12,False,False
TS-12729,Drucker/Scanner,Niedrig,J. Schulz,2026-05-06T10:36:00,2026-05-06T18:36:38.011583,8.01,8,True,False
TS-12730,Benutzerverwaltung,Niedrig,J. Schulz,2026-01-27T14:36:00,2026-01-27T20:43:57.885475,6.13,6,True,False
TS-12731,Drucker/Scanner,Niedrig,A. Bauer,2026-01-12T11:09:00,2026-01-12T13:16:19.274777,2.12,8,False,False
TS-12732,Drucker/Scanner,Niedrig,A. Bauer,2026-03-25T07:32:00,2026-03-25T12:45:33.520779,5.23,8,False,False
TS-12733,Interne Fernbetreuung,Niedrig,L. Hoffmann,2026-01-20T12:24:00,2026-01-20T18:03:30.735269,5.66,12,False,False
TS-12734,Exchange-Umfeld,Niedrig,M. Fischer,2026-01-06T11:44:00,2026-01-07T02:08:15.247910,14.4,12,True,False
TS-12735,Interne Fernbetreuung,Niedrig,J. Schulz,2026-02-18T13:48:00,2026-02-18T16:51:57.573198,3.07,12,False,False
TS-12736,Drucker/Scanner,Mittel,M. Fischer,2026-06-04T08:35:00,2026-06-04T13:02:14.281187,4.45,8,False,True
TS-12737,Interne Fernbetreuung,Niedrig,M. Fischer,2026-04-01T17:13:00,2026-04-02T00:40:44.396003,7.46,12,False,False
TS-12738,Drucker/Scanner,Niedrig,L. Hoffmann,2026-03-13T15:49:00,2026-03-13T21:00:21.805270,5.19,8,False,False
TS-12739,Interne Fernbetreuung,Mittel,L. Hoffmann,2026-02-06T09:37:00,2026-02-06T17:40:25.380220,8.06,12,False,False
TS-12740,Drucker/Scanner,Niedrig,S. Wagner,2026-03-03T08:13:00,2026-03-03T16:10:46.704142,7.96,8,False,True
TS-12741,Interne Fernbetreuung,Niedrig,J. Schulz,2026-03-12T15:31:00,2026-03-13T00:34:24.022766,9.06,12,False,False
TS-12742,Benutzerverwaltung,Niedrig,M. Fischer,2026-02-11T16:18:00,2026-02-11T21:48:57.641936,5.52,6,False,False
TS-12743,Benutzerverwaltung,Mittel,A. Bauer,2026-02-02T12:37:00,2026-02-02T15:12:40.467060,2.59,6,False,False
TS-12744,Benutzerverwaltung,Hoch,L. Hoffmann,2026-05-04T16:25:00,2026-05-04T22:02:00.392266,5.62,6,False,False
TS-12745,Benutzerverwaltung,Mittel,M. Fischer,2026-05-25T18:24:00,2026-05-25T20:09:21.137041,1.76,6,False,False
TS-12746,Drucker/Scanner,Niedrig,A. Bauer,2026-02-10T07:35:00,2026-02-10T12:13:37.852016,4.64,8,False,False
TS-12747,Drucker/Scanner,Niedrig,K. Krueger,2026-03-03T14:20:00,2026-03-03T19:11:30.552815,4.86,8,False,True
TS-12748,Drucker/Scanner,Niedrig,S. Wagner,2026-02-04T18:41:00,2026-02-04T21:24:51.775737,2.73,8,False,False
TS-12749,Exchange-Umfeld,Niedrig,K. Krueger,2026-06-30T14:03:00,2026-06-30T23:59:22.358245,9.94,12,False,False
TS-12750,Benutzerverwaltung,Niedrig,M. Fischer,2026-06-16T09:58:00,2026-06-16T12:38:26.068165,2.67,6,False,False
TS-12751,Benutzerverwaltung,Niedrig,S. Wagner,2026-04-23T14:31:00,2026-04-23T17:10:40.567362,2.66,6,False,False
TS-12752,Exchange-Umfeld,Hoch,A. Bauer,2026-05-19T17:09:00,2026-05-20T03:31:12.017094,10.37,12,False,False
TS-12753,Drucker/Scanner,Niedrig,K. Krueger,2026-04-01T15:22:00,2026-04-01T15:37:00,0.25,8,False,False
TS-12754,Benutzerverwaltung,Mittel,M. Fischer,2026-06-08T16:04:00,2026-06-08T20:20:51.031383,4.28,6,False,False
TS-12755,Drucker/Scanner,Hoch,A. Bauer,2026-02-20T14:19:00,2026-02-20T14:34:00,0.25,8,False,True
TS-12756,Interne Fernbetreuung,Mittel,K. Krueger,2026-05-07T10:07:00,2026-05-07T18:07:56.601179,8.02,12,False,False
TS-12757,Drucker/Scanner,Mittel,A. Bauer,2026-03-09T09:03:00,2026-03-09T13:57:40.797728,4.91,8,False,False
TS-12758,Interne Fernbetreuung,Hoch,S. Wagner,2026-04-09T14:32:00,2026-04-09T16:37:41.753747,2.09,12,False,False
TS-12759,Benutzerverwaltung,Mittel,M. Fischer,2026-06-15T09:06:00,2026-06-15T12:04:18.820050,2.97,6,False,False
TS-12760,Drucker/Scanner,Mittel,K. Krueger,2026-04-16T14:55:00,2026-04-16T20:50:17.450153,5.92,8,False,False
TS-12761,Drucker/Scanner,Niedrig,K. Krueger,2026-06-03T08:38:00,2026-06-03T10:58:11.839522,2.34,8,False,False
TS-12762,Benutzerverwaltung,Mittel,M. Fischer,2026-03-13T12:12:00,2026-03-13T14:03:01.369720,1.85,6,False,False
TS-12763,Exchange-Umfeld,Niedrig,K. Krueger,2026-05-06T07:07:00,2026-05-06T08:29:40.806086,1.38,12,False,False
TS-12764,Drucker/Scanner,Hoch,K. Krueger,2026-01-27T10:06:00,2026-01-27T13:59:21.893531,3.89,8,False,True
TS-12765,Exchange-Umfeld,Mittel,S. Wagner,2026-04-27T14:06:00,2026-04-27T14:21:00,0.25,12,False,False
TS-12766,Drucker/Scanner,Mittel,M. Fischer,2026-06-16T09:37:00,2026-06-16T10:35:23.640433,0.97,8,False,True
TS-12767,Drucker/Scanner,Niedrig,M. Fischer,2026-06-10T16:46:00,2026-06-10T20:16:08.965601,3.5,8,False,False
TS-12768,Drucker/Scanner,Mittel,K. Krueger,2026-05-20T17:24:00,2026-05-20T19:21:38.738714,1.96,8,False,False
TS-12769,Drucker/Scanner,Mittel,A. Bauer,2026-05-14T13:32:00,2026-05-14T23:18:27.611463,9.77,8,True,False
TS-12770,Drucker/Scanner,Niedrig,A. Bauer,2026-04-09T13:27:00,2026-04-09T18:26:07.401964,4.99,8,False,False
TS-12771,Interne Fernbetreuung,Niedrig,S. Wagner,2026-01-19T16:08:00,2026-01-19T23:34:18.453434,7.44,12,False,False
TS-12772,Exchange-Umfeld,Niedrig,S. Wagner,2026-03-18T08:32:00,2026-03-18T16:17:59.383316,7.77,12,False,False
TS-12773,Benutzerverwaltung,Hoch,S. Wagner,2026-04-07T13:08:00,2026-04-07T15:58:58.943822,2.85,6,False,False
TS-12774,Benutzerverwaltung,Mittel,L. Hoffmann,2026-02-02T13:58:00,2026-02-02T16:48:31.062021,2.84,6,False,False
TS-12775,Drucker/Scanner,Niedrig,K. Krueger,2026-02-11T16:39:00,2026-02-11T19:58:09.632847,3.32,8,False,False
TS-12776,Interne Fernbetreuung,Hoch,J. Schulz,2026-03-06T16:39:00,2026-03-06T23:29:07.119216,6.84,12,False,False
TS-12777,Benutzerverwaltung,Niedrig,K. Krueger,2026-02-13T11:56:00,2026-02-13T16:54:17.257252,4.97,6,False,False
TS-12778,Benutzerverwaltung,Niedrig,J. Schulz,2026-05-28T18:37:00,2026-05-28T20:00:39.169332,1.39,6,False,True
TS-12779,Drucker/Scanner,Niedrig,S. Wagner,2026-05-12T11:21:00,2026-05-12T13:19:53.935929,1.98,8,False,True
TS-12780,Benutzerverwaltung,Niedrig,A. Bauer,2026-02-03T12:54:00,2026-02-03T15:06:23.584729,2.21,6,False,True
TS-12781,Benutzerverwaltung,Mittel,J. Schulz,2026-05-06T08:32:00,2026-05-06T12:47:40.949190,4.26,6,False,True
TS-12782,Exchange-Umfeld,Mittel,S. Wagner,2026-04-28T12:04:00,2026-04-28T19:05:08.332231,7.02,12,False,False
TS-12783,Benutzerverwaltung,Niedrig,K. Krueger,2026-01-02T11:18:00,2026-01-02T14:16:09.272659,2.97,6,False,True
TS-12784,Interne Fernbetreuung,Mittel,S. Wagner,2026-06-19T15:48:00,2026-06-19T23:26:31.380107,7.64,12,False,False
TS-12785,Interne Fernbetreuung,Niedrig,L. Hoffmann,2026-06-17T11:47:00,2026-06-17T14:59:24.896573,3.21,12,False,False
TS-12786,Drucker/Scanner,Hoch,J. Schulz,2026-05-08T14:17:00,2026-05-08T21:02:15.470224,6.75,8,False,False
TS-12787,Benutzerverwaltung,Niedrig,L. Hoffmann,2026-03-13T11:40:00,2026-03-13T13:57:39.633190,2.29,6,False,True
TS-12788,Drucker/Scanner,Niedrig,L. Hoffmann,2026-01-22T18:10:00,2026-01-22T22:57:08.118033,4.79,8,False,False
TS-12789,Benutzerverwaltung,Mittel,S. Wagner,2026-03-27T16:15:00,2026-03-27T20:31:52.107602,4.28,6,False,False
TS-12790,Drucker/Scanner,Niedrig,A. Bauer,2026-01-02T11:08:00,2026-01-02T16:20:42.850092,5.21,8,False,True
TS-12791,Interne Fernbetreuung,Hoch,M. Fischer,2026-03-11T18:03:00,2026-03-11T21:30:19.856607,3.46,12,False,False
TS-12792,Benutzerverwaltung,Hoch,L. Hoffmann,2026-04-13T11:15:00,2026-04-13T14:18:35.548937,3.06,6,False,False
TS-12793,Drucker/Scanner,Niedrig,L. Hoffmann,2026-01-06T08:25:00,2026-01-06T11:40:25.435172,3.26,8,False,False
TS-12794,Benutzerverwaltung,Mittel,L. Hoffmann,2026-06-25T18:28:00,2026-06-25T20:30:45.927761,2.05,6,False,False
TS-12795,Benutzerverwaltung,Niedrig,S. Wagner,2026-06-25T17:24:00,2026-06-25T19:00:42.078209,1.61,6,False,False
TS-12796,Benutzerverwaltung,Niedrig,J. Schulz,2026-01-05T11:27:00,2026-01-05T15:28:22.017019,4.02,6,False,False
TS-12797,Exchange-Umfeld,Niedrig,K. Krueger,2026-03-17T15:32:00,2026-03-18T00:12:40.966334,8.68,12,False,False
TS-12798,Benutzerverwaltung,Hoch,J. Schulz,2026-05-25T10:49:00,2026-05-25T13:38:09.804779,2.82,6,False,True
TS-12799,Drucker/Scanner,Hoch,S. Wagner,2026-05-14T14:19:00,2026-05-14T18:41:46.721397,4.38,8,False,True
TS-12800,Drucker/Scanner,Niedrig,M. Fischer,2026-01-16T16:44:00,2026-01-16T21:08:09.565799,4.4,8,False,False
TS-12801,Drucker/Scanner,Mittel,J. Schulz,2026-02-16T18:05:00,2026-02-16T20:21:46.380685,2.28,8,False,True
TS-12802,Interne Fernbetreuung,Mittel,L. Hoffmann,2026-06-15T18:02:00,2026-06-15T23:52:57.055033,5.85,12,False,False
TS-12803,Interne Fernbetreuung,Hoch,A. Bauer,2026-01-29T17:48:00,2026-01-30T00:27:11.181673,6.65,12,False,False
TS-12804,Benutzerverwaltung,Hoch,J. Schulz,2026-05-22T13:24:00,2026-05-22T15:37:55.955501,2.23,6,False,False
TS-12805,Drucker/Scanner,Hoch,M. Fischer,2026-05-06T12:28:00,2026-05-06T17:26:09.608731,4.97,8,False,False
TS-12806,Interne Fernbetreuung,Mittel,S. Wagner,2026-04-30T16:04:00,2026-04-30T23:08:08.267952,7.07,12,False,False
TS-12807,Drucker/Scanner,Hoch,K. Krueger,2026-05-04T07:22:00,2026-05-04T14:41:58.094769,7.33,8,False,False
TS-12808,Interne Fernbetreuung,Niedrig,K. Krueger,2026-02-27T13:51:00,2026-02-27T21:42:19.313377,7.86,12,False,False
TS-12809,Interne Fernbetreuung,Mittel,L. Hoffmann,2026-04-14T11:48:00,2026-04-14T18:45:42.653085,6.96,12,False,False
TS-12810,Exchange-Umfeld,Niedrig,A. Bauer,2026-02-25T10:21:00,2026-02-25T18:22:17.739298,8.02,12,False,False
TS-12811,Drucker/Scanner,Niedrig,K. Krueger,2026-01-07T15:02:00,2026-01-07T17:00:03.027976,1.97,8,False,False
TS-12812,Benutzerverwaltung,Mittel,J. Schulz,2026-06-11T16:25:00,2026-06-11T20:09:56.895356,3.75,6,False,False
TS-12813,Interne Fernbetreuung,Hoch,A. Bauer,2026-03-09T08:40:00,2026-03-09T15:37:27.616239,6.96,12,False,False
TS-12814,Drucker/Scanner,Mittel,K. Krueger,2026-06-17T18:04:00,2026-06-17T22:18:18.956651,4.24,8,False,True
TS-12815,Interne Fernbetreuung,Niedrig,J. Schulz,2026-04-28T17:16:00,2026-04-28T23:27:08.616761,6.19,12,False,False
TS-12816,Benutzerverwaltung,Hoch,K. Krueger,2026-03-06T09:29:00,2026-03-06T11:07:52.291001,1.65,6,False,True
TS-12817,Drucker/Scanner,Hoch,K. Krueger,2026-05-07T17:00:00,2026-05-07T22:54:52.165232,5.91,8,False,True
TS-12818,Benutzerverwaltung,Niedrig,M. Fischer,2026-01-15T13:19:00,2026-01-15T16:17:00.471499,2.97,6,False,False
TS-12819,Drucker/Scanner,Mittel,K. Krueger,2026-03-06T14:27:00,2026-03-06T17:49:40.059694,3.38,8,False,False
TS-12820,Drucker/Scanner,Mittel,K. Krueger,2026-05-29T18:45:00,2026-05-29T21:23:16.641610,2.64,8,False,False
TS-12821,Exchange-Umfeld,Niedrig,M. Fischer,2026-04-07T15:51:00,2026-04-07T20:07:50.301546,4.28,12,False,False
TS-12822,Drucker/Scanner,Niedrig,S. Wagner,2026-02-06T08:43:00,2026-02-06T10:57:00.335345,2.23,8,False,False
TS-12823,Exchange-Umfeld,Niedrig,S. Wagner,2026-05-04T10:45:00,2026-05-04T23:40:47.897857,12.93,12,True,False
TS-12824,Exchange-Umfeld,Niedrig,S. Wagner,2026-05-28T18:13:00,2026-05-29T08:09:21.597573,13.94,12,True,False
TS-12825,Drucker/Scanner,Mittel,L. Hoffmann,2026-03-17T14:10:00,2026-03-17T20:18:50.827581,6.15,8,False,False
TS-12826,Benutzerverwaltung,Mittel,M. Fischer,2026-06-11T14:11:00,2026-06-11T15:34:59.524796,1.4,6,False,False
TS-12827,Drucker/Scanner,Hoch,S. Wagner,2026-01-28T13:05:00,2026-01-28T17:45:13.939756,4.67,8,False,False
TS-12828,Benutzerverwaltung,Niedrig,M. Fischer,2026-04-06T13:45:00,2026-04-06T16:57:38.776751,3.21,6,False,True
TS-12829,Benutzerverwaltung,Mittel,L. Hoffmann,2026-02-11T10:51:00,2026-02-11T12:18:57.101250,1.47,6,False,False
TS-12830,Exchange-Umfeld,Niedrig,J. Schulz,2026-04-22T15:00:00,2026-04-23T00:25:03.123519,9.42,12,False,False
TS-12831,Drucker/Scanner,Niedrig,K. Krueger,2026-05-05T12:11:00,2026-05-05T18:11:42.053647,6.01,8,False,True
TS-12832,Drucker/Scanner,Mittel,A. Bauer,2026-04-06T11:05:00,2026-04-06T15:37:45.045995,4.55,8,False,False
TS-12833,Interne Fernbetreuung,Mittel,S. Wagner,2026-03-06T12:51:00,2026-03-06T22:03:06.836393,9.2,12,False,False
TS-12834,Interne Fernbetreuung,Hoch,S. Wagner,2026-06-26T15:23:00,2026-06-26T15:38:00,0.25,12,False,False
TS-12835,Drucker/Scanner,Mittel,J. Schulz,2026-02-03T07:42:00,2026-02-03T09:14:00.328003,1.53,8,False,False
TS-12836,Exchange-Umfeld,Niedrig,M. Fischer,2026-05-14T16:32:00,2026-05-15T06:01:40.211310,13.49,12,True,False
TS-12837,Exchange-Umfeld,Niedrig,A. Bauer,2026-01-21T17:01:00,2026-01-21T19:56:42.088908,2.93,12,False,False
TS-12838,Benutzerverwaltung,Hoch,K. Krueger,2026-06-30T13:29:00,2026-06-30T16:01:13.774707,2.54,6,False,False
TS-12839,Drucker/Scanner,Hoch,K. Krueger,2026-02-27T10:45:00,2026-02-27T14:44:05.259489,3.98,8,False,True
TS-12840,Exchange-Umfeld,Mittel,J. Schulz,2026-02-24T09:24:00,2026-02-24T13:28:19.059267,4.07,12,False,False
TS-12841,Drucker/Scanner,Niedrig,S. Wagner,2026-02-25T12:19:00,2026-02-25T17:58:48.902421,5.66,8,False,False
TS-12842,Interne Fernbetreuung,Niedrig,K. Krueger,2026-02-19T14:48:00,2026-02-19T21:10:32.934862,6.38,12,False,False
TS-12843,Drucker/Scanner,Hoch,J. Schulz,2026-01-08T07:31:00,2026-01-08T08:27:11.030907,0.94,8,False,True
TS-12844,Exchange-Umfeld,Mittel,A. Bauer,2026-04-16T14:54:00,2026-04-17T04:39:07.083448,13.75,12,True,False
TS-12845,Benutzerverwaltung,Niedrig,M. Fischer,2026-04-06T14:51:00,2026-04-06T15:39:27.292322,0.81,6,False,True
TS-12846,Interne Fernbetreuung,Mittel,A. Bauer,2026-02-16T12:38:00,2026-02-16T19:59:24.066284,7.36,12,False,False
TS-12847,Benutzerverwaltung,Niedrig,M. Fischer,2026-01-28T17:56:00,2026-01-28T22:48:04.061017,4.87,6,False,False
TS-12848,Benutzerverwaltung,Mittel,J. Schulz,2026-05-04T15:59:00,2026-05-04T16:48:59.931732,0.83,6,False,False
TS-12849,Benutzerverwaltung,Niedrig,K. Krueger,2026-04-29T15:08:00,2026-04-29T15:23:00,0.25,6,False,True
TS-12850,Exchange-Umfeld,Niedrig,A. Bauer,2026-01-13T16:10:00,2026-01-13T22:51:13.719286,6.69,12,False,False
TS-12851,Exchange-Umfeld,Mittel,J. Schulz,2026-06-19T15:59:00,2026-06-20T01:56:29.791213,9.96,12,False,False
TS-12852,Exchange-Umfeld,Hoch,L. Hoffmann,2026-06-24T11:07:00,2026-06-24T23:20:39.229282,12.23,12,True,False
TS-12853,Interne Fernbetreuung,Mittel,J. Schulz,2026-05-20T16:39:00,2026-05-20T21:14:58.504262,4.6,12,False,False
TS-12854,Exchange-Umfeld,Mittel,L. Hoffmann,2026-01-05T17:48:00,2026-01-06T05:53:46.605465,12.1,12,True,False
TS-12855,Benutzerverwaltung,Mittel,K. Krueger,2026-06-02T12:06:00,2026-06-02T14:03:16.988788,1.95,6,False,True
TS-12856,Drucker/Scanner,Mittel,A. Bauer,2026-05-01T13:42:00,2026-05-01T16:46:14.852228,3.07,8,False,False
TS-12857,Benutzerverwaltung,Mittel,L. Hoffmann,2026-04-30T10:02:00,2026-04-30T11:24:01.438574,1.37,6,False,False
TS-12858,Interne Fernbetreuung,Niedrig,J. Schulz,2026-02-06T07:04:00,2026-02-06T14:23:31.967961,7.33,12,False,False
TS-12859,Drucker/Scanner,Niedrig,M. Fischer,2026-06-17T16:18:00,2026-06-17T19:05:34.517737,2.79,8,False,True
TS-12860,Interne Fernbetreuung,Niedrig,K. Krueger,2026-05-13T10:59:00,2026-05-13T19:35:19.036371,8.61,12,False,False
TS-12861,Drucker/Scanner,Mittel,K. Krueger,2026-01-22T13:42:00,2026-01-22T18:17:43.322328,4.6,8,False,True
TS-12862,Interne Fernbetreuung,Niedrig,J. Schulz,2026-01-19T14:23:00,2026-01-19T20:13:28.640530,5.84,12,False,False
TS-12863,Exchange-Umfeld,Niedrig,S. Wagner,2026-02-04T13:29:00,2026-02-05T02:31:59.870921,13.05,12,True,False
TS-12864,Exchange-Umfeld,Hoch,M. Fischer,2026-03-30T17:35:00,2026-03-31T04:54:59.131825,11.33,12,False,False
TS-12865,Drucker/Scanner,Mittel,A. Bauer,2026-05-13T09:02:00,2026-05-13T15:06:50.788615,6.08,8,False,False
TS-12866,Drucker/Scanner,Niedrig,A. Bauer,2026-02-03T08:48:00,2026-02-03T12:57:39.938233,4.16,8,False,False
TS-12867,Exchange-Umfeld,Mittel,A. Bauer,2026-03-31T15:35:00,2026-03-31T23:33:46.256454,7.98,12,False,False
TS-12868,Drucker/Scanner,Niedrig,M. Fischer,2026-03-25T07:46:00,2026-03-25T12:26:42.157406,4.68,8,False,True
TS-12869,Benutzerverwaltung,Niedrig,J. Schulz,2026-04-15T18:50:00,2026-04-15T21:50:50.652870,3.01,6,False,False
TS-12870,Drucker/Scanner,Mittel,M. Fischer,2026-04-16T17:17:00,2026-04-16T22:15:53.366501,4.98,8,False,True
TS-12871,Exchange-Umfeld,Niedrig,L. Hoffmann,2026-05-29T11:35:00,2026-05-29T18:54:06.154393,7.32,12,False,False
TS-12872,Benutzerverwaltung,Hoch,L. Hoffmann,2026-03-19T18:11:00,2026-03-19T19:17:44.317865,1.11,6,False,True
TS-12873,Benutzerverwaltung,Niedrig,S. Wagner,2026-03-10T13:38:00,2026-03-10T16:12:35.665649,2.58,6,False,True
TS-12874,Exchange-Umfeld,Mittel,K. Krueger,2026-05-06T17:52:00,2026-05-07T05:57:09.766560,12.09,12,True,False
TS-12875,Benutzerverwaltung,Niedrig,S. Wagner,2026-04-27T15:10:00,2026-04-27T17:17:18.149370,2.12,6,False,False
TS-12876,Drucker/Scanner,Niedrig,A. Bauer,2026-03-26T16:07:00,2026-03-26T18:37:16.968701,2.5,8,False,False
TS-12877,Drucker/Scanner,Niedrig,L. Hoffmann,2026-04-07T07:47:00,2026-04-07T12:14:39.045053,4.46,8,False,False
TS-12878,Exchange-Umfeld,Niedrig,L. Hoffmann,2026-02-17T07:18:00,2026-02-17T17:13:09.247736,9.92,12,False,False
TS-12879,Exchange-Umfeld,Niedrig,A. Bauer,2026-02-27T11:03:00,2026-02-27T15:56:46.613504,4.9,12,False,False
TS-12880,Drucker/Scanner,Mittel,A. Bauer,2026-04-30T10:22:00,2026-04-30T13:57:32.857554,3.59,8,False,False
TS-12881,Exchange-Umfeld,Hoch,S. Wagner,2026-01-08T16:33:00,2026-01-09T06:41:19.673092,14.14,12,True,False
TS-12882,Drucker/Scanner,Niedrig,S. Wagner,2026-04-14T15:47:00,2026-04-14T18:53:23.491138,3.11,8,False,False
TS-12883,Drucker/Scanner,Niedrig,M. Fischer,2026-02-13T07:47:00,2026-02-13T09:43:35.705876,1.94,8,False,True
TS-12884,Interne Fernbetreuung,Hoch,S. Wagner,2026-04-06T14:25:00,2026-04-06T19:06:50.296236,4.7,12,False,False
TS-12885,Drucker/Scanner,Niedrig,L. Hoffmann,2026-06-05T07:24:00,2026-06-05T10:59:47.709752,3.6,8,False,False
TS-12886,Interne Fernbetreuung,Mittel,J. Schulz,2026-04-03T16:59:00,2026-04-04T00:06:54.168441,7.13,12,False,False
TS-12887,Interne Fernbetreuung,Niedrig,J. Schulz,2026-03-04T17:09:00,2026-03-05T01:54:10.349482,8.75,12,False,False
TS-12888,Benutzerverwaltung,Niedrig,S. Wagner,2026-06-16T15:11:00,2026-06-16T18:58:42.356926,3.8,6,False,False
TS-12889,Interne Fernbetreuung,Mittel,J. Schulz,2026-01-09T18:36:00,2026-01-10T08:22:18.929926,13.77,12,True,False
TS-12890,Interne Fernbetreuung,Mittel,K. Krueger,2026-05-14T14:53:00,2026-05-14T16:09:27.391072,1.27,12,False,False
TS-12891,Drucker/Scanner,Mittel,S. Wagner,2026-06-30T15:12:00,2026-06-30T21:44:14.992334,6.54,8,False,False
TS-12892,Benutzerverwaltung,Niedrig,M. Fischer,2026-03-19T17:50:00,2026-03-19T21:18:10.361383,3.47,6,False,True
TS-12893,Benutzerverwaltung,Niedrig,K. Krueger,2026-03-03T14:02:00,2026-03-03T18:56:48.547883,4.91,6,False,False
TS-12894,Drucker/Scanner,Mittel,L. Hoffmann,2026-04-09T08:56:00,2026-04-09T11:56:01.220931,3.0,8,False,False
TS-12895,Drucker/Scanner,Mittel,A. Bauer,2026-04-29T09:44:00,2026-04-29T16:08:35.412238,6.41,8,False,True
TS-12896,Interne Fernbetreuung,Hoch,K. Krueger,2026-05-28T12:28:00,2026-05-28T18:40:18.067450,6.21,12,False,False
TS-12897,Benutzerverwaltung,Niedrig,L. Hoffmann,2026-05-28T17:09:00,2026-05-28T17:24:00,0.25,6,False,True
TS-12898,Exchange-Umfeld,Niedrig,M. Fischer,2026-04-22T11:16:00,2026-04-22T21:35:13.427207,10.32,12,False,False
TS-12899,Exchange-Umfeld,Niedrig,L. Hoffmann,2026-01-16T12:20:00,2026-01-16T15:34:12.701462,3.24,12,False,False
TS-12900,Interne Fernbetreuung,Mittel,A. Bauer,2026-02-10T14:16:00,2026-02-10T20:59:09.617169,6.72,12,False,False
TS-12901,Exchange-Umfeld,Hoch,M. Fischer,2026-03-18T08:44:00,2026-03-18T17:54:25.292418,9.17,12,False,False
TS-12902,Interne Fernbetreuung,Hoch,A. Bauer,2026-03-20T17:35:00,2026-03-21T01:45:26.794187,8.17,12,False,False
TS-12903,Exchange-Umfeld,Mittel,S. Wagner,2026-06-24T18:04:00,2026-06-25T01:00:39.919892,6.94,12,False,False
TS-12904,Interne Fernbetreuung,Niedrig,L. Hoffmann,2026-06-26T14:57:00,2026-06-27T00:29:00.902195,9.53,12,False,False
TS-12905,Drucker/Scanner,Niedrig,S. Wagner,2026-01-02T07:00:00,2026-01-02T11:32:09.479741,4.54,8,False,False
TS-12906,Interne Fernbetreuung,Niedrig,A. Bauer,2026-02-25T15:08:00,2026-02-25T16:23:06.961404,1.25,12,False,False
TS-12907,Benutzerverwaltung,Mittel,S. Wagner,2026-04-23T18:48:00,2026-04-23T21:53:21.891031,3.09,6,False,False
TS-12908,Interne Fernbetreuung,Mittel,K. Krueger,2026-04-17T18:29:00,2026-04-18T06:56:43.426477,12.46,12,True,False
TS-12909,Benutzerverwaltung,Niedrig,M. Fischer,2026-04-17T11:24:00,2026-04-17T14:47:04.175706,3.38,6,False,False
TS-12910,Interne Fernbetreuung,Niedrig,L. Hoffmann,2026-02-25T11:33:00,2026-02-25T19:40:10.468507,8.12,12,False,False
TS-12911,Interne Fernbetreuung,Mittel,K. Krueger,2026-05-12T17:20:00,2026-05-12T22:15:13.397551,4.92,12,False,False
TS-12912,Interne Fernbetreuung,Hoch,A. Bauer,2026-04-13T16:33:00,2026-04-13T22:21:17.203484,5.8,12,False,False
TS-12913,Benutzerverwaltung,Mittel,M. Fischer,2026-03-18T09:16:00,2026-03-18T15:34:04.886042,6.3,6,True,False
TS-12914,Exchange-Umfeld,Niedrig,M. Fischer,2026-04-02T12:37:00,2026-04-03T00:43:59.921752,12.12,12,True,False
TS-12915,Benutzerverwaltung,Niedrig,J. Schulz,2026-06-03T10:51:00,2026-06-03T16:04:07.601350,5.22,6,False,True
TS-12916,Interne Fernbetreuung,Mittel,A. Bauer,2026-06-22T09:37:00,2026-06-22T11:19:15.668322,1.7,12,False,False
TS-12917,Interne Fernbetreuung,Niedrig,K. Krueger,2026-02-18T16:03:00,2026-02-19T00:29:27.339382,8.44,12,False,False
TS-12918,Interne Fernbetreuung,Mittel,J. Schulz,2026-04-27T16:01:00,2026-04-27T20:30:29.182878,4.49,12,False,False
TS-12919,Benutzerverwaltung,Niedrig,L. Hoffmann,2026-02-20T12:58:00,2026-02-20T15:46:20.657744,2.81,6,False,False
TS-12920,Benutzerverwaltung,Mittel,J. Schulz,2026-04-13T07:25:00,2026-04-13T09:16:47.859905,1.86,6,False,True
TS-12921,Benutzerverwaltung,Niedrig,S. Wagner,2026-06-24T10:59:00,2026-06-24T13:31:45.008706,2.55,6,False,True
TS-12922,Exchange-Umfeld,Mittel,S. Wagner,2026-01-14T07:25:00,2026-01-14T14:08:38.279291,6.73,12,False,False
TS-12923,Interne Fernbetreuung,Mittel,L. Hoffmann,2026-02-12T18:16:00,2026-02-12T22:10:50.520978,3.91,12,False,False
TS-12924,Benutzerverwaltung,Niedrig,K. Krueger,2026-03-16T08:49:00,2026-03-16T12:31:18.211936,3.71,6,False,False
TS-12925,Exchange-Umfeld,Hoch,L. Hoffmann,2026-03-25T15:44:00,2026-03-25T17:56:20.816001,2.21,12,False,False
TS-12926,Benutzerverwaltung,Niedrig,L. Hoffmann,2026-06-25T11:27:00,2026-06-25T13:12:19.307138,1.76,6,False,False
TS-12927,Benutzerverwaltung,Mittel,S. Wagner,2026-04-10T14:25:00,2026-04-10T18:38:19.956992,4.22,6,False,True
TS-12928,Benutzerverwaltung,Niedrig,K. Krueger,2026-02-18T18:00:00,2026-02-18T20:46:45.938434,2.78,6,False,False
TS-12929,Benutzerverwaltung,Niedrig,L. Hoffmann,2026-03-04T18:03:00,2026-03-04T21:51:52.059392,3.81,6,False,True
TS-12930,Drucker/Scanner,Hoch,M. Fischer,2026-06-01T15:20:00,2026-06-01T21:44:44.281344,6.41,8,False,False
TS-12931,Exchange-Umfeld,Hoch,A. Bauer,2026-02-25T15:06:00,2026-02-26T01:36:52.641274,10.51,12,False,False
TS-12932,Exchange-Umfeld,Niedrig,A. Bauer,2026-01-27T15:43:00,2026-01-28T04:32:34.525325,12.83,12,True,False
TS-12933,Interne Fernbetreuung,Mittel,K. Krueger,2026-03-25T18:01:00,2026-03-25T23:49:53.734582,5.81,12,False,False
TS-12934,Drucker/Scanner,Niedrig,J. Schulz,2026-05-21T10:14:00,2026-05-21T13:31:49.525610,3.3,8,False,True
TS-12935,Interne Fernbetreuung,Niedrig,L. Hoffmann,2026-04-17T16:14:00,2026-04-18T02:03:29.649183,9.82,12,False,False
TS-12936,Drucker/Scanner,Hoch,L. Hoffmann,2026-05-11T10:47:00,2026-05-11T14:42:26.436184,3.92,8,False,False
TS-12937,Interne Fernbetreuung,Mittel,L. Hoffmann,2026-02-17T18:41:00,2026-02-17T22:31:48.420599,3.85,12,False,False
TS-12938,Drucker/Scanner,Niedrig,A. Bauer,2026-05-29T07:29:00,2026-05-29T11:09:02.073913,3.67,8,False,False
TS-12939,Benutzerverwaltung,Hoch,A. Bauer,2026-06-11T09:24:00,2026-06-11T10:21:51.779485,0.96,6,False,False
TS-12940,Exchange-Umfeld,Niedrig,M. Fischer,2026-01-08T07:50:00,2026-01-09T02:20:26.380140,18.51,12,True,False
TS-12941,Interne Fernbetreuung,Niedrig,L. Hoffmann,2026-02-11T16:27:00,2026-02-12T02:43:56.196683,10.28,12,False,False
TS-12942,Drucker/Scanner,Niedrig,J. Schulz,2026-06-15T07:11:00,2026-06-15T13:45:16.364650,6.57,8,False,True
TS-12943,Benutzerverwaltung,Mittel,M. Fischer,2026-06-01T09:03:00,2026-06-01T13:01:06.478823,3.97,6,False,False
TS-12944,Drucker/Scanner,Niedrig,K. Krueger,2026-04-16T11:24:00,2026-04-16T15:04:05.248740,3.67,8,False,False
TS-12945,Benutzerverwaltung,Hoch,L. Hoffmann,2026-05-12T09:15:00,2026-05-12T11:48:36.168514,2.56,6,False,False
TS-12946,Drucker/Scanner,Mittel,S. Wagner,2026-06-17T17:47:00,2026-06-17T19:53:19.926760,2.11,8,False,False
TS-12947,Exchange-Umfeld,Niedrig,M. Fischer,2026-06-08T07:25:00,2026-06-08T12:32:37.136113,5.13,12,False,False
TS-12948,Exchange-Umfeld,Mittel,S. Wagner,2026-02-05T14:35:00,2026-02-05T21:48:17.273292,7.22,12,False,False
TS-12949,Benutzerverwaltung,Mittel,S. Wagner,2026-04-22T12:31:00,2026-04-22T16:16:12.460505,3.75,6,False,False
TS-12950,Drucker/Scanner,Mittel,J. Schulz,2026-02-24T09:20:00,2026-02-24T12:26:29.465914,3.11,8,False,True
TS-12951,Benutzerverwaltung,Niedrig,J. Schulz,2026-02-12T17:39:00,2026-02-12T23:25:07.190464,5.77,6,False,False
TS-12952,Drucker/Scanner,Mittel,K. Krueger,2026-04-28T08:46:00,2026-04-28T12:53:12.699574,4.12,8,False,True
TS-12953,Drucker/Scanner,Hoch,A. Bauer,2026-01-13T12:20:00,2026-01-13T18:26:23.982652,6.11,8,False,False
TS-12954,Drucker/Scanner,Niedrig,J. Schulz,2026-04-28T10:39:00,2026-04-28T16:25:29.368866,5.77,8,False,False
TS-12955,Drucker/Scanner,Mittel,A. Bauer,2026-06-29T14:20:00,2026-06-29T18:06:38.049726,3.78,8,False,True
TS-12956,Benutzerverwaltung,Niedrig,S. Wagner,2026-04-07T14:15:00,2026-04-07T18:09:43.509928,3.91,6,False,True
TS-12957,Benutzerverwaltung,Hoch,K. Krueger,2026-03-10T10:09:00,2026-03-10T11:15:33.736644,1.11,6,False,False
TS-12958,Interne Fernbetreuung,Mittel,M. Fischer,2026-01-29T17:54:00,2026-01-29T23:24:37.603371,5.51,12,False,False
TS-12959,Drucker/Scanner,Niedrig,K. Krueger,2026-06-29T09:08:00,2026-06-29T17:06:32.114420,7.98,8,False,False
TS-12960,Drucker/Scanner,Niedrig,S. Wagner,2026-02-24T18:26:00,2026-02-24T21:12:16.049445,2.77,8,False,True
TS-12961,Exchange-Umfeld,Mittel,L. Hoffmann,2026-05-08T10:56:00,2026-05-08T18:53:13.249633,7.95,12,False,False
TS-12962,Exchange-Umfeld,Niedrig,L. Hoffmann,2026-05-14T09:24:00,2026-05-15T04:36:11.227794,19.2,12,True,False
TS-12963,Interne Fernbetreuung,Mittel,A. Bauer,2026-01-22T12:32:00,2026-01-22T15:49:08.452724,3.29,12,False,False
TS-12964,Interne Fernbetreuung,Mittel,S. Wagner,2026-04-01T16:13:00,2026-04-01T18:05:02.316988,1.87,12,False,False
TS-12965,Drucker/Scanner,Mittel,L. Hoffmann,2026-03-18T14:16:00,2026-03-18T16:06:34.547399,1.84,8,False,True
TS-12966,Drucker/Scanner,Niedrig,L. Hoffmann,2026-05-01T16:05:00,2026-05-01T21:57:59.718474,5.88,8,False,True
TS-12967,Drucker/Scanner,Mittel,K. Krueger,2026-04-24T09:21:00,2026-04-24T11:37:15.405134,2.27,8,False,False
TS-12968,Exchange-Umfeld,Mittel,L. Hoffmann,2026-04-27T11:24:00,2026-04-27T19:21:10.175977,7.95,12,False,False
TS-12969,Interne Fernbetreuung,Mittel,L. Hoffmann,2026-06-04T17:39:00,2026-06-04T20:07:50.334001,2.48,12,False,False
TS-12970,Benutzerverwaltung,Hoch,M. Fischer,2026-03-19T18:06:00,2026-03-19T20:15:59.454277,2.17,6,False,False
TS-12971,Benutzerverwaltung,Mittel,S. Wagner,2026-05-26T10:06:00,2026-05-26T14:10:20.751255,4.07,6,False,True
TS-12972,Interne Fernbetreuung,Niedrig,M. Fischer,2026-05-21T08:14:00,2026-05-21T12:37:27.578504,4.39,12,False,False
TS-12973,Interne Fernbetreuung,Mittel,S. Wagner,2026-03-18T15:42:00,2026-03-18T16:07:16.149221,0.42,12,False,False
TS-12974,Drucker/Scanner,Hoch,J. Schulz,2026-03-18T17:07:00,2026-03-18T20:57:46.914651,3.85,8,False,True
TS-12975,Drucker/Scanner,Mittel,A. Bauer,2026-04-10T09:30:00,2026-04-10T13:44:46.891929,4.25,8,False,False
TS-12976,Drucker/Scanner,Niedrig,K. Krueger,2026-02-04T13:10:00,2026-02-04T20:53:33.644770,7.73,8,False,False
TS-12977,Exchange-Umfeld,Niedrig,S. Wagner,2026-01-20T12:27:00,2026-01-21T03:06:38.520866,14.66,12,True,False
TS-12978,Interne Fernbetreuung,Mittel,L. Hoffmann,2026-04-29T07:52:00,2026-04-29T13:54:47.920873,6.05,12,False,False
TS-12979,Drucker/Scanner,Niedrig,M. Fischer,2026-01-09T09:40:00,2026-01-09T13:26:43.638345,3.78,8,False,True
TS-12980,Drucker/Scanner,Niedrig,S. Wagner,2026-03-05T14:54:00,2026-03-05T20:04:27.597421,5.17,8,False,True
TS-12981,Drucker/Scanner,Niedrig,A. Bauer,2026-01-21T09:22:00,2026-01-21T14:14:19.476632,4.87,8,False,True
TS-12982,Exchange-Umfeld,Niedrig,J. Schulz,2026-04-02T11:01:00,2026-04-02T12:51:59.854559,1.85,12,False,False
TS-12983,Benutzerverwaltung,Mittel,A. Bauer,2026-01-27T13:38:00,2026-01-27T20:24:05.324470,6.77,6,True,False
TS-12984,Drucker/Scanner,Mittel,S. Wagner,2026-06-23T12:23:00,2026-06-23T19:49:00.099160,7.43,8,False,True
TS-12985,Benutzerverwaltung,Niedrig,J. Schulz,2026-03-25T14:54:00,2026-03-25T15:33:39.603306,0.66,6,False,True
TS-12986,Exchange-Umfeld,Hoch,A. Bauer,2026-03-31T07:18:00,2026-03-31T14:29:23.028250,7.19,12,False,False
TS-12987,Benutzerverwaltung,Mittel,L. Hoffmann,2026-04-01T11:46:00,2026-04-01T14:57:59.724224,3.2,6,False,True
TS-12988,Benutzerverwaltung,Hoch,A. Bauer,2026-06-04T10:29:00,2026-06-04T10:44:00,0.25,6,False,True
TS-12989,Benutzerverwaltung,Mittel,S. Wagner,2026-06-10T13:22:00,2026-06-10T16:45:20.213038,3.39,6,False,False
TS-12990,Exchange-Umfeld,Niedrig,M. Fischer,2026-06-24T09:41:00,2026-06-24T16:39:32.008411,6.98,12,False,False
TS-12991,Drucker/Scanner,Mittel,L. Hoffmann,2026-06-02T07:25:00,2026-06-02T10:09:28.205707,2.74,8,False,False
TS-12992,Exchange-Umfeld,Hoch,M. Fischer,2026-03-30T14:18:00,2026-03-30T21:02:52.884001,6.75,12,False,False
TS-12993,Drucker/Scanner,Mittel,K. Krueger,2026-05-21T07:42:00,2026-05-21T11:32:03.253861,3.83,8,False,True
TS-12994,Exchange-Umfeld,Mittel,S. Wagner,2026-04-03T12:37:00,2026-04-03T14:48:27.340556,2.19,12,False,False
TS-12995,Benutzerverwaltung,Mittel,K. Krueger,2026-06-29T07:22:00,2026-06-29T10:26:43.855707,3.08,6,False,False
TS-12996,Exchange-Umfeld,Hoch,M. Fischer,2026-03-13T15:09:00,2026-03-13T23:21:49.286552,8.21,12,False,False
TS-12997,Drucker/Scanner,Niedrig,K. Krueger,2026-02-26T11:15:00,2026-02-26T13:52:35.353440,2.63,8,False,False
TS-12998,Interne Fernbetreuung,Mittel,L. Hoffmann,2026-01-27T12:42:00,2026-01-27T14:51:51.371302,2.16,12,False,False
TS-12999,Interne Fernbetreuung,Hoch,K. Krueger,2026-06-16T16:17:00,2026-06-16T21:18:15.540236,5.02,12,False,False
